time_s,f_t
2.6477019959196887e-07,0.9999428879913392
5.295403991839377e-07,0.9998645917206077
7.943105987759066e-07,0.9997546160328903
1.0590807983678755e-06,0.9996122022598679
1.3238509979598443e-06,0.9994359439999094
1.5886211975518132e-06,0.9992260802858732
1.853391397143782e-06,0.9989806709055894
2.118161596735751e-06,0.9987012511956529
2.38293179632772e-06,0.9983868062268146
2.6477019959196887e-06,0.9980373088867017
2.9124721955116576e-06,0.9976628398012625
3.1772423951036264e-06,0.9972559113248861
3.4420125946955953e-06,0.9968172638387639
3.706782794287564e-06,0.9963536893142159
3.971552993879533e-06,0.9958443104774006
4.236323193471502e-06,0.9953150574275178
4.501093393063471e-06,0.9947419783159448
4.76586359265544e-06,0.9941498511664021
5.0306337922474085e-06,0.9935272869095745
5.295403991839377e-06,0.9928834112852766
5.560174191431346e-06,0.9922054703715085
5.824944391023315e-06,0.9914971994532408
6.089714590615284e-06,0.9907806185939623
6.354484790207253e-06,0.9900211838928031
6.619254989799222e-06,0.9892457040473065
6.884025189391191e-06,0.9884251432730569
7.1487953889831595e-06,0.9876061656761587
7.413565588575128e-06,0.9867282475210553
7.678335788167098e-06,0.9858560944135434
7.943105987759066e-06,0.9849261852679903
8.207876187351034e-06,0.9839761526212655
8.472646386943004e-06,0.9830397375116794
8.737416586534974e-06,0.9820388310560465
9.002186786126942e-06,0.9810250228841612
9.26695698571891e-06,0.9799867352075713
9.53172718531088e-06,0.9789284824373635
9.796497384902849e-06,0.9778562258950794
1.0061267584494817e-05,0.9767144081443997
1.0326037784086785e-05,0.9756014638005781
1.0590807983678755e-05,0.9744589572974061
1.0855578183270724e-05,0.973324633888312
1.1120348382862692e-05,0.9720936369172498
1.138511858245466e-05,0.9708908850681851
1.164988878204663e-05,0.9696571109862369
1.19146589816386e-05,0.96836406875772
1.2179429181230568e-05,0.9671103448020704
1.2444199380822536e-05,0.9658007551505025
1.2708969580414506e-05,0.9644774807374937
1.2973739780006475e-05,0.9631476100218217
1.3238509979598443e-05,0.9617693697119738
1.3503280179190411e-05,0.9603902601527666
1.3768050378782381e-05,0.9589720548870606
1.4032820578374351e-05,0.9575447971407912
1.4297590777966319e-05,0.9561444755972913
1.4562360977558287e-05,0.9546737011084798
1.4827131177150257e-05,0.9532044161498754
1.5091901376742226e-05,0.9517169527624553
1.5356671576334196e-05,0.9502000893998875
1.5621441775926162e-05,0.9487467160746439
1.5886211975518132e-05,0.9472329576716298
1.6150982175110102e-05,0.9457139992516672
1.6415752374702068e-05,0.9441566236454564
1.6680522574294038e-05,0.9425924738134224
1.6945292773886008e-05,0.9410466072142604
1.7210062973477977e-05,0.9394903573283151
1.7474833173069947e-05,0.9378898257379565
1.7739603372661913e-05,0.9362819516701782
1.8004373572253883e-05,0.9346745698029171
1.8269143771845853e-05,0.9330438726640341
1.853391397143782e-05,0.9314393838418372
1.879868417102979e-05,0.9297664789949583
1.906345437062176e-05,0.9280954217765649
1.9328224570213728e-05,0.9264742233280457
1.9592994769805698e-05,0.924808805119102
1.9857764969397664e-05,0.9231055051952574
2.0122535168989634e-05,0.9214381730074384
2.0387305368581604e-05,0.91975463082096
2.065207556817357e-05,0.9180192359212261
2.091684576776554e-05,0.9162534298393504
2.118161596735751e-05,0.9145887846484895
2.144638616694948e-05,0.9128837651232107
2.171115636654145e-05,0.9112230471316091
2.1975926566133415e-05,0.9095018762393188
2.2240696765725385e-05,0.9078044043491942
2.2505466965317355e-05,0.9060361713129919
2.277023716490932e-05,0.9043075217519982
2.303500736450129e-05,0.9025544525047957
2.329977756409326e-05,0.9008002859199116
2.356454776368523e-05,0.8990524969388877
2.38293179632772e-05,0.8972922369066664
2.4094088162869166e-05,0.8955654744790462
2.4358858362461136e-05,0.8938071320049473
2.4623628562053106e-05,0.8920500559027835
2.4888398761645072e-05,0.8903026252674843
2.5153168961237042e-05,0.888570721766395
2.541793916082901e-05,0.8868534096241171
2.568270936042098e-05,0.8850744593796165
2.594747956001295e-05,0.8834020345184063
2.6212249759604917e-05,0.8816984245534653
2.6477019959196887e-05,0.8799809817706595
2.6741790158788857e-05,0.8781765887886364
2.7006560358380823e-05,0.8764659960869489
2.7271330557972793e-05,0.8747394548540315
2.7536100757564762e-05,0.8729769408173085
2.7800870957156732e-05,0.8712114938428988
2.8065641156748702e-05,0.8694621604328753
2.8330411356340668e-05,0.8677424021879172
2.8595181555932638e-05,0.8659863514197023
2.8859951755524608e-05,0.8642574915543364
2.9124721955116574e-05,0.8625108634572287
2.9389492154708544e-05,0.8607708475982041
2.9654262354300513e-05,0.8589932223661827
2.9919032553892483e-05,0.8572441516473853
3.0183802753484453e-05,0.85554872015594
3.044857295307642e-05,0.8538349957223718
3.071334315266839e-05,0.8520488838799997
3.097811335226036e-05,0.8503315112658734
3.1242883551852325e-05,0.8486196351890545
3.15076537514443e-05,0.8468249869633988
3.1772423951036264e-05,0.8451572698163813
3.203719415062823e-05,0.84348785155918
3.2301964350220204e-05,0.8417417654121195
3.256673454981217e-05,0.8400898976612645
3.2831504749404136e-05,0.8384246003165118
3.309627494899611e-05,0.8366901225896033
3.3361045148588076e-05,0.8349496846413715
3.362581534818005e-05,0.8332022791388157
3.3890585547772015e-05,0.8315347512823205
3.415535574736398e-05,0.829824548585961
3.4420125946955955e-05,0.8281812354592238
3.468489614654792e-05,0.8265536675292537
3.4949666346139894e-05,0.8249402450230702
3.521443654573186e-05,0.8233254641613514
3.547920674532383e-05,0.8216868932864377
3.57439769449158e-05,0.820035001046255
3.6008747144507766e-05,0.8183881797577237
3.627351734409973e-05,0.8168283855806662
3.6538287543691706e-05,0.8152016516662257
3.680305774328367e-05,0.8136108180561394
3.706782794287564e-05,0.8120186776118223
3.733259814246761e-05,0.8104847936054463
3.759736834205958e-05,0.8088524951926767
3.786213854165155e-05,0.8072114257291821
3.812690874124352e-05,0.8056995214629789
3.8391678940835483e-05,0.8041435994339444
3.8656449140427457e-05,0.8026123561781368
3.892121934001942e-05,0.8010652876875894
3.9185989539611396e-05,0.7995034320394464
3.945075973920336e-05,0.7979527993027387
3.971552993879533e-05,0.796457611693515
3.99803001383873e-05,0.7949577518770212
4.024507033797927e-05,0.7934751818720747
4.0509840537571234e-05,0.791987355016627
4.077461073716321e-05,0.7905576939127275
4.1039380936755174e-05,0.7890749944962722
4.130415113634714e-05,0.7875774136273749
4.156892133593911e-05,0.7861197202843212
4.183369153553108e-05,0.7846897623926803
4.209846173512305e-05,0.7832431316626014
4.236323193471502e-05,0.781783359563351
4.2628002134306985e-05,0.7803029435467891
4.289277233389896e-05,0.7787844202682972
4.3157542533490925e-05,0.777346990383199
4.34223127330829e-05,0.7759542847592014
4.3687082932674864e-05,0.7745647474422771
4.395185313226683e-05,0.773160854936485
4.4216623331858804e-05,0.7717440396442049
4.448139353145077e-05,0.7703576740373069
4.4746163731042736e-05,0.7689844777830305
4.501093393063471e-05,0.7676842655603598
4.5275704130226676e-05,0.7663920456451397
4.554047432981864e-05,0.7650394261578406
4.5805244529410615e-05,0.763737566845373
4.607001472900258e-05,0.7624375732804214
4.6334784928594555e-05,0.7610819279835147
4.659955512818652e-05,0.7598499513256385
4.686432532777849e-05,0.758562800939095
4.712909552737046e-05,0.7573156329993134
4.739386572696243e-05,0.7559892012625631
4.76586359265544e-05,0.7547427851348663
4.7923406126146366e-05,0.7534100220944565
4.818817632573833e-05,0.7521024836195638
4.8452946525330306e-05,0.7508639412531348
4.871771672492227e-05,0.7496074983365393
4.898248692451424e-05,0.7483087199078227
4.924725712410621e-05,0.7470295851770972
4.951202732369818e-05,0.7457404875563794
4.9776797523290144e-05,0.7445710897796202
5.004156772288212e-05,0.7434428217415386
5.0306337922474083e-05,0.74230115596047
5.0571108122066057e-05,0.7411351307055307
5.083587832165802e-05,0.740007992863477
5.110064852124999e-05,0.7388365616067616
5.136541872084196e-05,0.7375712742940399
5.163018892043393e-05,0.7364534899438042
5.18949591200259e-05,0.7352180699147353
5.215972931961787e-05,0.7340682084062098
5.2424499519209834e-05,0.7329538956802211
5.268926971880181e-05,0.7318607924600428
5.2954039918393774e-05,0.730723036438236
5.321881011798574e-05,0.7295306409207063
5.348358031757771e-05,0.7284152975066442
5.374835051716968e-05,0.7273073041727451
5.4013120716761646e-05,0.7262455809234665
5.427789091635362e-05,0.7250710844376045
5.4542661115945585e-05,0.7240372293028754
5.480743131553756e-05,0.7229724577231981
5.5072201515129525e-05,0.7218517393652829
5.533697171472149e-05,0.7208139811245087
5.5601741914313464e-05,0.7198299686207963
5.586651211390543e-05,0.718789317704035
5.6131282313497404e-05,0.7177168943305907
5.639605251308937e-05,0.7167619419186159
5.6660822712681336e-05,0.715724204009227
5.692559291227331e-05,0.7147251097229699
5.7190363111865276e-05,0.7137722557572297
5.745513331145724e-05,0.712816724441287
5.7719903511049215e-05,0.7118067147650183
5.798467371064118e-05,0.7108796827898995
5.824944391023315e-05,0.7098702924419394
5.851421410982512e-05,0.70890386736954
5.877898430941709e-05,0.7078975388220548
5.904375450900906e-05,0.7069404113665184
5.930852470860103e-05,0.7059748637819487
5.957329490819299e-05,0.7050082861540978
5.9838065107784966e-05,0.7040983766685663
6.010283530737693e-05,0.7031910099372818
6.0367605506968906e-05,0.7022440434355289
6.063237570656087e-05,0.7013189667353376
6.089714590615284e-05,0.7003699508497666
6.11619161057448e-05,0.6994826428045844
6.142668630533678e-05,0.6986201374162045
6.169145650492875e-05,0.6977247911056871
6.195622670452072e-05,0.6968965620066122
6.222099690411268e-05,0.6960410150266793
6.248576710370465e-05,0.6951617528088859
6.275053730329662e-05,0.6942910420694024
6.30153075028886e-05,0.6934204561469507
6.328007770248056e-05,0.6926149357864309
6.354484790207253e-05,0.6917937462102081
6.38096181016645e-05,0.6909781045407024
6.407438830125646e-05,0.6902070868631272
6.433915850084844e-05,0.6893927447568503
6.460392870044041e-05,0.6885381107433479
6.486869890003237e-05,0.687766267114981
6.513346909962434e-05,0.6870040174662454
6.53982392992163e-05,0.6861805576676573
6.566300949880827e-05,0.6853741085829387
6.592777969840025e-05,0.6846594498529708
6.619254989799222e-05,0.6839135349672479
6.645732009758419e-05,0.6831813118144598
6.672209029717615e-05,0.682436604389037
6.698686049676812e-05,0.6816574861050307
6.72516306963601e-05,0.6808895199839323
6.751640089595206e-05,0.6801984251873088
6.778117109554403e-05,0.6794591940724991
6.8045941295136e-05,0.6786601555409596
6.831071149472796e-05,0.677864888102632
6.857548169431994e-05,0.6771693174559409
6.884025189391191e-05,0.6764565212395439
6.910502209350388e-05,0.6757052654468708
6.936979229309584e-05,0.6750224666968438
6.963456249268781e-05,0.6742927711853834
6.989933269227979e-05,0.6735929651771482
7.016410289187175e-05,0.6729139994520772
7.042887309146372e-05,0.6721711461233539
7.069364329105569e-05,0.6715026451542763
7.095841349064765e-05,0.6707898222909913
7.122318369023962e-05,0.6702115141022942
7.14879538898316e-05,0.6695357062432944
7.175272408942357e-05,0.668927401775139
7.201749428901553e-05,0.6682706781732016
7.22822644886075e-05,0.6676531351343522
7.254703468819947e-05,0.6671238838436744
7.281180488779144e-05,0.6664523236276375
7.307657508738341e-05,0.6658075135085338
7.334134528697538e-05,0.6652245526077385
7.360611548656734e-05,0.6645723210577019
7.387088568615931e-05,0.6639831288069769
7.413565588575128e-05,0.6633807329437778
7.440042608534326e-05,0.6628159844358922
7.466519628493522e-05,0.6622027376040808
7.492996648452719e-05,0.6615917146206206
7.519473668411916e-05,0.6610032069313265
7.545950688371112e-05,0.6603423950265334
7.57242770833031e-05,0.6598052758598522
7.598904728289507e-05,0.6592091902396476
7.625381748248703e-05,0.6585350393332424
7.6518587682079e-05,0.6579296745855094
7.678335788167097e-05,0.6573591973290787
7.704812808126295e-05,0.6567754408969189
7.731289828085491e-05,0.6562197910779243
7.757766848044688e-05,0.655628208511325
7.784243868003885e-05,0.6550546618611831
7.810720887963081e-05,0.654513484283474
7.837197907922279e-05,0.6539901614159623
7.863674927881476e-05,0.6534493820263286
7.890151947840672e-05,0.6529442632684476
7.916628967799869e-05,0.6523628023895369
7.943105987759066e-05,0.6518043770172475
7.969583007718262e-05,0.6512598873864422
7.99606002767746e-05,0.6507609145804947
8.022537047636657e-05,0.6502655644154012
8.049014067595854e-05,0.6497366472555053
8.07549108755505e-05,0.649265635350781
8.101968107514247e-05,0.6487668501793592
8.128445127473445e-05,0.6482453531588757
8.154922147432642e-05,0.6477667776890429
8.181399167391838e-05,0.647238640305095
8.207876187351035e-05,0.6467412607901046
8.234353207310231e-05,0.6463352846162493
8.260830227269428e-05,0.6458700060295097
8.287307247228626e-05,0.6454196561445666
8.313784267187823e-05,0.6449248876704418
8.340261287147019e-05,0.6444495018345368
8.366738307106216e-05,0.6439258239991252
8.393215327065413e-05,0.6434723225734341
8.41969234702461e-05,0.6430313732825074
8.446169366983807e-05,0.642578528351832
8.472646386943004e-05,0.6420875369925386
8.4991234069022e-05,0.641623167019325
8.525600426861397e-05,0.6412039292265796
8.552077446820595e-05,0.6407301061659143
8.578554466779792e-05,0.6402840518213625
8.605031486738988e-05,0.6397776586510651
8.631508506698185e-05,0.6393794655200917
8.657985526657382e-05,0.6389212067260317
8.68446254661658e-05,0.6384983048869496
8.710939566575776e-05,0.638060076079231
8.737416586534973e-05,0.6375897435294163
8.76389360649417e-05,0.637175091223256
8.790370626453366e-05,0.6367025447480302
8.816847646412563e-05,0.6362797260401171
8.843324666371761e-05,0.6358628911250392
8.869801686330957e-05,0.6354514040881547
8.896278706290154e-05,0.6350526194598131
8.92275572624935e-05,0.6346133062471796
8.949232746208547e-05,0.6341815967255836
8.975709766167745e-05,0.6337900054436694
9.002186786126942e-05,0.6333772317835177
9.028663806086139e-05,0.6329959463858794
9.055140826045335e-05,0.6325330178884935
9.081617846004532e-05,0.6321650143887646
9.108094865963728e-05,0.6317960223668304
9.134571885922926e-05,0.6313837067927568
9.161048905882123e-05,0.6309431601454666
9.18752592584132e-05,0.6305499796218381
9.214002945800516e-05,0.6301398872184246
9.240479965759713e-05,0.6297674689186784
9.266956985718911e-05,0.6293854632875082
9.293434005678108e-05,0.6290235354395828
9.319911025637304e-05,0.6286504722863283
9.346388045596501e-05,0.6282690893882785
9.372865065555697e-05,0.6279517422170635
9.399342085514895e-05,0.6276207326470744
9.425819105474092e-05,0.6272761553974329
9.452296125433289e-05,0.6269274715787504
9.478773145392485e-05,0.6265000314132484
9.505250165351682e-05,0.6261855638940662
9.53172718531088e-05,0.6258459775802657
9.558204205270077e-05,0.6255106677308695
9.584681225229273e-05,0.625091741392299
9.61115824518847e-05,0.624755284052828
9.637635265147666e-05,0.6244399207646432
9.664112285106863e-05,0.6241409455131358
9.690589305066061e-05,0.6237765072872359
9.717066325025258e-05,0.6234342630588416
9.743543344984454e-05,0.6230571065045614
9.770020364943651e-05,0.6227212126835836
9.796497384902848e-05,0.6223688149644466
9.822974404862046e-05,0.6220348367304502
9.849451424821242e-05,0.6217197822678316
9.875928444780439e-05,0.6214419257585031
9.902405464739636e-05,0.621069054177869
9.928882484698832e-05,0.6208245445741848
9.955359504658029e-05,0.6205198148606407
9.981836524617227e-05,0.6202578025240727
0.00010008313544576423,0.6199841688168978
0.0001003479056453562,0.6196538839218539
0.00010061267584494817,0.6193588193593088
0.00010087744604454013,0.619085462402781
0.00010114221624413211,0.6188614419252286
0.00010140698644372408,0.6185525800871848
0.00010167175664331605,0.61826787714056
0.00010193652684290801,0.6179717854289816
0.00010220129704249998,0.6177263732423195
0.00010246606724209196,0.6174487114272497
0.00010273083744168392,0.6172090165696598
0.00010299560764127589,0.6169494695069335
0.00010326037784086786,0.616687294342328
0.00010352514804045982,0.6164091590982334
0.0001037899182400518,0.6161120453221631
0.00010405468843964377,0.6158822807948955
0.00010431945863923574,0.6155551956141556
0.0001045842288388277,0.6152579856061384
0.00010484899903841967,0.614956679022945
0.00010511376923801164,0.6146197356881513
0.00010537853943760361,0.6143696477197486
0.00010564330963719558,0.614133639348759
0.00010590807983678755,0.6138467606114342
0.00010617285003637951,0.6135963445083389
0.00010643762023597148,0.6133486442195523
0.00010670239043556346,0.6130689011215746
0.00010696716063515543,0.6128552093162475
0.00010723193083474739,0.6125733982760209
0.00010749670103433936,0.612294541692206
0.00010776147123393133,0.6120829608617674
0.00010802624143352329,0.6118361576908168
0.00010829101163311527,0.6115414086699273
0.00010855578183270724,0.6112474272473327
0.0001088205520322992,0.6109566763774246
0.00010908532223189117,0.6107243285033472
0.00010935009243148314,0.6104969818599753
0.00010961486263107512,0.6102548444741598
0.00010987963283066708,0.6099785638405384
0.00011014440303025905,0.6097485346134658
0.00011040917322985102,0.6095056034267607
0.00011067394342944298,0.6092493526915272
0.00011093871362903496,0.6089922881721146
0.00011120348382862693,0.6087297193589505
0.0001114682540282189,0.6085053764618377
0.00011173302422781086,0.6082974750034357
0.00011199779442740283,0.6080643717438906
0.00011226256462699481,0.6078423683571909
0.00011252733482658677,0.6075705242597607
0.00011279210502617874,0.6073679755392575
0.0001130568752257707,0.6071367052798113
0.00011332164542536267,0.6069153371208247
0.00011358641562495464,0.6066597713881967
0.00011385118582454662,0.606387683688185
0.00011411595602413859,0.6061749000495873
0.00011438072622373055,0.605924984167828
0.00011464549642332252,0.6056687226468134
0.00011491026662291448,0.6055037481359876
0.00011517503682250646,0.6052480931958734
0.00011543980702209843,0.6049871495678926
0.0001157045772216904,0.6047194606458232
0.00011596934742128236,0.6045285588812888
0.00011623411762087433,0.604329820715822
0.0001164988878204663,0.6041171855166713
0.00011676365802005828,0.6039104272103132
0.00011702842821965024,0.6037085549207323
0.00011729319841924221,0.6034651664346057
0.00011755796861883417,0.6032053788742898
0.00011782273881842614,0.6030155396139452
0.00011808750901801812,0.6027826297658263
0.00011835227921761009,0.6025692923318055
0.00011861704941720205,0.6023326440344194
0.00011888181961679402,0.6021380184347285
0.00011914658981638599,0.6018924031872867
0.00011941136001597797,0.6016808337744207
0.00011967613021556993,0.6014925001373704
0.0001199409004151619,0.6012926167313427
0.00012020567061475386,0.6010897739258423
0.00012047044081434583,0.6009094974800305
0.00012073521101393781,0.6007589731497922
0.00012099998121352978,0.6005377996085344
0.00012126475141312174,0.600357401576986
0.00012152952161271371,0.6001699291113912
0.00012179429181230568,0.5999732694533267
0.00012205906201189764,0.5997984488085092
0.0001223238322114896,0.5995820542138524
0.00012258860241108158,0.5993409977214209
0.00012285337261067357,0.59920067552542
0.00012311814281026554,0.5989936288170535
0.0001233829130098575,0.5987791155418388
0.00012364768320944947,0.598592917803342
0.00012391245340904143,0.5984389493452372
0.0001241772236086334,0.5982266823495223
0.00012444199380822537,0.5979991288063746
0.00012470676400781733,0.5977671497970555
0.0001249715342074093,0.5975805209584044
0.00012523630440700127,0.5973693622483824
0.00012550107460659323,0.5971547115677037
0.00012576584480618523,0.5970002253814863
0.0001260306150057772,0.5968333417453247
0.00012629538520536916,0.5966534462179505
0.00012656015540496112,0.5965331476062848
0.0001268249256045531,0.596372306130092
0.00012708969580414506,0.5961691528615197
0.00012735446600373702,0.5959595469295383
0.000127619236203329,0.5957811516897025
0.00012788400640292096,0.595617564279464
0.00012814877660251292,0.5954991628903835
0.0001284135468021049,0.5953119882626412
0.00012867831700169688,0.5951450701615785
0.00012894308720128885,0.5949204266251715
0.00012920785740088081,0.5947363111803297
0.00012947262760047278,0.594526875301632
0.00012973739780006475,0.5943868870234329
0.00013000216799965671,0.594197655138463
0.00013026693819924868,0.594050480178985
0.00013053170839884065,0.5939251371766603
0.0001307964785984326,0.593757492841169
0.00013106124879802458,0.5935854383549585
0.00013132601899761655,0.5934183056182808
0.00013159078919720854,0.5932969435722367
0.0001318555593968005,0.5931598874554965
0.00013212032959639247,0.5930510001790553
0.00013238509979598444,0.5928823612193262
0.0001326498699955764,0.5927117257300482
0.00013291464019516837,0.5925826388224195
0.00013317941039476034,0.5924632611739287
0.0001334441805943523,0.5923089739216558
0.00013370895079394427,0.5921410038960824
0.00013397372099353624,0.5920009952841301
0.00013423849119312823,0.5918787215108186
0.0001345032613927202,0.5917295475434358
0.00013476803159231216,0.5915906375496175
0.00013503280179190413,0.5914312038743048
0.0001352975719914961,0.5912626968308435
0.00013556234219108806,0.5911164172711793
0.00013582711239068003,0.5909575486704419
0.000136091882590272,0.5908453494195749
0.00013635665278986396,0.5906736669655273
0.00013662142298945593,0.5905076111576004
0.0001368861931890479,0.5903985403989623
0.00013715096338863989,0.5902431898632239
0.00013741573358823185,0.5901134630591799
0.00013768050378782382,0.5899586756956701
0.00013794527398741578,0.5897904532486237
0.00013821004418700775,0.5896218574030421
0.00013847481438659972,0.5894628500364388
0.00013873958458619168,0.5893136526350726
0.00013900435478578365,0.5891565310070082
0.00013926912498537562,0.5889950133884714
0.00013953389518496758,0.5888741680502707
0.00013979866538455958,0.588745988001593
0.00014006343558415154,0.5886009473514155
0.0001403282057837435,0.5884717501442704
0.00014059297598333548,0.5883283132568788
0.00014085774618292744,0.5881934249335923
0.0001411225163825194,0.5880389727039148
0.00014138728658211137,0.5878869384966012
0.00014165205678170334,0.5877318343319647
0.0001419168269812953,0.5875588403114279
0.00014218159718088727,0.5874097417553322
0.00014244636738047924,0.5872617664800559
0.00014271113758007123,0.5871030062203104
0.0001429759077796632,0.5869587353643324
0.00014324067797925517,0.5868201064308888
0.00014350544817884713,0.5866649058931102
0.0001437702183784391,0.5865521889964164
0.00014403498857803106,0.586433929976834
0.00014429975877762303,0.5862730718903377
0.000144564528977215,0.5861640061095025
0.00014482929917680696,0.5860033585666697
0.00014509406937639893,0.5858610911894091
0.0001453588395759909,0.5857544456440388
0.0001456236097755829,0.5856092563585175
0.00014588837997517486,0.585518892428111
0.00014615315017476682,0.5853584245208856
0.0001464179203743588,0.5852181840662715
0.00014668269057395076,0.5851066178226018
0.00014694746077354272,0.5849401729917305
0.0001472122309731347,0.5847955917760503
0.00014747700117272665,0.5847051093761173
0.00014774177137231862,0.5846097949017921
0.0001480065415719106,0.5844457852478568
0.00014827131177150255,0.5843094911521662
0.00014853608197109455,0.584137806663089
0.0001488008521706865,0.5840143619140159
0.00014906562237027848,0.5839100286390633
0.00014933039256987045,0.5837792021455753
0.0001495951627694624,0.5836554766890948
0.00014985993296905438,0.5835192147637078
0.00015012470316864634,0.5834114512190837
0.0001503894733682383,0.5832709293337044
0.00015065424356783028,0.5831530292566568
0.00015091901376742224,0.5830409112865045
0.00015118378396701424,0.5829192272731331
0.0001514485541666062,0.5828064094171377
0.00015171332436619817,0.5826787295848166
0.00015197809456579014,0.5825438692066959
0.0001522428647653821,0.5824003752744569
0.00015250763496497407,0.5822577685999081
0.00015277240516456603,0.5821368123215037
0.000153037175364158,0.5820071550314121
0.00015330194556374997,0.5818814610730544
0.00015356671576334193,0.5817968077651859
0.0001538314859629339,0.5816903704438257
0.0001540962561625259,0.5815648047391762
0.00015436102636211786,0.5814470594721776
0.00015462579656170983,0.5812994367655918
0.0001548905667613018,0.5811948980648101
0.00015515533696089376,0.5810704621446307
0.00015542010716048573,0.5809442199636657
0.0001556848773600777,0.5808111375823706
0.00015594964755966966,0.5806914859283162
0.00015621441775926162,0.5805737347552109
0.0001564791879588536,0.580460469088693
0.00015674395815844558,0.5803680963109515
0.00015700872835803755,0.5802740774701486
0.00015727349855762952,0.5801811909516378
0.00015753826875722148,0.5800646606658607
0.00015780303895681345,0.579936080569891
0.00015806780915640542,0.5798211657738456
0.00015833257935599738,0.5797098120752652
0.00015859734955558935,0.5795621567506466
0.00015886211975518131,0.5794586607463543
0.00015912688995477328,0.579340918260582
0.00015939166015436525,0.5792244454551317
0.00015965643035395724,0.5790923773803472
0.0001599212005535492,0.5789811086951311
0.00016018597075314117,0.578878616376144
0.00016045074095273314,0.5787608808075908
0.0001607155111523251,0.5786261483934637
0.00016098028135191707,0.5785087631137825
0.00016124505155150904,0.5784357077616427
0.000161509821751101,0.578348950434006
0.00016177459195069297,0.5782063204351997
0.00016203936215028494,0.5781312209224402
0.0001623041323498769,0.5779727618873661
0.0001625689025494689,0.5778741582044357
0.00016283367274906086,0.5777447752503094
0.00016309844294865283,0.5776181678057458
0.0001633632131482448,0.5775087584023489
0.00016362798334783676,0.5774338548696092
0.00016389275354742873,0.5773304939848402
0.0001641575237470207,0.5772495854002662
0.00016442229394661266,0.5771567586224193
0.00016468706414620463,0.5770201268872966
0.0001649518343457966,0.5769249774168871
0.00016521660454538856,0.5768256080926085
0.00016548137474498055,0.5767240607393322
0.00016574614494457252,0.5766114633352662
0.0001660109151441645,0.5764898138912602
0.00016627568534375645,0.576374847199254
0.00016654045554334842,0.5762360422523842
0.00016680522574294039,0.5761260209617521
0.00016706999594253235,0.5760067141604701
0.00016733476614212432,0.5758974537841115
0.00016759953634171628,0.57580629012173
0.00016786430654130825,0.5756843902518092
0.00016812907674090024,0.5756062872107098
0.0001683938469404922,0.5755054972792644
0.00016865861714008418,0.5754168636365962
0.00016892338733967614,0.5753227796446369
0.0001691881575392681,0.5752232204587274
0.00016945292773886008,0.5751074180662158
0.00016971769793845204,0.5749944158762405
0.000169982468138044,0.5749221465473789
0.00017024723833763598,0.5748417341302405
0.00017051200853722794,0.5747743206662024
0.0001707767787368199,0.5746631804778479
0.0001710415489364119,0.5745376124416335
0.00017130631913600387,0.5744193147828452
0.00017157108933559583,0.5743372483916779
0.0001718358595351878,0.5742253106943127
0.00017210062973477977,0.5741220174235053
0.00017236539993437173,0.574030244397687
0.0001726301701339637,0.5739193951220053
0.00017289494033355567,0.5738261642507059
0.00017315971053314763,0.5737412392375199
0.0001734244807327396,0.5736586395403589
0.0001736892509323316,0.5735771867637652
0.00017395402113192356,0.5734809597724019
0.00017421879133151552,0.5733795357787157
0.0001744835615311075,0.5732929569398878
0.00017474833173069946,0.5731754119936484
0.00017501310193029142,0.5730345237774292
0.0001752778721298834,0.5729469285493365
0.00017554264232947536,0.5728455669966607
0.00017580741252906732,0.572710881176897
0.0001760721827286593,0.572631003760417
0.00017633695292825125,0.5725505387698423
0.00017660172312784325,0.5724726012174972
0.00017686649332743521,0.5723925493344579
0.00017713126352702718,0.5722634079237724
0.00017739603372661915,0.5721826331992425
0.00017766080392621111,0.5720943161466581
0.00017792557412580308,0.5719981023949952
0.00017819034432539505,0.5718870319091413
0.000178455114524987,0.5717963511889878
0.00017871988472457898,0.5716809434615798
0.00017898465492417095,0.5715608719089973
0.0001792494251237629,0.571462493003992
0.0001795141953233549,0.5714010494165396
0.00017977896552294687,0.5713217895780336
0.00018004373572253884,0.5712109174837057
0.0001803085059221308,0.5711110002380141
0.00018057327612172277,0.571009520628039
0.00018083804632131474,0.5709150691817036
0.0001811028165209067,0.5708485186362076
0.00018136758672049867,0.5707865648790015
0.00018163235692009064,0.5707332436345788
0.0001818971271196826,0.5706773780954141
0.00018216189731927457,0.5706215236888345
0.00018242666751886656,0.5705277422205188
0.00018269143771845853,0.5704082696552397
0.0001829562079180505,0.5703026690059502
0.00018322097811764246,0.5702093744903184
0.00018348574831723443,0.5701004114270846
0.0001837505185168264,0.5699744796943613
0.00018401528871641836,0.5698763385760908
0.00018428005891601033,0.5698074026223571
0.0001845448291156023,0.5697556409477113
0.00018480959931519426,0.5696607983102727
0.00018507436951478625,0.5695754547475214
0.00018533913971437822,0.5694914352464278
0.00018560390991397018,0.5693867126526135
0.00018586868011356215,0.5692595539019026
0.00018613345031315412,0.5691587831640756
0.00018639822051274608,0.5690728331251969
0.00018666299071233805,0.5689597379679369
0.00018692776091193002,0.5688941360189559
0.00018719253111152198,0.5688081766664752
0.00018745730131111395,0.5687137130388414
0.00018772207151070592,0.5686386198505763
0.0001879868417102979,0.5685660607606459
0.00018825161190988988,0.5684582987583618
0.00018851638210948184,0.5683843764001532
0.0001887811523090738,0.5683233688423208
0.00018904592250866577,0.5682605380039378
0.00018931069270825774,0.5681819823249786
0.0001895754629078497,0.5681021656965525
0.00018984023310744167,0.5679803049682384
0.00019010500330703364,0.5678994042067939
0.0001903697735066256,0.5678063634827708
0.0001906345437062176,0.5677251339441178
0.00019089931390580957,0.567653724307514
0.00019116408410540153,0.5675773103339972
0.0001914288543049935,0.5675368178471645
0.00019169362450458546,0.5674483589343231
0.00019195839470417743,0.5673452405923367
0.0001922231649037694,0.56728010305463
0.00019248793510336136,0.5671906654669031
0.00019275270530295333,0.5671388364918379
0.0001930174755025453,0.5670600888942824
0.00019328224570213726,0.5670038971123197
0.00019354701590172926,0.5669044006596518
0.00019381178610132122,0.5668164777660818
0.0001940765563009132,0.5667213081450272
0.00019434132650050515,0.5666289565286885
0.00019460609670009712,0.566507605737442
0.0001948708668996891,0.5664882027155015
0.00019513563709928105,0.5664204629950834
0.00019540040729887302,0.5663516748915365
0.000195665177498465,0.5662783681251246
0.00019592994769805695,0.566181603273178
0.00019619471789764892,0.5660957852831523
0.0001964594880972409,0.5660337294469355
0.00019672425829683288,0.5659332642680672
0.00019698902849642485,0.5658371943010768
0.0001972537986960168,0.5657574122293811
0.00019751856889560878,0.5656954641885423
0.00019778333909520074,0.5656453702843813
0.0001980481092947927,0.5655735665987213
0.00019831287949438468,0.5654980376452755
0.00019857764969397664,0.5654143918659346
0.0001988424198935686,0.5653296884808653
0.00019910719009316058,0.5652755415508764
0.00019937196029275257,0.5652035315716891
0.00019963673049234454,0.5651488321742747
0.0001999015006919365,0.5650715756769705
0.00020016627089152847,0.5649870949884314
0.00020043104109112043,0.56487960992442
0.0002006958112907124,0.5647857331693742
0.00020096058149030437,0.5647165692781709
0.00020122535168989633,0.5646348095434609
0.0002014901218894883,0.5645422069559658
0.00020175489208908027,0.5644735768078567
0.00020201966228867226,0.5644252342133428
0.00020228443248826423,0.5643587580261036
0.0002025492026878562,0.5642798499115519
0.00020281397288744816,0.5641872787701633
0.00020307874308704013,0.5641114250440732
0.0002033435132866321,0.5640728365949007
0.00020360828348622406,0.5640200105056298
0.00020387305368581602,0.5639504416194955
0.000204137823885408,0.5639051712137276
0.00020440259408499996,0.5638188505195112
0.00020466736428459192,0.5637327250402592
0.00020493213448418392,0.5636847507955407
0.00020519690468377588,0.5636177164565226
0.00020546167488336785,0.5635500975097391
0.00020572644508295982,0.5634917841878322
0.00020599121528255178,0.5634432211976177
0.00020625598548214375,0.5634003471301549
0.00020652075568173571,0.5633427232751137
0.00020678552588132768,0.5632665280794978
0.00020705029608091965,0.5631966309382465
0.0002073150662805116,0.5631174032014403
0.0002075798364801036,0.5630757777349535
0.00020784460667969557,0.5630093475207453
0.00020810937687928754,0.5629602580729002
0.0002083741470788795,0.5628884739552444
0.00020863891727847147,0.5628406864563582
0.00020890368747806344,0.5627887062419675
0.0002091684576776554,0.5626915597083342
0.00020943322787724737,0.5626224554230901
0.00020969799807683934,0.5625315890354023
0.0002099627682764313,0.5624681145764758
0.00021022753847602327,0.5623744711262436
0.00021049230867561526,0.562311739567426
0.00021075707887520723,0.5622363809483025
0.0002110218490747992,0.5621908227833609
0.00021128661927439116,0.5621330797149079
0.00021155138947398313,0.5620584996972131
0.0002118161596735751,0.5619802823685451
0.00021208092987316706,0.5618916106245668
0.00021234570007275903,0.5618174395615931
0.000212610470272351,0.5617479978494058
0.00021287524047194296,0.5617162010683181
0.00021314001067153493,0.5616783763415842
0.00021340478087112692,0.5616380872954856
0.0002136695510707189,0.5615795407043518
0.00021393432127031085,0.5615225823706184
0.00021419909146990282,0.5614663110141701
0.00021446386166949479,0.5613980880872405
0.00021472863186908675,0.5613420671393495
0.00021499340206867872,0.56127539462113
0.00021525817226827068,0.5612246496679824
0.00021552294246786265,0.5611578279917749
0.00021578771266745462,0.5610588945393864
0.00021605248286704658,0.5610232163827247
0.00021631725306663858,0.5609487781289225
0.00021658202326623054,0.5608855405134087
0.0002168467934658225,0.5607846351498764
0.00021711156366541448,0.5607360313101405
0.00021737633386500644,0.5606756573584796
0.0002176411040645984,0.560670895071563
0.00021790587426419037,0.5606161258274022
0.00021817064446378234,0.5605528739760435
0.0002184354146633743,0.5604819201623967
0.00021870018486296627,0.5604426853049137
0.00021896495506255827,0.5603781974362989
0.00021922972526215023,0.560295176888795
0.0002194944954617422,0.5602583670934297
0.00021975926566133417,0.5601978738621368
0.00022002403586092613,0.5601473909282038
0.0002202888060605181,0.5600711288791512
0.00022055357626011007,0.5600425543602463
0.00022081834645970203,0.5599765589554437
0.000221083116659294,0.5599250128081782
0.00022134788685888596,0.5598599561303234
0.00022161265705847793,0.5597679438785051
0.00022187742725806992,0.5597085738470259
0.0002221421974576619,0.5596744643042582
0.00022240696765725386,0.5596171392338346
0.00022267173785684582,0.5595422171114253
0.0002229365080564378,0.5594851589945998
0.00022320127825602976,0.5594308310619369
0.00022346604845562172,0.5593632130581838
0.0002237308186552137,0.5593092938206679
0.00022399558885480565,0.5592539967804265
0.00022426035905439762,0.5592148191241277
0.00022452512925398961,0.5591515992769269
0.00022478989945358158,0.5591092684321722
0.00022505466965317355,0.5590732663519582
0.0002253194398527655,0.5590222289072999
0.00022558421005235748,0.5589483566231397
0.00022584898025194945,0.5588951208668482
0.0002261137504515414,0.5588454616410082
0.00022637852065113338,0.558747546601798
0.00022664329085072535,0.5587000181623702
0.0002269080610503173,0.5586285457204135
0.00022717283124990928,0.5585550468653895
0.00022743760144950127,0.558500125969139
0.00022770237164909324,0.5584170715713185
0.0002279671418486852,0.5583484048146503
0.00022823191204827717,0.5582489077553766
0.00022849668224786914,0.5581846107523498
0.0002287614524474611,0.5581078065747831
0.00022902622264705307,0.5580356900678082
0.00022929099284664504,0.5579683464757994
0.000229555763046237,0.5579178338241405
0.00022982053324582897,0.5578511048543765
0.00023008530344542093,0.5577977916988183
0.00023035007364501293,0.5577124744858805
0.0002306148438446049,0.5576575324340691
0.00023087961404419686,0.5575738378299845
0.00023114438424378883,0.5575290518142618
0.0002314091544433808,0.5574741413063147
0.00023167392464297276,0.5574242369113962
0.00023193869484256473,0.5573532537213525
0.0002322034650421567,0.5573080438786457
0.00023246823524174866,0.5572489741326025
0.00023273300544134062,0.5571764120971209
0.0002329977756409326,0.5571345269837121
0.00023326254584052458,0.5570963867257798
0.00023352731604011655,0.5570428499905365
0.00023379208623970852,0.5569780735392296
0.00023405685643930048,0.5569268709414826
0.00023432162663889245,0.5568736380429669
0.00023458639683848442,0.5568442347275842
0.00023485116703807638,0.5567983382160744
0.00023511593723766835,0.5567399167951811
0.00023538070743726032,0.5566834523226387
0.00023564547763685228,0.5566391358875222
0.00023591024783644427,0.5565701662631727
0.00023617501803603624,0.5565189675424876
0.0002364397882356282,0.5564650866587705
0.00023670455843522017,0.5564179638258295
0.00023696932863481214,0.5563958674122257
0.0002372340988344041,0.5563222552648267
0.00023749886903399607,0.5562682469263828
0.00023776363923358804,0.5561968519421873
0.00023802840943318,0.556149098088362
0.00023829317963277197,0.5561021318204683
0.00023855794983236394,0.556056029846296
0.00023882272003195593,0.5560110805456341
0.0002390874902315479,0.5559461886507702
0.00023935226043113986,0.5558959469548318
0.00023961703063073183,0.5558597448569935
0.0002398818008303238,0.5558224724858825
0.00024014657102991576,0.5557797954078263
0.00024041134122950773,0.5557592500148762
0.0002406761114290997,0.5557390718063158
0.00024094088162869166,0.5556753884625452
0.00024120565182828363,0.5556176655784314
0.00024147042202787562,0.5555395407330954
0.0002417351922274676,0.5555192960748064
0.00024199996242705955,0.5554446574286923
0.00024226473262665152,0.5553783368094455
0.0002425295028262435,0.5553123731151072
0.00024279427302583545,0.5552396666862818
0.00024305904322542742,0.5551776097812737
0.00024332381342501939,0.5551372705298903
0.00024358858362461135,0.5551067141967483
0.00024385335382420332,0.5550447450178962
0.00024411812402379529,0.5549815205863471
0.00024438289422338725,0.5549258122382323
0.0002446476644229792,0.5548642829469567
0.0002449124346225712,0.5548529137296313
0.00024517720482216315,0.5548016458391536
0.0002454419750217551,0.554753687082258
0.00024570674522134714,0.5547213650446478
0.0002459715154209391,0.554678768993712
0.00024623628562053107,0.554628331687113
0.00024650105582012304,0.5545670706634381
0.000246765826019715,0.5545032968875828
0.00024703059621930697,0.5544357445711271
0.00024729536641889894,0.5544000366502568
0.0002475601366184909,0.5543068996586124
0.00024782490681808287,0.5542835753152467
0.00024808967701767483,0.5542114860368761
0.0002483544472172668,0.5541734339567577
0.00024861921741685877,0.5541456418957165
0.00024888398761645073,0.5540728469501728
0.0002491487578160427,0.5540200745377131
0.00024941352801563467,0.554013570930022
0.00024967829821522663,0.5539474986855151
0.0002499430684148186,0.5539103457021357
0.00025020783861441057,0.5538417665260853
0.00025047260881400253,0.5538090827291934
0.0002507373790135945,0.5537587968229382
0.00025100214921318646,0.5537111083390148
0.00025126691941277843,0.5536701580220715
0.00025153168961237045,0.5536220820452619
0.0002517964598119624,0.5535668363692158
0.0002520612300115544,0.5535082567455776
0.00025232600021114635,0.553466537493822
0.0002525907704107383,0.5534191763264187
0.0002528555406103303,0.5533531994120446
0.00025312031080992225,0.5533185684042242
0.0002533850810095142,0.55329046029081
0.0002536498512091062,0.5532779601746853
0.00025391462140869815,0.553203371286623
0.0002541793916082901,0.5531653601146014
0.0002544441618078821,0.5530956589123246
0.00025470893200747405,0.5530697890973703
0.000254973702207066,0.5530173245550204
0.000255238472406658,0.5529991261681192
0.00025550324260624995,0.5529693621239694
0.0002557680128058419,0.5529193943045341
0.0002560327830054339,0.5528818014585051
0.00025629755320502584,0.5528184418295489
0.0002565623234046178,0.5527655182235764
0.0002568270936042098,0.5527095256632149
0.0002570918638038018,0.5526821509088423
0.00025735663400339376,0.5526309425621418
0.00025762140420298573,0.55258481257043
0.0002578861744025777,0.5525250997036157
0.00025815094460216966,0.5524675108330109
0.00025841571480176163,0.5524359599704688
0.0002586804850013536,0.552384944100936
0.00025894525520094556,0.5523425879947712
0.00025921002540053753,0.552305447520893
0.0002594747956001295,0.5522550898732193
0.00025973956579972146,0.5521907630803378
0.00026000433599931343,0.5521889199746279
0.0002602691061989054,0.5521265116545884
0.00026053387639849736,0.5521019526739099
0.0002607986465980893,0.552082738617167
0.0002610634167976813,0.5520540553957405
0.00026132818699727326,0.5520148577332024
0.0002615929571968652,0.5519746101070295
0.0002618577273964572,0.5519312894929018
0.00026212249759604916,0.5518711550318702
0.0002623872677956411,0.5518274681873317
0.0002626520379952331,0.551788789223889
0.0002629168081948251,0.5517261728716533
0.0002631815783944171,0.5516777019283576
0.00026344634859400904,0.5516712773012871
0.000263711118793601,0.5516263555348856
0.000263975888993193,0.5515642538631842
0.00026424065919278494,0.5515289605568331
0.0002645054293923769,0.5514837545925946
0.0002647701995919689,0.5514246790326848
0.00026503496979156084,0.5513728933756636
0.0002652997399911528,0.5513594396700207
0.0002655645101907448,0.5513369227638311
0.00026582928039033674,0.5512823921168505
0.0002660940505899287,0.551261525109584
0.0002663588207895207,0.5512235814658288
0.00026662359098911264,0.5511759632498153
0.0002668883611887046,0.5511494443347635
0.00026715313138829657,0.5510973313088676
0.00026741790158788854,0.5510339635820092
0.0002676826717874805,0.5510340701264586
0.00026794744198707247,0.5510075863724003
0.00026821221218666444,0.5509847358814215
0.00026847698238625646,0.5509348991634121
0.0002687417525858484,0.5508929509034034
0.0002690065227854404,0.5508606401312206
0.00026927129298503236,0.5508306354508257
0.0002695360631846243,0.5507893845365568
0.0002698008333842163,0.5507384095290666
0.00027006560358380826,0.5506829494848017
0.0002703303737834002,0.5506303457292068
0.0002705951439829922,0.5505718616412896
0.00027085991418258416,0.5505273901348847
0.0002711246843821761,0.5504784916705608
0.0002713894545817681,0.5504272801761345
0.00027165422478136005,0.5503829083615337
0.000271918994980952,0.550351120487256
0.000272183765180544,0.5503300829758608
0.00027244853538013595,0.5502960732876109
0.0002727133055797279,0.5502542831986134
0.0002729780757793199,0.5502171564848903
0.00027324284597891185,0.5502037569588568
0.0002735076161785038,0.5501484775392851
0.0002737723863780958,0.5500835799106137
0.0002740371565776878,0.5500659662921249
0.00027430192677727977,0.5500278973649955
0.00027456669697687174,0.5499806083735727
0.0002748314671764637,0.5499354906148841
0.00027509623737605567,0.5498749798260079
0.00027536100757564764,0.5498192272392176
0.0002756257777752396,0.5497669763098726
0.00027589054797483157,0.549733666677907
0.00027615531817442354,0.5497159345076343
0.0002764200883740155,0.5496781199521359
0.00027668485857360747,0.5496139842138715
0.00027694962877319944,0.5495708438858129
0.0002772143989727914,0.5495293301825973
0.00027747916917238337,0.5494873666563354
0.00027774393937197533,0.5494752717071939
0.0002780087095715673,0.5494294064447119
0.00027827347977115927,0.5493775663830869
0.00027853824997075123,0.549352304382188
0.0002788030201703432,0.5493233561191665
0.00027906779036993517,0.5492766470451714
0.00027933256056952713,0.5492378974085966
0.00027959733076911915,0.5492089297018792
0.0002798621009687111,0.5491596765538151
0.0002801268711683031,0.5491269188933352
0.00028039164136789505,0.5490902910373147
0.000280656411567487,0.5490466348174124
0.000280921181767079,0.5490137537222185
0.00028118595196667095,0.5489756239862712
0.0002814507221662629,0.5489268845134636
0.0002817154923658549,0.54886805307532
0.00028198026256544685,0.5488366490971738
0.0002822450327650388,0.5488147700435673
0.0002825098029646308,0.5487598794301792
0.00028277457316422275,0.548721355689456
0.0002830393433638147,0.5486845037735547
0.0002833041135634067,0.5486490189300047
0.00028356888376299865,0.5486289010104671
0.0002838336539625906,0.5485826372044813
0.0002840984241621826,0.5485640320736216
0.00028436319436177455,0.548544396054741
0.0002846279645613665,0.5484922617285135
0.0002848927347609585,0.5484749376748981
0.00028515750496055045,0.5484394331023
0.00028542227516014247,0.5483960977632779
0.00028568704535973443,0.548379976569622
0.0002859518155593264,0.5483396420530768
0.00028621658575891837,0.5482880044651188
0.00028648135595851033,0.548241188112485
0.0002867461261581023,0.5482263476440613
0.00028701089635769426,0.5481766666191964
0.00028727566655728623,0.5481312161865167
0.0002875404367568782,0.5481065409151619
0.00028780520695647016,0.5480756699474852
0.00028806997715606213,0.5480470685974075
0.0002883347473556541,0.5480271964929493
0.00028859951755524606,0.5480014987163725
0.00028886428775483803,0.5479687930184934
0.00028912905795443,0.5479234923123808
0.00028939382815402196,0.5478753247816173
0.00028965859835361393,0.5478355025837257
0.0002899233685532059,0.5477692544881931
0.00029018813875279786,0.5477329794871675
0.0002904529089523898,0.5476972564066935
0.0002907176791519818,0.5476566554918411
0.0002909824493515738,0.5476324395955978
0.0002912472195511658,0.5475751258065384
0.00029151198975075775,0.547545289588428
0.0002917767599503497,0.5475268533720246
0.0002920415301499417,0.5474943839295451
0.00029230630034953364,0.5474515119483545
0.0002925710705491256,0.5474040470363875
0.0002928358407487176,0.5473531888529172
0.00029310061094830954,0.5473063241279799
0.0002933653811479015,0.5472818536487375
0.0002936301513474935,0.547242331514734
0.00029389492154708544,0.5472151696612448
0.0002941596917466774,0.5471770161248906
0.0002944244619462694,0.5471451576997494
0.00029468923214586134,0.5470956958439004
0.0002949540023454533,0.5470674409365203
0.0002952187725450453,0.5470392308306004
0.00029548354274463724,0.546998891912889
0.0002957483129442292,0.5469565188138183
0.0002960130831438212,0.5469295313818014
0.00029627785334341314,0.5469137253798101
0.0002965426235430051,0.5468772255518722
0.0002968073937425971,0.546853378976167
0.0002970721639421891,0.5468215615012135
0.00029733693414178106,0.546806702304374
0.000297601704341373,0.5467669276145927
0.000297866474540965,0.5467142728839475
0.00029813124474055696,0.546696026415
0.0002983960149401489,0.5466516545683151
0.0002986607851397409,0.5466385907642595
0.00029892555533933286,0.5466045759033364
0.0002991903255389248,0.5465699534000686
0.0002994550957385168,0.5465346881055744
0.00029971986593810876,0.5464929026383228
0.0002999846361377007,0.5464869780653157
0.0003002494063372927,0.5464617983039214
0.00030051417653688466,0.5464121353730115
0.0003007789467364766,0.5463773915932421
0.0003010437169360686,0.5463421001683395
0.00030130848713566055,0.5462862891055184
0.0003015732573352525,0.5462597653042964
0.0003018380275348445,0.5462196723188614
0.00030210279773443645,0.546186244439713
0.0003023675679340285,0.54614048642571
0.00030263233813362044,0.546111010628012
0.0003028971083332124,0.5460671975519347
0.00030316187853280437,0.5460121957698352
0.00030342664873239634,0.5459815171104477
0.0003036914189319883,0.5459524795377496
0.00030395618913158027,0.5459251740873394
0.00030422095933117224,0.5458919300781934
0.0003044857295307642,0.5458620952869286
0.00030475049973035617,0.5458336383133802
0.00030501526992994814,0.545791373405879
0.0003052800401295401,0.5457576112378647
0.00030554481032913207,0.5457177075912623
0.00030580958052872404,0.5456709154263273
0.000306074350728316,0.5456531519472112
0.00030633912092790797,0.5456273754884615
0.00030660389112749994,0.545619688221366
0.0003068686613270919,0.5456006564900256
0.00030713343152668387,0.5455342519864345
0.00030739820172627583,0.5455251417757565
0.0003076629719258678,0.5454959730851682
0.0003079277421254598,0.5454634318502306
0.0003081925123250518,0.545446197066015
0.00030845728252464375,0.5454300950522165
0.0003087220527242357,0.5454006229118463
0.0003089868229238277,0.5453684625844336
0.00030925159312341965,0.5453494583914494
0.0003095163633230116,0.5453205540801007
0.0003097811335226036,0.5452715691381896
0.00031004590372219555,0.5452479442525028
0.0003103106739217875,0.545211753847959
0.0003105754441213795,0.5451938827730672
0.00031084021432097145,0.5451542653794406
0.0003111049845205634,0.545122230757055
0.0003113697547201554,0.5450991109798693
0.00031163452491974735,0.5450758506893852
0.0003118992951193393,0.5450521798861712
0.0003121640653189313,0.5450445893540006
0.00031242883551852325,0.5450224313147483
0.0003126936057181152,0.5449898552585227
0.0003129583759177072,0.5449646227091676
0.00031322314611729915,0.5449155243348477
0.00031348791631689117,0.5448595856321189
0.00031375268651648313,0.5448181960687988
0.0003140174567160751,0.5447885900131652
0.00031428222691566707,0.5447648003313066
0.00031454699711525903,0.5447348526931549
0.000314811767314851,0.5447019463402326
0.00031507653751444297,0.5446659492435865
0.00031534130771403493,0.5446312333875244
0.0003156060779136269,0.5445872635642819
0.00031587084811321886,0.5445448034329909
0.00031613561831281083,0.5445291548004604
0.0003164003885124028,0.544487619561243
0.00031666515871199476,0.5444412174602161
0.00031692992891158673,0.5444410254754816
0.0003171946991111787,0.5444193266582396
0.00031745946931077066,0.5443990438437372
0.00031772423951036263,0.5443879920735911
0.0003179890097099546,0.5443776699129527
0.00031825377990954656,0.5443742600715995
0.00031851855010913853,0.5443566370933395
0.0003187833203087305,0.544315467812235
0.00031904809050832246,0.544296946262636
0.0003193128607079145,0.5442498991669754
0.00031957763090750645,0.5442158587723834
0.0003198424011070984,0.5441869943179078
0.0003201071713066904,0.5441327501691039
0.00032037194150628235,0.5441010182058363
0.0003206367117058743,0.5440601338774902
0.0003209014819054663,0.5440318972560794
0.00032116625210505825,0.5439906038960741
0.0003214310223046502,0.5439284669654962
0.0003216957925042422,0.543904486920208
0.00032196056270383414,0.5438814170789377
0.0003222253329034261,0.5438434216556594
0.0003224901031030181,0.543798769424962
0.00032275487330261004,0.5437674635903552
0.000323019643502202,0.5437308536161456
0.000323284413701794,0.5437003350328593
0.00032354918390138594,0.5436571977300672
0.0003238139541009779,0.5436204812217588
0.0003240787243005699,0.5435972835918492
0.00032434349450016184,0.5435603476678961
0.0003246082646997538,0.543522417862563
0.00032487303489934583,0.5435109943611008
0.0003251378050989378,0.5434798704106912
0.00032540257529852976,0.543452885770266
0.00032566734549812173,0.5434253383021478
0.0003259321156977137,0.5434098876972326
0.00032619688589730566,0.5433856671665734
0.0003264616560968976,0.5433546042312866
0.0003267264262964896,0.5433204507239412
0.00032699119649608156,0.5432875978505184
0.0003272559666956735,0.5432521217472133
0.0003275207368952655,0.5432303848780784
0.00032778550709485746,0.5432273301861993
0.0003280502772944494,0.5432107935775543
0.0003283150474940414,0.5431807485958138
0.00032857981769363336,0.5431515927146779
0.0003288445878932253,0.5431221110012387
0.0003291093580928173,0.5430857826992517
0.00032937412829240926,0.543067562157125
0.0003296388984920012,0.5430265344813168
0.0003299036686915932,0.54299595006671
0.00033016843889118516,0.5429775968154178
0.0003304332090907771,0.5429657545154133
0.00033069797929036914,0.5429437037956819
0.0003309627494899611,0.542922049785938
0.0003312275196895531,0.5428961751608152
0.00033149228988914504,0.5428737694529422
0.000331757060088737,0.5428297714863878
0.000332021830288329,0.5427949383301954
0.00033228660048792094,0.5427366757520452
0.0003325513706875129,0.5427122257360184
0.00033281614088710487,0.542689676425222
0.00033308091108669684,0.5426763336994531
0.0003333456812862888,0.5426386793800526
0.00033361045148588077,0.5426315562718577
0.00033387522168547274,0.5425979128523692
0.0003341399918850647,0.5425711311226511
0.00033440476208465667,0.5425300249692345
0.00033466953228424864,0.542500250454971
0.0003349343024838406,0.5424605687649725
0.00033519907268343257,0.542424354498172
0.00033546384288302454,0.5424004080776745
0.0003357286130826165,0.5423655485145649
0.00033599338328220847,0.5423469783101641
0.0003362581534818005,0.5423101380222592
0.00033652292368139246,0.5422862063463333
0.0003367876938809844,0.5422788362430024
0.0003370524640805764,0.5422551937557996
0.00033731723428016835,0.5422428895625201
0.0003375820044797603,0.5422177337003012
0.0003378467746793523,0.5421811360270195
0.00033811154487894425,0.542164728509493
0.0003383763150785362,0.5421350525547691
0.0003386410852781282,0.5421299771169998
0.00033890585547772015,0.5421134828491216
0.0003391706256773121,0.5420811179665626
0.0003394353958769041,0.5420697229444081
0.00033970016607649605,0.5420404672511417
0.000339964936276088,0.5420266556343528
0.00034022970647568,0.5419963614582838
0.00034049447667527195,0.5419666921011143
0.0003407592468748639,0.5419672951925627
0.0003410240170744559,0.541949671010996
0.00034128878727404785,0.5419487919663419
0.0003415535574736398,0.5419137161331108
0.00034181832767323184,0.5418930151123538
0.0003420830978728238,0.5418551877134397
0.00034234786807241577,0.541825570970941
0.00034261263827200774,0.5418057083009703
0.0003428774084715997,0.5418011734806548
0.00034314217867119167,0.5417606652735873
0.00034340694887078363,0.5417337652375416
0.0003436717190703756,0.541712649889627
0.00034393648926996757,0.5416729293582022
0.00034420125946955953,0.5416439635402386
0.0003444660296691515,0.5416202374766036
0.00034473079986874347,0.5416055288219054
0.00034499557006833543,0.5415676865696489
0.0003452603402679274,0.5415309671206321
0.00034552511046751936,0.5414938574187038
0.00034578988066711133,0.541466251227905
0.0003460546508667033,0.5414403194379723
0.00034631942106629526,0.5414079507347097
0.00034658419126588723,0.5413815182773062
0.0003468489614654792,0.5413594499861167
0.00034711373166507116,0.5413433062503832
0.0003473785018646632,0.5413161943320023
0.00034764327206425515,0.541307260802275
0.0003479080422638471,0.5412951927577788
0.0003481728124634391,0.5412552716949611
0.00034843758266303105,0.5412244812194487
0.000348702352862623,0.5411858840376051
0.000348967123062215,0.541157309175479
0.00034923189326180695,0.5411186265110449
0.0003494966634613989,0.5410942867477432
0.0003497614336609909,0.5410543145806544
0.00035002620386058285,0.5410148120608818
0.0003502909740601748,0.5409752383929712
0.0003505557442597668,0.540956968994922
0.00035082051445935875,0.5409300125172576
0.0003510852846589507,0.540897099037236
0.0003513500548585427,0.5409021204888931
0.00035161482505813464,0.5408766675048328
0.0003518795952577266,0.5408336035074313
0.0003521443654573186,0.5408054405944308
0.00035240913565691054,0.5407866583347242
0.0003526739058565025,0.5407599087673092
0.0003529386760560945,0.5407275975827177
0.0003532034462556865,0.5407172558071432
0.00035346821645527846,0.5407000972404533
0.00035373298665487043,0.5406872857347437
0.0003539977568544624,0.5406537271297478
0.00035426252705405436,0.5406404487404206
0.00035452729725364633,0.5406066384240176
0.0003547920674532383,0.540594380203305
0.00035505683765283026,0.5405664358474419
0.00035532160785242223,0.540537112376305
0.0003555863780520142,0.5405076471564079
0.00035585114825160616,0.5404804539154768
0.0003561159184511981,0.5404546479419614
0.0003563806886507901,0.5404234351786253
0.00035664545885038206,0.5404066028222038
0.000356910229049974,0.5403852494393266
0.000357174999249566,0.540360238947122
0.00035743976944915796,0.540330327857394
0.0003577045396487499,0.5403005245380663
0.0003579693098483419,0.5402879149419609
0.00035823408004793386,0.5402757942150144
0.0003584988502475258,0.5402428193552348
0.00035876362044711784,0.5402114721684286
0.0003590283906467098,0.540165167016466
0.0003592931608463018,0.5401454534692742
0.00035955793104589374,0.5401271257864595
0.0003598227012454857,0.5400956288538162
0.0003600874714450777,0.540059744060055
0.00036035224164466964,0.540032074830903
0.0003606170118442616,0.5399936710422101
0.0003608817820438536,0.5399886515313508
0.00036114655224344554,0.5399645689819917
0.0003614113224430375,0.539926928076805
0.0003616760926426295,0.5399212997705507
0.00036194086284222144,0.5398778796438918
0.0003622056330418134,0.5398355359003543
0.00036247040324140537,0.5398169577820064
0.00036273517344099734,0.5397890203849082
0.0003629999436405893,0.5397412732506718
0.00036326471384018127,0.5397212225755111
0.00036352948403977324,0.5396967574396759
0.0003637942542393652,0.5396762769087822
0.00036405902443895717,0.5396412468968088
0.00036432379463854914,0.5396003260630761
0.00036458856483814116,0.5395762635851473
0.0003648533350377331,0.5395434079981897
0.0003651181052373251,0.5395162671280618
0.00036538287543691706,0.5395005969704532
0.000365647645636509,0.5394923917770608
0.000365912415836101,0.5394506247329027
0.00036617718603569296,0.5394076511518282
0.0003664419562352849,0.5393712201340871
0.0003667067264348769,0.5393517272198041
0.00036697149663446885,0.5393442117892325
0.0003672362668340608,0.5393274061608012
0.0003675010370336528,0.5393122960372977
0.00036776580723324475,0.5392680262210001
0.0003680305774328367,0.5392387435383816
0.0003682953476324287,0.5392164179757829
0.00036856011783202065,0.5392108657695404
0.0003688248880316126,0.5391822448198662
0.0003690896582312046,0.5391714993802085
0.00036935442843079655,0.5391476791047953
0.0003696191986303885,0.5391319759603669
0.0003698839688299805,0.5391205414639627
0.0003701487390295725,0.5390950065424253
0.00037041350922916447,0.5390727479332945
0.00037067827942875644,0.539046376693301
0.0003709430496283484,0.539019680644415
0.00037120781982794037,0.5390047716319322
0.00037147259002753234,0.5389719891023123
0.0003717373602271243,0.5389408848990596
0.00037200213042671627,0.5389118306628989
0.00037226690062630823,0.5388937788185062
0.0003725316708259002,0.5388697141204253
0.00037279644102549217,0.5388515617449247
0.00037306121122508413,0.5388290303769164
0.0003733259814246761,0.5388065476472936
0.00037359075162426807,0.5387968544384185
0.00037385552182386003,0.5387630250729022
0.000374120292023452,0.5387187493591842
0.00037438506222304397,0.5386965202173725
0.00037464983242263593,0.5386829297928845
0.0003749146026222279,0.5386551707164342
0.00037517937282181986,0.5386230171196228
0.00037544414302141183,0.5385939087946975
0.00037570891322100385,0.538574647086042
0.0003759736834205958,0.5385504747618909
0.0003762384536201878,0.5385298649604009
0.00037650322381977975,0.5385144771043484
0.0003767679940193717,0.5385077710100131
0.0003770327642189637,0.5384727312776693
0.00037729753441855565,0.5384593565698481
0.0003775623046181476,0.5384482386224857
0.0003778270748177396,0.5384477006971738
0.00037809184501733155,0.5384098316451988
0.0003783566152169235,0.5383866916120275
0.0003786213854165155,0.5383599252460063
0.00037888615561610745,0.5383229903999502
0.0003791509258156994,0.5383020804288688
0.0003794156960152914,0.5382835306751028
0.00037968046621488335,0.5382520179340965
0.0003799452364144753,0.5382452616242576
0.0003802100066140673,0.5382170276300491
0.00038047477681365925,0.5381869793500622
0.0003807395470132512,0.5381655957163696
0.0003810043172128432,0.538149023137604
0.0003812690874124352,0.5381109940863693
0.00038153385761202716,0.5380923449198756
0.00038179862781161913,0.5380670175045543
0.0003820633980112111,0.5380566949230925
0.00038232816821080306,0.5380290905228248
0.00038259293841039503,0.5379973968239362
0.000382857708609987,0.5379661579979482
0.00038312247880957896,0.5379597422314004
0.00038338724900917093,0.5379294046207285
0.0003836520192087629,0.5379177529470868
0.00038391678940835486,0.5379125396992074
0.00038418155960794683,0.537903519274703
0.0003844463298075388,0.5378690462986168
0.00038471110000713076,0.5378498948808181
0.0003849758702067227,0.537826108410579
0.0003852406404063147,0.537818695689922
0.00038550541060590666,0.5378119161881979
0.0003857701808054986,0.5377827868491772
0.0003860349510050906,0.5377600824403028
0.00038629972120468256,0.5377173110296558
0.0003865644914042745,0.5377057981028628
0.0003868292616038665,0.5376942599001275
0.0003870940318034585,0.5376636113975274
0.0003873588020030505,0.5376417392669262
0.00038762357220264244,0.5376114675599603
0.0003878883424022344,0.5375817058838258
0.0003881531126018264,0.537551837612798
0.00038841788280141834,0.5375154835497404
0.0003886826530010103,0.5374953985614451
0.0003889474232006023,0.5374846415563184
0.00038921219340019424,0.5374675804823302
0.0003894769635997862,0.5374420376157215
0.0003897417337993782,0.5374368166024256
0.00039000650399897014,0.5374210597474229
0.0003902712741985621,0.5374025655030428
0.0003905360443981541,0.5373771901840922
0.00039080081459774604,0.5373552615444436
0.000391065584797338,0.5373545534366428
0.00039133035499693,0.5373263087502159
0.00039159512519652194,0.5373210783299648
0.0003918598953961139,0.537298886260371
0.00039212466559570587,0.5372679607119424
0.00039238943579529784,0.5372607071585984
0.00039265420599488986,0.5372390914507095
0.0003929189761944818,0.5372375373807775
0.0003931837463940738,0.5372275089385905
0.00039344851659366576,0.5371998156466671
0.0003937132867932577,0.5371636688022732
0.0003939780569928497,0.5371412541244301
0.00039424282719244166,0.5371193295595895
0.0003945075973920336,0.537102851184313
0.0003947723675916256,0.5370795228410544
0.00039503713779121756,0.5370453699711331
0.0003953019079908095,0.5370273467844338
0.0003955666781904015,0.5370107755992467
0.00039583144838999345,0.5369976655682873
0.0003960962185895854,0.5369701492128858
0.0003963609887891774,0.5369509400419094
0.00039662575898876935,0.5369371720765199
0.0003968905291883613,0.5369270826194401
0.0003971552993879533,0.5369061713771436
0.00039742006958754525,0.5368881436140692
0.0003976848397871372,0.5368641914536909
0.0003979496099867292,0.5368398385828601
0.00039821438018632115,0.5368153812005109
0.00039847915038591317,0.5367933214710081
0.00039874392058550514,0.5367747498996834
0.0003990086907850971,0.5367527372769875
0.00039927346098468907,0.5367253924194408
0.00039953823118428104,0.5367028843843403
0.000399803001383873,0.5366842532312208
0.00040006777158346497,0.5366625040724824
0.00040033254178305694,0.5366226891675244
0.0004005973119826489,0.5365979774077754
0.00040086208218224087,0.5365869764418438
0.00040112685238183284,0.5365665210424878
0.0004013916225814248,0.5365591848372211
0.00040165639278101677,0.536550544577083
0.00040192116298060873,0.53653297642349
0.0004021859331802007,0.5365236837314712
0.00040245070337979267,0.5364928890455564
0.00040271547357938463,0.536464314749262
0.0004029802437789766,0.5364445614508934
0.00040324501397856857,0.5364307344400365
0.00040350978417816053,0.5364128977387357
0.0004037745543777525,0.5364067701873784
0.0004040393245773445,0.5363715223255383
0.0004043040947769365,0.5363636563955708
0.00040456886497652845,0.5363524307139125
0.0004048336351761204,0.5363318452281204
0.0004050984053757124,0.5363153869842798
0.00040536317557530435,0.5362932241903748
0.0004056279457748963,0.5362843550518466
0.0004058927159744883,0.536281732034657
0.00040615748617408025,0.536243984576631
0.0004064222563736722,0.5362228963236192
0.0004066870265732642,0.5361964502881256
0.00040695179677285615,0.5361822660421961
0.0004072165669724481,0.5361691508255871
0.0004074813371720401,0.5361528927796261
0.00040774610737163205,0.5361326464782903
0.000408010877571224,0.5361118981781058
0.000408275647770816,0.5360849613413926
0.00040854041797040795,0.536072424115658
0.0004088051881699999,0.5360699227940813
0.0004090699583695919,0.5360638435081359
0.00040933472856918385,0.5360351922386751
0.00040959949876877587,0.5360184135461935
0.00040986426896836783,0.5360069707125931
0.0004101290391679598,0.5359815981320364
0.00041039380936755177,0.5359754579723056
0.00041065857956714373,0.5359669857003002
0.0004109233497667357,0.5359330986082179
0.00041118811996632766,0.5359130577632123
0.00041145289016591963,0.5358836613517403
0.0004117176603655116,0.5358515289939719
0.00041198243056510356,0.5358241023413777
0.00041224720076469553,0.5358123379554184
0.0004125119709642875,0.5357908346260042
0.00041277674116387946,0.5357811697355546
0.00041304151136347143,0.5357506213108758
0.0004133062815630634,0.5357404135932939
0.00041357105176265536,0.5357178716254748
0.00041383582196224733,0.5356985990707764
0.0004141005921618393,0.5356957650740238
0.00041436536236143126,0.5356918112026399
0.0004146301325610232,0.5356642637711598
0.0004148949027606152,0.535643190807898
0.0004151596729602072,0.5356371506011731
0.0004154244431597992,0.5356116788712929
0.00041568921335939115,0.5355917461016468
0.0004159539835589831,0.5355670819471731
0.0004162187537585751,0.535542671378675
0.00041648352395816705,0.5355277349640192
0.000416748294157759,0.5355018563786196
0.000417013064357351,0.5354729130362339
0.00041727783455694294,0.5354515786753421
0.0004175426047565349,0.5354235056263964
0.0004178073749561269,0.5353992031459278
0.00041807214515571884,0.5353758533775217
0.0004183369153553108,0.5353572250628802
0.0004186016855549028,0.5353367976797064
0.00041886645575449474,0.53533009119431
0.0004191312259540867,0.5353136142791818
0.0004193959961536787,0.5352901721581835
0.00041966076635327064,0.5352726306541894
0.0004199255365528626,0.5352569679157785
0.0004201903067524546,0.5352381176895031
0.00042045507695204654,0.5352150554109829
0.0004207198471516385,0.5351713359391761
0.0004209846173512305,0.5351467006031378
0.0004212493875508225,0.5351259496322378
0.00042151415775041446,0.5351120833192405
0.0004217789279500064,0.5351042452459647
0.0004220436981495984,0.5350774334989218
0.00042230846834919036,0.5350513165230744
0.0004225732385487823,0.5350189005744904
0.0004228380087483743,0.5349818817478186
0.00042310277894796626,0.5349750070987984
0.0004233675491475582,0.5349694888918234
0.0004236323193471502,0.5349486675436044
0.00042389708954674216,0.5349310965568215
0.0004241618597463341,0.5349197491626212
0.0004244266299459261,0.534908496301746
0.00042469140014551806,0.5348870596518617
0.00042495617034511,0.5348758973155222
0.000425220940544702,0.5348523847299509
0.00042548571074429395,0.5348332847088715
0.0004257504809438859,0.5348180555904587
0.0004260152511434779,0.5348017473242361
0.00042628002134306985,0.5347835297259338
0.0004265447915426619,0.5347745742651271
0.00042680956174225384,0.5347573682128838
0.0004270743319418458,0.5347475940199996
0.0004273391021414378,0.5347380080703861
0.00042760387234102974,0.5347187004181286
0.0004278686425406217,0.5347001532920167
0.00042813341274021367,0.5346904949061309
0.00042839818293980564,0.5346685249371907
0.0004286629531393976,0.5346532214131812
0.00042892772333898957,0.5346263935387973
0.00042919249353858154,0.5345925777138207
0.0004294572637381735,0.5345745671827665
0.00042972203393776547,0.5345661006985252
0.00042998680413735744,0.5345511095672063
0.0004302515743369494,0.5345374863858633
0.00043051634453654137,0.5345373351781441
0.00043078111473613334,0.5345351775270079
0.0004310458849357253,0.5345245418026908
0.00043131065513531727,0.5345036244808699
0.00043157542533490923,0.5344780251924781
0.0004318401955345012,0.5344651809804307
0.00043210496573409317,0.5344416754831194
0.0004323697359336852,0.5344416696666165
0.00043263450613327715,0.5344255710841221
0.0004328992763328691,0.5344179804115665
0.0004331640465324611,0.5343971996515501
0.00043342881673205305,0.5343717328329648
0.000433693586931645,0.5343470728717075
0.000433958357131237,0.534341889225514
0.00043422312733082895,0.5343245765526271
0.0004344878975304209,0.5342910683872556
0.0004347526677300129,0.5342833676750713
0.00043501743792960485,0.5342727340349893
0.0004352822081291968,0.5342666838450112
0.0004355469783287888,0.5342487313030975
0.00043581174852838075,0.5342325749205198
0.0004360765187279727,0.5341992806696962
0.0004363412889275647,0.5341834169730043
0.00043660605912715665,0.5341663234166317
0.0004368708293267486,0.5341386336443473
0.0004371355995263406,0.5341230338031064
0.00043740036972593255,0.5341025781527582
0.0004376651399255245,0.534077276916303
0.00043792991012511653,0.534058875529022
0.0004381946803247085,0.5340228401288005
0.00043845945052430047,0.5340117558979021
0.00043872422072389243,0.5339811778876835
0.0004389889909234844,0.5339622389154395
0.00043925376112307637,0.5339369026652061
0.00043951853132266833,0.5339278455980361
0.0004397833015222603,0.5339195054312861
0.00044004807172185227,0.5339044689291569
0.00044031284192144423,0.5338868310697406
0.0004405776121210362,0.533883284130239
0.00044084238232062816,0.5338732579057296
0.00044110715252022013,0.5338771082794811
0.0004413719227198121,0.5338647726852497
0.00044163669291940406,0.5338545572366427
0.00044190146311899603,0.5338410808390269
0.000442166233318588,0.5338115229743319
0.00044243100351817996,0.5337849450664782
0.00044269577371777193,0.5337757710293075
0.0004429605439173639,0.533754950687441
0.00044322531411695586,0.5337535283440137
0.0004434900843165479,0.5337217974574665
0.00044375485451613985,0.5336927015615412
0.0004440196247157318,0.5336730904616203
0.0004442843949153238,0.5336615340530311
0.00044454916511491575,0.5336466316724285
0.0004448139353145077,0.5336389142745279
0.0004450787055140997,0.5336231939841958
0.00044534347571369165,0.5336092932645013
0.0004456082459132836,0.5336039547106886
0.0004458730161128756,0.5335938158304583
0.00044613778631246755,0.5335704102182308
0.0004464025565120595,0.5335426615259362
0.0004466673267116515,0.5335230524788314
0.00044693209691124344,0.5335081805365506
0.0004471968671108354,0.5334898386048141
0.0004474616373104274,0.533478905432415
0.00044772640751001934,0.5334509709899649
0.0004479911777096113,0.533437461948831
0.0004482559479092033,0.5334166049277768
0.00044852071810879524,0.5334039036928349
0.0004487854883083872,0.5333970565170849
0.00044905025850797923,0.5333838593749941
0.0004493150287075712,0.5333651089419666
0.00044957979890716316,0.5333575917724828
0.00044984456910675513,0.5333458169747145
0.0004501093393063471,0.5333478173247501
0.00045037410950593906,0.5333330215261248
0.000450638879705531,0.5333269249200289
0.000450903649905123,0.5333068816090427
0.00045116842010471496,0.5333023168229023
0.0004514331903043069,0.5332814548536793
0.0004516979605038989,0.5332661209494869
0.00045196273070349086,0.5332518743322137
0.0004522275009030828,0.533236568933907
0.0004524922711026748,0.5332162274668696
0.00045275704130226676,0.5331970785031472
0.0004530218115018587,0.5331649197382926
0.0004532865817014507,0.5331457782948953
0.00045355135190104266,0.5331405889736268
0.0004538161221006346,0.5331127175418229
0.0004540808923002266,0.5330876909297517
0.00045434566249981856,0.5330874703058265
0.0004546104326994105,0.5330747983630376
0.00045487520289900254,0.5330680880869795
0.0004551399730985945,0.5330413896371129
0.0004554047432981865,0.5330265134759213
0.00045566951349777844,0.5330161733680143
0.0004559342836973704,0.5330003480529906
0.0004561990538969624,0.5329759109964717
0.00045646382409655434,0.532975480473106
0.0004567285942961463,0.5329536452563612
0.0004569933644957383,0.5329426722611108
0.00045725813469533024,0.5329271085510566
0.0004575229048949222,0.532915217657357
0.00045778767509451417,0.5329036890642965
0.00045805244529410614,0.5329008253668132
0.0004583172154936981,0.5328772936430894
0.00045858198569329007,0.532854444846059
0.00045884675589288204,0.5328324929485257
0.000459111526092474,0.5328187116576018
0.00045937629629206597,0.5328105710363823
0.00045964106649165794,0.5328000802245413
0.0004599058366912499,0.5327839576351384
0.00046017060689084187,0.5327688003738065
0.0004604353770904339,0.5327561074942043
0.00046070014729002586,0.5327349040633925
0.0004609649174896178,0.5327127624495901
0.0004612296876892098,0.5326984257888814
0.00046149445788880175,0.5326823045511889
0.0004617592280883937,0.5326730159982043
0.0004620239982879857,0.5326575242042094
0.00046228876848757765,0.532636358574292
0.0004625535386871696,0.5326217468623016
0.0004628183088867616,0.5325962564190361
0.00046308307908635355,0.532572816799325
0.0004633478492859455,0.5325489947364472
0.0004636126194855375,0.5325163757843612
0.00046387738968512945,0.5325096567887246
0.0004641421598847214,0.5325084957053564
0.0004644069300843134,0.532490371468554
0.00046467170028390535,0.5324758994812471
0.0004649364704834973,0.5324540264610731
0.0004652012406830893,0.5324268903625221
0.00046546601088268125,0.5324017935750367
0.0004657307810822732,0.5323893156175589
0.0004659955512818652,0.5323861396662474
0.0004662603214814572,0.5323795440322293
0.00046652509168104917,0.5323590764682594
0.00046678986188064114,0.5323366226352458
0.0004670546320802331,0.5323238052854755
0.00046731940227982507,0.532311548665954
0.00046758417247941703,0.5322874351537841
0.000467848942679009,0.5322645568143012
0.00046811371287860097,0.532247603049341
0.00046837848307819293,0.5322215806580688
0.0004686432532777849,0.5322041235264844
0.00046890802347737687,0.532183806065339
0.00046917279367696883,0.5321677408826889
0.0004694375638765608,0.5321541151626503
0.00046970233407615277,0.5321298992878685
0.00046996710427574473,0.5321113971822938
0.0004702318744753367,0.5320881071806823
0.00047049664467492866,0.5320769644556315
0.00047076141487452063,0.5320557929639382
0.0004710261850741126,0.5320471812362058
0.00047129095527370456,0.5320325856536656
0.00047155572547329653,0.5319974366378576
0.00047182049567288855,0.5319818130228998
0.0004720852658724805,0.5319656497709212
0.0004723500360720725,0.5319557664250869
0.00047261480627166445,0.5319372267178265
0.0004728795764712564,0.5319196159702202
0.0004731443466708484,0.5319143261458552
0.00047340911687044035,0.5318996597122353
0.0004736738870700323,0.5318851539406326
0.0004739386572696243,0.5318633204424368
0.00047420342746921625,0.5318467038852644
0.0004744681976688082,0.5318367459776299
0.0004747329678684002,0.5318105976248781
0.00047499773806799215,0.5317837428863603
0.0004752625082675841,0.5317569099558891
0.0004755272784671761,0.5317452513423846
0.00047579204866676804,0.5317339855339761
0.00047605681886636,0.5317215575441987
0.000476321589065952,0.5317008547942844
0.00047658635926554394,0.5316688317216113
0.0004768511294651359,0.5316616718365307
0.0004771158996647279,0.5316583404263712
0.0004773806698643199,0.5316532758178614
0.00047764544006391186,0.5316449891045395
0.00047791021026350383,0.5316367154832888
0.0004781749804630958,0.5316169175783327
0.00047843975066268776,0.5316104957911378
0.00047870452086227973,0.5316012232266956
0.0004789692910618717,0.5315831094594134
0.00047923406126146366,0.531562380157771
0.00047949883146105563,0.5315534736169818
0.0004797636016606476,0.5315479467110874
0.00048002837186023956,0.5315394187450201
0.0004802931420598315,0.5315199871376578
0.0004805579122594235,0.5314974850158818
0.00048082268245901546,0.531481338524656
0.0004810874526586074,0.531480170022464
0.0004813522228581994,0.5314558349860015
0.00048161699305779136,0.5314399705703748
0.0004818817632573833,0.5314307874229357
0.0004821465334569753,0.5314264924506077
0.00048241130365656726,0.5314222881907725
0.0004826760738561592,0.5314105192913786
0.00048294084405575124,0.5313772854450737
0.0004832056142553432,0.5313450994680674
0.0004834703844549352,0.5313323140669273
0.00048373515465452714,0.5313160113390386
0.0004839999248541191,0.5313049088455799
0.0004842646950537111,0.5312786423714275
0.00048452946525330304,0.5312535861348084
0.000484794235452895,0.5312447916357002
0.000485059005652487,0.5312343197894747
0.00048532377585207894,0.5312106543080204
0.0004855885460516709,0.5311880344025283
0.0004858533162512629,0.5311787437976415
0.00048611808645085484,0.5311832133163122
0.0004863828566504468,0.5311708881970456
0.00048664762685003877,0.5311554257878007
0.00048691239704963074,0.5311479162547644
0.0004871771672492227,0.5311249969263863
0.00048744193744881467,0.5311058125572302
0.00048770670764840664,0.5310952122010405
0.0004879714778479986,0.5310794047482233
0.00048823624804759057,0.5310716602444419
0.0004885010182471825,0.5310472387132341
0.0004887657884467745,0.5310338502680381
0.0004890305586463665,0.531023421274256
0.0004892953288459584,0.5310214447297619
0.0004895600990455504,0.5309861802325971
0.0004898248692451424,0.5309685306980665
0.0004900896394447343,0.5309617649084895
0.0004903544096443263,0.5309559244651553
0.0004906191798439183,0.5309430211432838
0.0004908839500435102,0.530941149432981
0.0004911487202431022,0.5309336264149125
0.0004914134904426943,0.5309224566718121
0.0004916782606422862,0.5309036861392743
0.0004919430308418782,0.5308835201525325
0.0004922078010414702,0.5308841500931306
0.0004924725712410621,0.5308742754809225
0.0004927373414406541,0.530869101132853
0.0004930021116402461,0.5308612021823073
0.000493266881839838,0.5308386527368514
0.00049353165203943,0.5308203288910281
0.000493796422239022,0.5308022858313662
0.0004940611924386139,0.5308024890375008
0.0004943259626382059,0.5307925421136168
0.0004945907328377979,0.5307725804200422
0.0004948555030373898,0.5307580000640348
0.0004951202732369818,0.530738299795466
0.0004953850434365738,0.5307256402974033
0.0004956498136361657,0.5307127032363302
0.0004959145838357577,0.530706728809893
0.0004961793540353497,0.5306810447554474
0.0004964441242349416,0.5306560843728102
0.0004967088944345336,0.530632929148671
0.0004969736646341256,0.5306213988897321
0.0004972384348337175,0.5306118047002154
0.0004975032050333095,0.5306086981402457
0.0004977679752329015,0.5305822198126605
0.0004980327454324934,0.5305723114760608
0.0004982975156320854,0.5305672861806578
0.0004985622858316774,0.5305582659706264
0.0004988270560312693,0.5305474587251886
0.0004990918262308613,0.5305190188948433
0.0004993565964304533,0.5305165151939877
0.0004996213666300452,0.5304971992449957
0.0004998861368296372,0.5304773791541949
0.0005001509070292292,0.5304671005689817
0.0005004156772288211,0.5304669549710631
0.0005006804474284131,0.5304305701680921
0.0005009452176280051,0.5304117502375404
0.000501209987827597,0.5304011760784876
0.000501474758027189,0.5303916955334104
0.000501739528226781,0.5303884707245964
0.0005020042984263729,0.5303757985289221
0.0005022690686259649,0.5303468990729603
0.0005025338388255569,0.5303368507486859
0.0005027986090251489,0.5303371071613966
0.0005030633792247409,0.5303207646682512
0.0005033281494243329,0.5303133437238097
0.0005035929196239248,0.5302958810958879
0.0005038576898235168,0.5302859606501686
0.0005041224600231088,0.530274433423707
0.0005043872302227007,0.5302739667613723
0.0005046520004222927,0.5302552975351631
0.0005049167706218847,0.530233853019827
0.0005051815408214766,0.5302248636861516
0.0005054463110210686,0.5302092377737937
0.0005057110812206606,0.5301934663143809
0.0005059758514202525,0.5301779819566538
0.0005062406216198445,0.5301692186293749
0.0005065053918194365,0.5301716832725591
0.0005067701620190284,0.5301506886832932
0.0005070349322186204,0.53012770414047
0.0005072997024182124,0.53012160526817
0.0005075644726178043,0.530106333587461
0.0005078292428173963,0.5300936486934515
0.0005080940130169883,0.5300743295682858
0.0005083587832165802,0.5300591604541275
0.0005086235534161722,0.5300488603995285
0.0005088883236157642,0.5300424196465991
0.0005091530938153561,0.5300245639647017
0.0005094178640149481,0.5300251217843218
0.0005096826342145401,0.5300123657787904
0.000509947404414132,0.5299936739248862
0.000510212174613724,0.529990593253543
0.000510476944813316,0.5299735833615103
0.0005107417150129079,0.5299710113549023
0.0005110064852124999,0.529964635548593
0.0005112712554120919,0.5299469126860298
0.0005115360256116838,0.5299287630635717
0.0005118007958112758,0.5299104359612137
0.0005120655660108678,0.5298988902357505
0.0005123303362104597,0.5298852728660182
0.0005125951064100517,0.5298696301614148
0.0005128598766096437,0.5298592983395568
0.0005131246468092356,0.52984857613113
0.0005133894170088276,0.5298339776367159
0.0005136541872084196,0.5298188995457672
0.0005139189574080115,0.5297898981117952
0.0005141837276076036,0.5297769130227193
0.0005144484978071956,0.5297726899342792
0.0005147132680067875,0.5297514789896034
0.0005149780382063795,0.529750729758336
0.0005152428084059715,0.5297439187819133
0.0005155075786055634,0.5297488951857887
0.0005157723488051554,0.5297306425915029
0.0005160371190047474,0.5297206426098265
0.0005163018892043393,0.5297161943790492
0.0005165666594039313,0.5297009883997116
0.0005168314296035233,0.5296823337501639
0.0005170961998031152,0.529656462461003
0.0005173609700027072,0.5296412503279987
0.0005176257402022992,0.5296267100916462
0.0005178905104018911,0.5296095117080085
0.0005181552806014831,0.5295971828157799
0.0005184200508010751,0.5295903788481711
0.000518684821000667,0.5295846722397354
0.000518949591200259,0.5295755059216705
0.000519214361399851,0.5295583088686755
0.0005194791315994429,0.5295496780944596
0.0005197439017990349,0.5295343258037329
0.0005200086719986269,0.5295193231592052
0.0005202734421982188,0.5295069026931439
0.0005205382123978108,0.5294966041297533
0.0005208029825974028,0.5294719983541177
0.0005210677527969947,0.529446403594776
0.0005213325229965867,0.5294360049638627
0.0005215972931961787,0.529424952350613
0.0005218620633957706,0.5294117939852844
0.0005221268335953626,0.529387456285882
0.0005223916037949546,0.5293805200779494
0.0005226563739945465,0.5293618290947476
0.0005229211441941385,0.5293553417860266
0.0005231859143937305,0.5293403965449385
0.0005234506845933224,0.5293458433345687
0.0005237154547929144,0.529329040998681
0.0005239802249925064,0.5293152487707059
0.0005242449951920983,0.529314479011808
0.0005245097653916903,0.5292804300517234
0.0005247745355912822,0.5292548772420622
0.0005250393057908742,0.5292512939917241
0.0005253040759904662,0.5292298473808661
0.0005255688461900583,0.5292261521482498
0.0005258336163896502,0.5292097383803419
0.0005260983865892422,0.5292131894920894
0.0005263631567888342,0.5291915847788792
0.0005266279269884261,0.5291769038084583
0.0005268926971880181,0.5291650995395089
0.0005271574673876101,0.5291559830058249
0.000527422237587202,0.5291501847360593
0.000527687007786794,0.5291287745780444
0.000527951777986386,0.5291226684049635
0.0005282165481859779,0.5291035663501306
0.0005284813183855699,0.5290837940969788
0.0005287460885851619,0.529083462029485
0.0005290108587847538,0.5290919508030953
0.0005292756289843458,0.5290883840753101
0.0005295403991839378,0.5290769443639824
0.0005298051693835297,0.5290753758876432
0.0005300699395831217,0.5290530806329209
0.0005303347097827137,0.5290578519620864
0.0005305994799823056,0.5290406779975778
0.0005308642501818976,0.5290252402314374
0.0005311290203814895,0.5290063422325909
0.0005313937905810815,0.5290016895837154
0.0005316585607806735,0.5289890290203044
0.0005319233309802654,0.5289708744852278
0.0005321881011798574,0.528970529365256
0.0005324528713794494,0.5289553345010404
0.0005327176415790413,0.5289517891434503
0.0005329824117786333,0.5289496388890972
0.0005332471819782253,0.528936856320141
0.0005335119521778172,0.5289053110984917
0.0005337767223774092,0.5288843618671066
0.0005340414925770012,0.5288929663099687
0.0005343062627765931,0.5288906926045998
0.0005345710329761851,0.5288755727085886
0.0005348358031757771,0.528865817196973
0.000535100573375369,0.5288361784131546
0.000535365343574961,0.5288324572871612
0.000535630113774553,0.5288158478313881
0.0005358948839741449,0.5287985479816456
0.0005361596541737369,0.5287907161823152
0.0005364244243733289,0.5287851275124846
0.000536689194572921,0.5287760278062527
0.0005369539647725129,0.528754832221944
0.0005372187349721049,0.528727821438095
0.0005374835051716968,0.5287191083954444
0.0005377482753712888,0.5287139035186883
0.0005380130455708808,0.5286994265749693
0.0005382778157704727,0.5286764959145672
0.0005385425859700647,0.5286639539658944
0.0005388073561696567,0.5286529853664815
0.0005390721263692486,0.5286472566610831
0.0005393368965688406,0.5286337419666778
0.0005396016667684326,0.5286174506769669
0.0005398664369680245,0.5285998061334884
0.0005401312071676165,0.5284782416197353
0.0005403959773672085,0.5282428964157515
0.0005406607475668004,0.528012991855398
0.0005409255177663924,0.5277883924632147
0.0005411902879659844,0.5275689658701809
0.0005414550581655763,0.5273545836174917
0.0005417198283651683,0.5271451210280537
0.0005419845985647603,0.5269404570315398
0.0005422493687643522,0.5267404740282768
0.0005425141389639442,0.5265450577698428
0.0005427789091635362,0.5263540972455709
0.0005430436793631281,0.5261674845731745
0.0005433084495627201,0.5259851148934983
0.0005435732197623121,0.5258068862693568
0.000543837989961904,0.5256326995883083
0.000544102760161496,0.5254624584691985
0.000544367530361088,0.5252960691723251
0.0005446323005606799,0.5251334405130782
0.0005448970707602719,0.5249744837789201
0.0005451618409598639,0.5248191126495569
0.0005454266111594558,0.5246672431201573
0.0005456913813590478,0.5245187934274679
0.0005459561515586398,0.5243736839786863
0.0005462209217582317,0.5242318372829606
0.0005464856919578237,0.5240931778854024
0.0005467504621574157,0.5239576323035114
0.0005470152323570076,0.5238251289659169
0.0005472800025565996,0.5236955981533447
0.0005475447727561916,0.5235689719417141
0.0005478095429557835,0.523445184147275
0.0005480743131553756,0.5233241702736894
0.0005483390833549676,0.5232058674609821
0.0005486038535545595,0.5230902144362862
0.0005488686237541515,0.5229771514663275
0.0005491333939537435,0.5228666203115977
0.0005493981641533354,0.5227585641821653
0.0005496629343529274,0.5226529276950723
0.0005499277045525194,0.522549656833251
0.0005501924747521113,0.5224486989058855
0.0005504572449517033,0.5223500025101365
0.0005507220151512953,0.5222535174941484
0.0005509867853508872,0.5221591949212631
0.0005512515555504792,0.5220669870353865
0.0005515163257500712,0.5219768472274653
0.0005517810959496631,0.5218887300030489
0.0005520458661492551,0.5218025909509132
0.0005523106363488471,0.5217183867127217
0.000552575406548439,0.5216360749536929
0.000552840176748031,0.5215556143342356
0.000553104946947623,0.5214769644825161
0.0005533697171472149,0.5214000859679244
0.0005536344873468069,0.5213249402754075
0.0005538992575463989,0.5212514897806468
0.0005541640277459908,0.5211796977260472
0.0005544287979455828,0.521109528197506
0.0005546935681451748,0.5210409461019229
0.0005549583383447667,0.5209739171454065
0.0005552231085443587,0.5209084078121398
0.0005554878787439507,0.5208443853438653
0.0005557526489435426,0.5207818177199671
0.0005560174191431346,0.5207206736381309
0.0005562821893427266,0.5206609224955792
0.0005565469595423185,0.5206025343708749
0.0005568117297419105,0.5205454800062929
0.0005570764999415025,0.5204897307907504
0.0005573412701410944,0.5204352587432813
0.0005576060403406864,0.5203820364970347
0.0005578708105402784,0.5203300372837735
0.0005581355807398703,0.5202792349188426
0.0005584003509394623,0.5202296037865806
0.0005586651211390543,0.5201811188261456
0.0005589298913386462,0.520133755517732
0.0005591946615382383,0.5200874898691606
0.0005594594317378303,0.5200422984028329
0.0005597242019374222,0.519998158143045
0.0005599889721370142,0.5199550466036629
0.0005602537423366062,0.5199129417761562
0.0005605185125361981,0.5198718221179843
0.0005607832827357901,0.5198316665413225
0.0005610480529353821,0.5197924544021144
0.000561312823134974,0.5197541654894321
0.000561577593334566,0.5197167800151339
0.000561842363534158,0.5196802786038087
0.0005621071337337499,0.519644642283004
0.0005623719039333419,0.5196098524737305
0.0005626366741329339,0.5195758909812367
0.0005629014443325258,0.519542739986045
0.0005631662145321178,0.5195103820352319
0.0005634309847317098,0.5194788000339419
0.0005636957549313017,0.5194479772371204
0.0005639605251308937,0.5194178972414593
0.0005642252953304857,0.5193885439775463
0.0005644900655300776,0.5193599017022241
0.0005647548357296696,0.5193319549911526
0.0005650196059292616,0.5193046887315811
0.0005652843761288535,0.5192780881153264
0.0005655491463284455,0.5192521386319529
0.0005658139165280375,0.5192268260621501
0.0005660786867276294,0.5192021364712955
0.0005663434569272214,0.5191780562031927
0.0005666082271268134,0.5191545718739673
0.0005668729973264053,0.5191316703661129
0.0005671377675259973,0.5191093388226766
0.0005674025377255893,0.5190875646415859
0.0005676673079251812,0.5190663354701239
0.0005679320781247732,0.5190456391995655
0.0005681968483243652,0.5190254639599772
0.0005684616185239571,0.5190057981151845
0.0005687263887235491,0.5189866302578948
0.0005689911589231411,0.518967949204958
0.000569255929122733,0.5189497439927462
0.000569520699322325,0.5189320038726313
0.000569785469521917,0.5189147183065491
0.0005700502397215089,0.5188978769626426
0.0005703150099211009,0.5188814697109841
0.000570579780120693,0.518865486619385
0.0005708445503202849,0.5188499179492905
0.0005711093205198769,0.5188347541517693
0.0005713740907194689,0.5188199858635923
0.0005716388609190608,0.5188056039034051
0.0005719036311186528,0.5187915992679955
0.0005721684013182448,0.518777963128664
0.0005724331715178367,0.5187646868277035
0.0005726979417174287,0.5187517618749905
0.0005729627119170207,0.5187391799446845
0.0005732274821166126,0.5187269328720272
0.0005734922523162046,0.5187150126502258
0.0005737570225157966,0.5187034114274116
0.0005740217927153885,0.5186921215036665
0.0005742865629149805,0.5186811353281174
0.0005745513331145725,0.5186704454961054
0.0005748161033141644,0.5186600447464371
0.0005750808735137564,0.5186499259587245
0.0005753456437133484,0.5186400821508146
0.0005756104139129403,0.5186305064762978
0.0005758751841125323,0.5186211922220808
0.0005761399543121243,0.5186121328060006
0.0005764047245117162,0.5186033217744623
0.0005766694947113082,0.5185947528000867
0.0005769342649109002,0.518586419679365
0.0005771990351104921,0.5185783163303279
0.0005774638053100841,0.5185704367902382
0.0005777285755096761,0.5185627752133236
0.000577993345709268,0.5185553258685665
0.00057825811590886,0.5185480831375653
0.000578522886108452,0.5185410415124779
0.0005787876563080439,0.5185341955940529
0.0005790524265076359,0.5185275400897422
0.0005793171967072279,0.5185210698118851
0.0005795819669068198,0.5185147796759444
0.0005798467371064118,0.5185086646987821
0.0005801115073060038,0.5185027199969611
0.0005803762775055957,0.5184969407850736
0.0005806410477051877,0.518491322374099
0.0005809058179047797,0.5184858601697996
0.0005811705881043716,0.5184805496711615
0.0005814353583039636,0.5184753864688856
0.0005817001285035556,0.5184703662439238
0.0005819648987031476,0.5184654847660621
0.0005822296689027396,0.5184607378925367
0.0005824944391023316,0.5184561215666826
0.0005827592093019235,0.5184516318166088
0.0005830239795015155,0.5184472647538956
0.0005832887497011075,0.518443016572316
0.0005835535199006994,0.5184388835465826
0.0005838182901002914,0.5184348620311208
0.0005840830602998834,0.5184309484588732
0.0005843478304994753,0.5184271393401397
0.0005846126006990673,0.5184234312614525
0.0005848773708986593,0.518419820884485
0.0005851421410982512,0.5184163049449861
0.0005854069112978432,0.5184128802517327
0.0005856716814974352,0.5184095436854919
0.0005859364516970271,0.5184062921979908
0.0005862012218966191,0.5184031228109035
0.000586465992096211,0.5184000326148613
0.000586730762295803,0.5183970187685094
0.000586995532495395,0.5183940784976124
0.000587260302694987,0.5183912090942138
0.0005875250728945789,0.5183884079158332
0.0005877898430941709,0.5183856723846807
0.0005880546132937629,0.5183829999868632
0.0005883193834933548,0.5183803882715698
0.0005885841536929468,0.5183778348502351
0.0005888489238925388,0.5183753373957002
0.0005891136940921307,0.5183728936413926
0.0005893784642917227,0.5183705013805449
0.0005896432344913147,0.5183681584654544
0.0005899080046909066,0.5183658628067752
0.0005901727748904986,0.518363612372825
0.0005904375450900905,0.5183614051888941
0.0005907023152896825,0.5183592393365594
0.0005909670854892745,0.5183571129530175
0.0005912318556888664,0.5183550242304535
0.0005914966258884584,0.5183529714154607
0.0005917613960880504,0.5183509528085103
0.0005920261662876423,0.5183489667634626
0.0005922909364872343,0.5183470116871027
0.0005925557066868263,0.5183450860386893
0.0005928204768864182,0.518343188329514
0.0005930852470860102,0.5183413171224764
0.0005933500172856023,0.5183394710316878
0.0005936147874851943,0.5183376487221134
0.0005938795576847862,0.5183358489092659
0.0005941443278843782,0.5183340703589503
0.0005944090980839702,0.5183323118870541
0.0005946738682835621,0.518330572359362
0.0005949386384831541,0.5183288506913711
0.000595203408682746,0.5183271458480789
0.000595468178882338,0.5183254568437263
0.00059573294908193,0.5183237827414932
0.000595997719281522,0.5183221226531576
0.0005962624894811139,0.5183204757387372
0.0005965272596807059,0.5183188412061314
0.0005967920298802978,0.5183172183107755
0.0005970568000798898,0.5183156063553109
0.0005973215702794818,0.518314004689267
0.0005975863404790737,0.5183124127087486
0.0005978511106786657,0.5183108298561178
0.0005981158808782577,0.5183092556196582
0.0005983806510778496,0.5183076895331976
0.0005986454212774416,0.5183061311756407
0.0005989101914770336,0.518304580170327
0.0005991749616766255,0.5183030361840752
0.0005994397318762175,0.5183014989257329
0.0005997045020758095,0.5182999681440343
0.0005999692722754014,0.5182984436246179
0.0006002340424749934,0.5182969251861652
0.0006004988126745854,0.518295412675794
0.0006007635828741773,0.5182939059639976
0.0006010283530737693,0.5182924049395337
0.0006012931232733613,0.5182909095046796
0.0006015578934729532,0.5182894195711794
0.0006018226636725452,0.5182879350570597
0.0006020874338721372,0.518286455884329
0.0006023522040717291,0.5182849819774459
0.0006026169742713211,0.5182835132623865
0.0006028817444709131,0.5182820496661192
0.000603146514670505,0.5182805911163362
0.000603411284870097,0.5182791375413275
0.000603676055069689,0.5182776888699282
0.0006039408252692809,0.5182762450314975
0.0006042055954688729,0.5182748059559126
0.000604470365668465,0.5182733715735665
0.000604735135868057,0.5182719418153684
0.0006049999060676489,0.5182705166127437
0.0006052646762672409,0.5182690958976343
0.0006055294464668328,0.5182676796024989
0.0006057942166664248,0.5182662676603137
0.0006060589868660168,0.5182648600045725
0.0006063237570656087,0.5182634565692865
0.0006065885272652007,0.5182620572889854
0.0006068532974647927,0.5182606620987171
0.0006071180676643846,0.5182592709340478
0.0006073828378639766,0.5182578837310622
0.0006076476080635686,0.5182565004263643
0.0006079123782631605,0.5182551209570764
0.0006081771484627525,0.5182537452608402
0.0006084419186623445,0.5182523732758162
0.0006087066888619364,0.5182510049406839
0.0006089714590615284,0.5182496401946419
0.0006092362292611204,0.5182482789774079
0.0006095009994607123,0.5182469212292186
0.0006097657696603043,0.5182455668908293
0.0006100305398598963,0.5182442159035144
0.0006102953100594882,0.5182428682090668
0.0006105600802590802,0.5182415237497978
0.0006108248504586722,0.5182401824685369
0.0006110896206582641,0.5182388443086315
0.0006113543908578561,0.5182375092139472
0.0006116191610574481,0.5182361771288666
0.00061188393125704,0.5182348479982896
0.000612148701456632,0.5182335217676326
0.000612413471656224,0.518232198382829
0.0006126782418558159,0.5182308777903273
0.0006129430120554079,0.5182295599370921
0.0006132077822549999,0.5182282447706028
0.0006134725524545918,0.5182269322388534
0.0006137373226541838,0.5182256222903516
0.0006140020928537758,0.5182243148741187
0.0006142668630533677,0.5182230099396887
0.0006145316332529597,0.5182217074371076
0.0006147964034525517,0.518220407316933
0.0006150611736521436,0.5182191095302332
0.0006153259438517356,0.5182178140285865
0.0006155907140513276,0.5182165207640805
0.0006158554842509196,0.5182152296893111
0.0006161202544505116,0.5182139407573821
0.0006163850246501036,0.5182126539219039
0.0006166497948496955,0.5182113691369925
0.0006169145650492875,0.5182100863572697
0.0006171793352488795,0.5182088055378605
0.0006174441054484714,0.5182075266343935
0.0006177088756480634,0.5182062496029991
0.0006179736458476554,0.5182049744003087
0.0006182384160472473,0.5182037009834538
0.0006185031862468393,0.5182024293100649
0.0006187679564464313,0.5182011593382698
0.0006190327266460232,0.5181998910266934
0.0006192974968456152,0.5181986243344557
0.0006195622670452072,0.5181973592211713
0.0006198270372447991,0.5181960956469472
0.0006200918074443911,0.5181948335723829
0.0006203565776439831,0.518193572958568
0.000620621347843575,0.5181923137670813
0.000620886118043167,0.5181910559599895
0.000621150888242759,0.5181897994998459
0.0006214156584423509,0.5181885443496889
0.0006216804286419429,0.5181872904730407
0.0006219451988415349,0.5181860378339057
0.0006222099690411268,0.5181847863967692
0.0006224747392407188,0.5181835361265964
0.0006227395094403108,0.5181822869888298
0.0006230042796399027,0.5181810389493888
0.0006232690498394947,0.5181797919746673
0.0006235338200390867,0.5181785460315329
0.0006237985902386786,0.5181773010873247
0.0006240633604382706,0.518176057109852
0.0006243281306378626,0.5181748140673926
0.0006245929008374545,0.5181735719286912
0.0006248576710370465,0.5181723306629573
0.0006251224412366385,0.5181710902398643
0.0006253872114362304,0.5181698506295467
0.0006256519816358224,0.5181686118025994
0.0006259167518354144,0.5181673737300752
0.0006261815220350063,0.5181661363834827
0.0006264462922345983,0.5181648997347857
0.0006267110624341903,0.5181636637563999
0.0006269758326337823,0.5181624284211916
0.0006272406028333743,0.5181611937024762
0.0006275053730329663,0.518159959574015
0.0006277701432325582,0.5181587260100144
0.0006280349134321502,0.5181574929851235
0.0006282996836317422,0.5181562604744314
0.0006285644538313341,0.5181550284534662
0.0006288292240309261,0.5181537968981915
0.0006290939942305181,0.5181525657850059
0.00062935876443011,0.5181513350907391
0.000629623534629702,0.5181501047926508
0.000629888304829294,0.5181488748684281
0.0006301530750288859,0.5181476452961831
0.0006304178452284779,0.5181464160544507
0.0006306826154280699,0.5181451871221862
0.0006309473856276618,0.518143958478763
0.0006312121558272538,0.51814273010397
0.0006314769260268458,0.5181415019780095
0.0006317416962264377,0.5181402740814939
0.0006320064664260297,0.5181390463954443
0.0006322712366256217,0.5181378189012871
0.0006325360068252136,0.5181365915808518
0.0006328007770248056,0.5181353644163683
0.0006330655472243976,0.5181341373904643
0.0006333303174239895,0.5181329104861623
0.0006335950876235815,0.5181316836868772
0.0006338598578231735,0.5181304569764138
0.0006341246280227654,0.5181292303389632
0.0006343893982223574,0.5181280037591006
0.0006346541684219494,0.5181267772217827
0.0006349189386215413,0.5181255507123439
0.0006351837088211333,0.518124324216494
0.0006354484790207253,0.5181230977203155
0.0006357132492203172,0.5181218712102598
0.0006359780194199092,0.5181206446731448
0.0006362427896195012,0.5181194180961518
0.0006365075598190931,0.5181181914668223
0.0006367723300186851,0.5181169647730546
0.0006370371002182771,0.5181157380031014
0.000637301870417869,0.5181145111455658
0.000637566640617461,0.5181132841893988
0.000637831410817053,0.5181120571238955
0.0006380961810166449,0.5181108299386921
0.000638360951216237,0.5181096026237623
0.000638625721415829,0.5181083751694147
0.0006388904916154209,0.5181071475662884
0.0006391552618150129,0.5181059198053504
0.0006394200320146049,0.5181046918778917
0.0006396848022141968,0.5181034637755239
0.0006399495724137888,0.5181022354901755
0.0006402143426133808,0.5181010070140889
0.0006404791128129727,0.518099778339816
0.0006407438830125647,0.518098549460215
0.0006410086532121567,0.5180973203684468
0.0006412734234117486,0.5180960910579706
0.0006415381936113406,0.518094861522541
0.0006418029638109326,0.5180936317562036
0.0006420677340105245,0.5180924017532909
0.0006423325042101165,0.5180911715084189
0.0006425972744097085,0.5180899410164831
0.0006428620446093004,0.5180887102726539
0.0006431268148088924,0.5180874792723731
0.0006433915850084844,0.5180862480113496
0.0006436563552080763,0.5180850164855549
0.0006439211254076683,0.5180837846912194
0.0006441858956072603,0.5180825526248279
0.0006444506658068522,0.518081320283115
0.0006447154360064442,0.5180800876630612
0.0006449802062060362,0.5180788547618882
0.0006452449764056281,0.5180776215770541
0.0006455097466052201,0.5180763881062496
0.000645774516804812,0.5180751543473929
0.000646039287004404,0.5180739202986251
0.000646304057203996,0.5180726859583056
0.000646568827403588,0.5180714513250075
0.0006468335976031799,0.5180702163975124
0.0006470983678027719,0.518068981174806
0.0006473631380023639,0.5180677456560729
0.0006476279082019558,0.518066509840692
0.0006478926784015478,0.5180652737282311
0.0006481574486011398,0.5180640373184422
0.0006484222188007317,0.5180628006112562
0.0006486869890003237,0.5180615636067782
0.0006489517591999156,0.5180603263052821
0.0006492165293995076,0.5180590887072047
0.0006494812995990996,0.518057850813142
0.0006497460697986917,0.5180566126238426
0.0006500108399982836,0.518055374140203
0.0006502756101978756,0.5180541353632621
0.0006505403803974676,0.5180528962941958
0.0006508051505970595,0.5180516569343122
0.0006510699207966515,0.5180504172850452
0.0006513346909962435,0.5180491773479496
0.0006515994611958354,0.518047937124696
0.0006518642313954274,0.5180466966170646
0.0006521290015950194,0.5180454558269404
0.0006523937717946113,0.5180442147563072
0.0006526585419942033,0.5180429734072428
0.0006529233121937953,0.5180417317819128
0.0006531880823933872,0.5180404898825658
0.0006534528525929792,0.5180392477115275
0.0006537176227925712,0.5180380052711959
0.0006539823929921631,0.5180367625640354
0.0006542471631917551,0.5180355195925719
0.000654511933391347,0.5180342763593874
0.000654776703590939,0.5180330328671149
0.000655041473790531,0.5180317891184334
0.000655306243990123,0.5180305451160628
0.0006555710141897149,0.5180293008627592
0.0006558357843893069,0.5180280563613101
0.0006561005545888988,0.5180268116145295
0.0006563653247884908,0.5180255666252538
0.0006566300949880828,0.5180243213963373
0.0006568948651876747,0.5180230759306479
0.0006571596353872667,0.5180218302310635
0.0006574244055868587,0.5180205843004677
0.0006576891757864506,0.5180193381417466
0.0006579539459860426,0.5180180917577855
0.0006582187161856346,0.518016845151465
0.0006584834863852265,0.5180155983256588
0.0006587482565848185,0.5180143512832307
0.0006590130267844105,0.5180131040270324
0.0006592777969840024,0.5180118565599005
0.0006595425671835944,0.5180106088846553
0.0006598073373831864,0.5180093610040987
0.0006600721075827783,0.5180081129210123
0.0006603368777823703,0.5180068646381565
0.0006606016479819623,0.518005616158269
0.0006608664181815542,0.5180043674840641
