time,n_positive,n_negative,injected_positive,injected_negative,recombination
3.043465168647e-07,1.006523987119e+06,1.001150547646e+06,1.011061710188e+06,1.011061710188e+06,1.829117057865e+01
6.086930337295e-07,2.007826914156e+06,1.993551296968e+06,1.007218862569e+06,1.007218862569e+06,5.873975334242e+01
9.130395505942e-07,3.009179418972e+06,2.983782269597e+06,1.009995755313e+06,1.009995755313e+06,1.212483091677e+02
1.217386067459e-06,4.002615327992e+06,3.964593322126e+06,1.005482124578e+06,1.005482124578e+06,2.050714263546e+02
1.521732584324e-06,4.993229823481e+06,4.941279531332e+06,1.006314249610e+06,1.006314249610e+06,3.102205096545e+02
1.826079101188e-06,5.976080757660e+06,5.908852154410e+06,1.002131074403e+06,1.002131074403e+06,4.357859681332e+02
2.130425618053e-06,6.957782365971e+06,6.873739128815e+06,1.004440671902e+06,1.004440671902e+06,5.817844181880e+02
2.434772134918e-06,7.938107786158e+06,7.835554184579e+06,1.006392359701e+06,1.006392359701e+06,7.486022604622e+02
2.739118651783e-06,8.914424210042e+06,8.791590359070e+06,1.005640279722e+06,1.005640279722e+06,9.358298234438e+02
3.043465168647e-06,9.887053150855e+06,9.742157127521e+06,1.005213600273e+06,1.005213600273e+06,1.142608811418e+03
3.347811685512e-06,1.085796148500e+07,1.068923562566e+07,1.006805724836e+06,1.006805724836e+06,1.369510544977e+03
3.652158202377e-06,1.181818537166e+07,1.162393864188e+07,9.994466084140e+05,9.994466084140e+05,1.613616650777e+03
3.956504719242e-06,1.278516532572e+07,1.256366817844e+07,1.009647643671e+06,1.009647643671e+06,1.879402300064e+03
4.260851236106e-06,1.374959342801e+07,1.349913568244e+07,1.010533802375e+06,1.010533802375e+06,2.164330648413e+03
4.565197752971e-06,1.470435193520e+07,1.442326666812e+07,1.004298121699e+06,1.004298121699e+06,2.465911709023e+03
4.869544269836e-06,1.565913761262e+07,1.534572848157e+07,1.007812722746e+06,1.007812722746e+06,2.786351929154e+03
5.173890786701e-06,1.660600267000e+07,1.625859098668e+07,1.003352462511e+06,1.003352462511e+06,3.123651502390e+03
5.478237303565e-06,1.754689572082e+07,1.716380555172e+07,1.000853168217e+06,1.000853168217e+06,3.477739906271e+03
5.782583820430e-06,1.848849497610e+07,1.806801607554e+07,1.005070336954e+06,1.005070336954e+06,3.849864089292e+03
6.086930337295e-06,1.943291619034e+07,1.897330754809e+07,1.011432710212e+06,1.011432710212e+06,4.242245556086e+03
6.391276854160e-06,2.037148801135e+07,1.987103751178e+07,1.009114733785e+06,1.009114733785e+06,4.650361381818e+03
6.695623371024e-06,2.130117191913e+07,2.075820564395e+07,1.003768199165e+06,1.003768199165e+06,5.072980820195e+03
6.999969887889e-06,2.222831760352e+07,2.164115239561e+07,1.004810286304e+06,1.004810286304e+06,5.510760712233e+03
7.304316404754e-06,2.315957314706e+07,2.252648116359e+07,1.012545493947e+06,1.012545493947e+06,5.968446773868e+03
7.608662921619e-06,2.407557063226e+07,2.339489790112e+07,1.000842416669e+06,1.000842416669e+06,6.436525910065e+03
7.913009438483e-06,2.499055337017e+07,2.426061895963e+07,1.003456535556e+06,1.003456535556e+06,6.921025267782e+03
8.217355955348e-06,2.589583178776e+07,2.511498368727e+07,9.973430601826e+05,9.973430601826e+05,7.417137092487e+03
8.521702472213e-06,2.680137675096e+07,2.596792834670e+07,1.001251648283e+06,1.001251648283e+06,7.929546195108e+03
8.826048989078e-06,2.772174106068e+07,2.683390741337e+07,1.019798295716e+06,1.019798295716e+06,8.467067859862e+03
9.130395505942e-06,2.862510117562e+07,2.768120415545e+07,1.006411868399e+06,1.006411868399e+06,9.011093755277e+03
9.434742022807e-06,2.951992490306e+07,2.851831673059e+07,1.001548170175e+06,1.001548170175e+06,9.565499018378e+03
9.739088539672e-06,3.042429625349e+07,2.936324795024e+07,1.014862637880e+06,1.014862637880e+06,1.014277567217e+04
1.004343505654e-05,3.132043069837e+07,3.019825222412e+07,1.010328707304e+06,1.010328707304e+06,1.072941545087e+04
1.034778157340e-05,3.220737114734e+07,3.102240545403e+07,1.004845735165e+06,1.004845735165e+06,1.132550626555e+04
1.065212809027e-05,3.309436301125e+07,3.184492257045e+07,1.008659005212e+06,1.008659005212e+06,1.193666888086e+04
1.095647460713e-05,3.397710049623e+07,3.266150197444e+07,1.008152194113e+06,1.008152194113e+06,1.255909166863e+04
1.126082112400e-05,3.484847695086e+07,3.346507757095e+07,1.000513878826e+06,1.000513878826e+06,1.318827651776e+04
1.156516764086e-05,3.571803612006e+07,3.426517076523e+07,1.002463058543e+06,1.002463058543e+06,1.382953980458e+04
1.186951415773e-05,3.657960018607e+07,3.505562366550e+07,9.982058278577e+05,9.982058278577e+05,1.448072806307e+04
1.217386067459e-05,3.744763732295e+07,3.585084106230e+07,1.008491387394e+06,1.008491387394e+06,1.514948180984e+04
1.247820719145e-05,3.830724962902e+07,3.663596252898e+07,1.003830257695e+06,1.003830257695e+06,1.582527247436e+04
1.278255370832e-05,3.915780552292e+07,3.741038984223e+07,9.985438601442e+05,9.985438601442e+05,1.650667920069e+04
1.308690022518e-05,4.001399271729e+07,3.818875364475e+07,1.008022818452e+06,1.008022818452e+06,1.720696522052e+04
1.339124674205e-05,4.085616459943e+07,3.895147376943e+07,9.977722019674e+05,9.977722019674e+05,1.790820127686e+04
1.369559325891e-05,4.169826633956e+07,3.971246651779e+07,1.001534057277e+06,1.001534057277e+06,1.862074545596e+04
1.399993977578e-05,4.253922096650e+07,4.047063908311e+07,1.004224038600e+06,1.004224038600e+06,1.934598538652e+04
1.430428629264e-05,4.337501795791e+07,4.122199476603e+07,1.002893066056e+06,1.002893066056e+06,2.007752469217e+04
1.460863280951e-05,4.420784042450e+07,4.196871642328e+07,1.003765156722e+06,1.003765156722e+06,2.082018992414e+04
1.491297932637e-05,4.504253895505e+07,4.271562685388e+07,1.009525412972e+06,1.009525412972e+06,2.157539552770e+04
1.521732584324e-05,4.586534642626e+07,4.344901585123e+07,1.001463501402e+06,1.001463501402e+06,2.233011714124e+04
1.552167236010e-05,4.669009040378e+07,4.418267533041e+07,1.007301754205e+06,1.007301754205e+06,2.309931946277e+04
1.582601887697e-05,4.750658701732e+07,4.490644962734e+07,1.002913978894e+06,1.002913978894e+06,2.387047027343e+04
1.613036539383e-05,4.831925154208e+07,4.562475090211e+07,1.002966053121e+06,1.002966053121e+06,2.465058120627e+04
1.643471191070e-05,4.912924238367e+07,4.633872825480e+07,1.004183022714e+06,1.004183022714e+06,2.543578758894e+04
1.673905842756e-05,4.993955714902e+07,4.705136063885e+07,1.008418784528e+06,1.008418784528e+06,2.623421177686e+04
1.704340494443e-05,5.073957488183e+07,4.775207212732e+07,1.001989288818e+06,1.001989288818e+06,2.703177754970e+04
1.734775146129e-05,5.152322100793e+07,4.843485036728e+07,9.894468957969e+05,9.894468957969e+05,2.781945708868e+04
1.765209797816e-05,5.231380170033e+07,4.912291856685e+07,1.000312241609e+06,1.000312241609e+06,2.862725883625e+04
1.795644449502e-05,5.310176058628e+07,4.980671584475e+07,1.001577616753e+06,1.001577616753e+06,2.944062528102e+04
1.826079101188e-05,5.389175386302e+07,5.049087566054e+07,1.007535616721e+06,1.007535616721e+06,3.026566188308e+04
1.856513752875e-05,5.467219036177e+07,5.116385623323e+07,1.001861627148e+06,1.001861627148e+06,3.108955903656e+04
1.886948404561e-05,5.544370367251e+07,5.182632129526e+07,9.968267774160e+05,9.968267774160e+05,3.191211064042e+04
1.917383056248e-05,5.622999868507e+07,5.250186824142e+07,1.015618357306e+06,1.015618357306e+06,3.276020078199e+04
1.947817707934e-05,5.700471157689e+07,5.316420141562e+07,1.007937902400e+06,1.007937902400e+06,3.360358123719e+04
1.978252359621e-05,5.777074454639e+07,5.381625556096e+07,1.003177443091e+06,1.003177443091e+06,3.444424681660e+04
2.008687011307e-05,5.854261852111e+07,5.447249203171e+07,1.013014149472e+06,1.013014149472e+06,3.530106699100e+04
2.039121662994e-05,5.930160430492e+07,5.511424125695e+07,1.004032529436e+06,1.004032529436e+06,3.614815343890e+04
2.069556314680e-05,6.004895998241e+07,5.574279676527e+07,9.963021311046e+05,9.963021311046e+05,3.698972464134e+04
2.099990966367e-05,6.080224558686e+07,5.637564691068e+07,1.006204719757e+06,1.006204719757e+06,3.784492438539e+04
2.130425618053e-05,6.155320140305e+07,5.700452829838e+07,1.007812887264e+06,1.007812887264e+06,3.870380249772e+04
2.160860269740e-05,6.229473746330e+07,5.762239199191e+07,1.002299437944e+06,1.002299437944e+06,3.955729677439e+04
2.191294921426e-05,6.302570985651e+07,5.822812989006e+07,9.956268221226e+05,9.956268221226e+05,4.040364513684e+04
2.221729573113e-05,6.376568625176e+07,5.884122716225e+07,1.008616675657e+06,1.008616675657e+06,4.126821544083e+04
2.252164224799e-05,6.449126307898e+07,5.943835131085e+07,9.980888375041e+05,9.980888375041e+05,4.211830922004e+04
2.282598876486e-05,6.521660122873e+07,6.003363932940e+07,1.001787035449e+06,1.001787035449e+06,4.297623181763e+04
2.313033528172e-05,6.594255981704e+07,6.062792755458e+07,1.006352602026e+06,1.006352602026e+06,4.384030406440e+04
2.343468179859e-05,6.665659876024e+07,6.120873017300e+07,9.983167099524e+05,9.983167099524e+05,4.469406268745e+04
2.373902831545e-05,6.737039988416e+07,6.178770445260e+07,1.002012557879e+06,1.002012557879e+06,4.555156520381e+04
2.404337483231e-05,6.809193773679e+07,6.237276521970e+07,1.013732173546e+06,1.013732173546e+06,4.642621834648e+04
2.434772134918e-05,6.879593026602e+07,6.293872721139e+07,1.000049816462e+06,1.000049816462e+06,4.727921383625e+04
2.465206786604e-05,6.949797699916e+07,6.350117309055e+07,1.002035985282e+06,1.002035985282e+06,4.813483279070e+04
2.495641438291e-05,7.020184983231e+07,6.406384196409e+07,1.007807837732e+06,1.007807837732e+06,4.899753797339e+04
2.526076089977e-05,7.089893255363e+07,6.461814091091e+07,1.004923403738e+06,1.004923403738e+06,4.985461985141e+04
2.556510741664e-05,7.159193579225e+07,6.516678579278e+07,1.004757589764e+06,1.004757589764e+06,5.071024842320e+04
2.586945393350e-05,7.227203526587e+07,6.570100138295e+07,9.957103084033e+05,9.957103084033e+05,5.154886823909e+04
2.617380045037e-05,7.295599194486e+07,6.623749324505e+07,1.003494417014e+06,1.003494417014e+06,5.239753046132e+04
2.647814696723e-05,7.364619375420e+07,6.677859902134e+07,1.013687887693e+06,1.013687887693e+06,5.325912852910e+04
2.678249348410e-05,7.432454257149e+07,6.730628897539e+07,1.005701411661e+06,1.005701411661e+06,5.410599688057e+04
2.708684000096e-05,7.499619898083e+07,6.782574394257e+07,1.002896129547e+06,1.002896129547e+06,5.494644764376e+04
2.739118651783e-05,7.567004924582e+07,6.834581380815e+07,1.009016426950e+06,1.009016426950e+06,5.579232861310e+04
2.769553303469e-05,7.632271867536e+07,6.884322407952e+07,9.916256216535e+05,9.916256216535e+05,5.660601226583e+04
2.799987955156e-05,7.698708108458e+07,6.935074036421e+07,1.007258037799e+06,1.007258037799e+06,5.744190328879e+04
2.830422606842e-05,7.763415444895e+07,6.983946382276e+07,9.937492013858e+05,9.937492013858e+05,5.825187619743e+04
2.860857258529e-05,7.828836642098e+07,7.033375061673e+07,1.004782020046e+06,1.004782020046e+06,5.907526651855e+04
2.891291910215e-05,7.893356936532e+07,7.081749307194e+07,9.995829640679e+05,9.995829640679e+05,5.988447728653e+04
2.921726561902e-05,7.958783771403e+07,7.130869950964e+07,1.012557543138e+06,1.012557543138e+06,6.071086270514e+04
2.952161213588e-05,8.023562780909e+07,7.179186641558e+07,1.009925318472e+06,1.009925318472e+06,6.152927289791e+04
2.982595865275e-05,8.087426870239e+07,7.226436681701e+07,1.004605809156e+06,1.004605809156e+06,6.233412945298e+04
3.013030516961e-05,8.150491715631e+07,7.272737756275e+07,1.000432152212e+06,1.000432152212e+06,6.312638929088e+04
3.043465168647e-05,8.213843756908e+07,7.319171601313e+07,1.007162577376e+06,1.007162577376e+06,6.392300145460e+04
3.073899820334e-05,8.276955156559e+07,7.365210041136e+07,1.008584145554e+06,1.008584145554e+06,6.471583472297e+04
3.104334472020e-05,8.339175718875e+07,7.410206459924e+07,1.003462196281e+06,1.003462196281e+06,6.549357532019e+04
3.134769123707e-05,8.401636954263e+07,7.455288963651e+07,1.009705880672e+06,1.009705880672e+06,6.627665644179e+04
3.165203775393e-05,8.462930527728e+07,7.499054548619e+07,1.001784381388e+06,1.001784381388e+06,6.703951948789e+04
3.195638427080e-05,8.524598907276e+07,7.543040926837e+07,1.009361547266e+06,1.009361547266e+06,6.780954215691e+04
3.226073078766e-05,8.584758777117e+07,7.585372022311e+07,9.979915442875e+05,9.979915442875e+05,6.855248992972e+04
3.256507730453e-05,8.645276883836e+07,7.627909435188e+07,1.005365975019e+06,1.005365975019e+06,6.929880538001e+04
3.286942382139e-05,8.705071663304e+07,7.669573951327e+07,1.001861376311e+06,1.001861376311e+06,7.003348042886e+04
3.317377033826e-05,8.764484105364e+07,7.710706733311e+07,1.001769109652e+06,1.001769109652e+06,7.076051397850e+04
3.347811685512e-05,8.823567369336e+07,7.751360826452e+07,1.002198956079e+06,1.002198956079e+06,7.147941801128e+04
3.378246337199e-05,8.881759684311e+07,7.790977579207e+07,9.969649868958e+05,9.969649868958e+05,7.217974846661e+04
3.408680988885e-05,8.940262121634e+07,7.830753913143e+07,1.003792522794e+06,1.003792522794e+06,7.288616530750e+04
3.439115640572e-05,8.998245196120e+07,7.869862021072e+07,1.002278596382e+06,1.002278596382e+06,7.358117838985e+04
3.469550292258e-05,9.056356463465e+07,7.908947606001e+07,1.007268705424e+06,1.007268705424e+06,7.427688141920e+04
3.499984943945e-05,9.113383944435e+07,7.946803791354e+07,1.000071724613e+06,1.000071724613e+06,7.495096217544e+04
3.530419595631e-05,9.170115799849e+07,7.984218161447e+07,1.000777645953e+06,1.000777645953e+06,7.561613492736e+04
3.560854247318e-05,9.226845802519e+07,8.021482468045e+07,1.004425329219e+06,1.004425329219e+06,7.628028161047e+04
3.591288899004e-05,9.283560197514e+07,8.058581695527e+07,1.007932252623e+06,1.007932252623e+06,7.694105628537e+04
3.621723550690e-05,9.339575694983e+07,8.094835535074e+07,1.004566258877e+06,1.004566258877e+06,7.758509493278e+04
3.652158202377e-05,9.394833765806e+07,8.130188144727e+07,1.000594235465e+06,1.000594235465e+06,7.821417923900e+04
3.682592854063e-05,9.450254822824e+07,8.165556684699e+07,1.005858393843e+06,1.005858393843e+06,7.884264952122e+04
3.713027505750e-05,9.504655987434e+07,8.199762391106e+07,9.992162205073e+05,9.992162205073e+05,7.944697852849e+04
3.743462157436e-05,9.558514051568e+07,8.233282568900e+07,9.973403872656e+05,9.973403872656e+05,8.003727502107e+04
3.773896809123e-05,9.612270871532e+07,8.266556944883e+07,9.998886489309e+05,9.998886489309e+05,8.062207190821e+04
3.804331460809e-05,9.666271349841e+07,8.299927558886e+07,1.005896696075e+06,1.005896696075e+06,8.120842046168e+04
3.834766112496e-05,9.719185138561e+07,8.332069599411e+07,9.985225234678e+05,9.985225234678e+05,8.177012418501e+04
3.865200764182e-05,9.773104633225e+07,8.365068182163e+07,1.012179902981e+06,1.012179902981e+06,8.234789816451e+04
3.895635415869e-05,9.825737495854e+07,8.396638393233e+07,1.002793038697e+06,1.002793038697e+06,8.289599073139e+04
3.926070067555e-05,9.878776982149e+07,8.428469585720e+07,1.010420088816e+06,1.010420088816e+06,8.344906593190e+04
3.956504719242e-05,9.930481964733e+07,8.458827128862e+07,1.000529596321e+06,1.000529596321e+06,8.397006562553e+04
3.986939370928e-05,9.982275908231e+07,8.489131339115e+07,1.004924577983e+06,1.004924577983e+06,8.448830835978e+04
4.017374022615e-05,1.003341614232e+08,8.518641429465e+07,1.001835746077e+06,1.001835746077e+06,8.499227733687e+04
4.047808674301e-05,1.008436322916e+08,8.547816893453e+07,1.003358815190e+06,1.003358815190e+06,8.548898240902e+04
4.078243325988e-05,1.013506324917e+08,8.576603538206e+07,1.004327569409e+06,1.004327569409e+06,8.597630999736e+04
4.108677977674e-05,1.018580652302e+08,8.605290195573e+07,1.008211893466e+06,1.008211893466e+06,8.646236831193e+04
4.139112629361e-05,1.023509055060e+08,8.632381598384e+07,9.969755457206e+05,9.969755457206e+05,8.691362582028e+04
4.169547281047e-05,1.028530696144e+08,8.660261721805e+07,1.009768843335e+06,1.009768843335e+06,8.738351824904e+04
4.199981932734e-05,1.033453683153e+08,8.687016659588e+07,1.003266878681e+06,1.003266878681e+06,8.782991652272e+04
4.230416584420e-05,1.038269666205e+08,8.712566994921e+07,9.959008052565e+05,9.959008052565e+05,8.825144119310e+04
4.260851236106e-05,1.043103258760e+08,8.738154959850e+07,1.001036869851e+06,1.001036869851e+06,8.867358370765e+04
4.291285887793e-05,1.047892175595e+08,8.763158490083e+07,9.998962894944e+05,9.998962894944e+05,8.908349609144e+04
4.321720539479e-05,1.052628522739e+08,8.787499855048e+07,9.979496395215e+05,9.979496395215e+05,8.948274140628e+04
4.352155191166e-05,1.057324580989e+08,8.811302278754e+07,9.972205633843e+05,9.972205633843e+05,8.987075560634e+04
4.382589842852e-05,1.062043977001e+08,8.835199141179e+07,1.002879037041e+06,1.002879037041e+06,9.026080770889e+04
4.413024494539e-05,1.066710449500e+08,8.858430251108e+07,1.000867969651e+06,1.000867969651e+06,9.063934858376e+04
4.443459146225e-05,1.071373337518e+08,8.881488162528e+07,1.003811914701e+06,1.003811914701e+06,9.101474816615e+04
4.473893797912e-05,1.076050907864e+08,8.904554139070e+07,1.008594482551e+06,1.008594482551e+06,9.139225381561e+04
4.504328449598e-05,1.080652133666e+08,8.926721832805e+07,1.004224045530e+06,1.004224045530e+06,9.175138140125e+04
4.534763101285e-05,1.085235486179e+08,8.948575662758e+07,1.005720356704e+06,1.005720356704e+06,9.210685518305e+04
4.565197752971e-05,1.089829399655e+08,8.970398057219e+07,1.010071202224e+06,1.010071202224e+06,9.246348154205e+04
4.595632404658e-05,1.094415046348e+08,8.992000480171e+07,1.012533366285e+06,1.012533366285e+06,9.281885425558e+04
4.626067056344e-05,1.098884197422e+08,9.012306545315e+07,1.004101850166e+06,1.004101850166e+06,9.314821780093e+04
4.656501708031e-05,1.103398743749e+08,9.032930387985e+07,1.011934077405e+06,1.011934077405e+06,9.348694780601e+04
4.686936359717e-05,1.107875822661e+08,9.053044670504e+07,1.011431171035e+06,1.011431171035e+06,9.381595468421e+04
4.717371011404e-05,1.112291325603e+08,9.072410579493e+07,1.008495982913e+06,1.008495982913e+06,9.413124892810e+04
4.747805663090e-05,1.116687400436e+08,9.091448999898e+07,1.009785035111e+06,1.009785035111e+06,9.444109560531e+04
4.778240314777e-05,1.120945911656e+08,9.108984607897e+07,9.991727518900e+05,9.991727518900e+05,9.472063479281e+04
4.808674966463e-05,1.125287484585e+08,9.127215963017e+07,1.010725131071e+06,1.010725131071e+06,9.501977824714e+04
4.839109618149e-05,1.129537476570e+08,9.144400889451e+07,1.004714785225e+06,1.004714785225e+06,9.529887615124e+04
4.869544269836e-05,1.133826706201e+08,9.161844037645e+07,1.011849048641e+06,1.011849048641e+06,9.558696567226e+04
4.899978921522e-05,1.138007035192e+08,9.178069713537e+07,1.004083056080e+06,1.004083056080e+06,9.585150666831e+04
4.930413573209e-05,1.142182886431e+08,9.194120524321e+07,1.006799685391e+06,1.006799685391e+06,9.611358809841e+04
4.960848224895e-05,1.146302516045e+08,9.209480603516e+07,1.004303757314e+06,1.004303757314e+06,9.636336235626e+04
4.991282876582e-05,1.150373899900e+08,9.224230738549e+07,1.002589744534e+06,1.002589744534e+06,9.660325700494e+04
5.021717528268e-05,1.154478414703e+08,9.239180950893e+07,1.009051247792e+06,1.009051247792e+06,9.685131669655e+04
5.052152179955e-05,1.158552442659e+08,9.253696252363e+07,1.009119423842e+06,1.009119423842e+06,9.709482272586e+04
5.082586831641e-05,1.162516142564e+08,9.266983511798e+07,1.001148212786e+06,1.001148212786e+06,9.731328123193e+04
5.113021483328e-05,1.166451449707e+08,9.279861405191e+07,1.001391745428e+06,1.001391745428e+06,9.752576483129e+04
5.143456135014e-05,1.170350264791e+08,9.292248960882e+07,1.000802869721e+06,1.000802869721e+06,9.773193132546e+04
5.173890786701e-05,1.174285285605e+08,9.304869420560e+07,1.007516724388e+06,1.007516724388e+06,9.794679979470e+04
5.204325438387e-05,1.178157056159e+08,9.316731307991e+07,1.004231865196e+06,1.004231865196e+06,9.814948808705e+04
5.234760090074e-05,1.182017621646e+08,9.328354728713e+07,1.006174556969e+06,1.006174556969e+06,9.835138649230e+04
5.265194741760e-05,1.185896594876e+08,9.340034031092e+07,1.011100485081e+06,1.011100485081e+06,9.856067202203e+04
5.295629393447e-05,1.189687263230e+08,9.350706831056e+07,1.005293773004e+06,1.005293773004e+06,9.875142822395e+04
5.326064045133e-05,1.193520572523e+08,9.361678745621e+07,1.012649893957e+06,1.012649893957e+06,9.895400295903e+04
5.356498696820e-05,1.197277130060e+08,9.371759737565e+07,1.007996071371e+06,1.007996071371e+06,9.913855562251e+04
5.386933348506e-05,1.200985239001e+08,9.381233961354e+07,1.006175691979e+06,1.006175691979e+06,9.931563053055e+04
5.417368000192e-05,1.204695431159e+08,9.390604830279e+07,1.009424797216e+06,1.009424797216e+06,9.949536197471e+04
5.447802651879e-05,1.208281485225e+08,9.398615700713e+07,9.999652922311e+05,9.999652922311e+05,9.964856016453e+04
5.478237303565e-05,1.211942329379e+08,9.407249144191e+07,1.010493174362e+06,1.010493174362e+06,9.982066126899e+04
5.508671955252e-05,1.215528722415e+08,9.415016382203e+07,1.006016337169e+06,1.006016337169e+06,9.997891355780e+04
5.539106606938e-05,1.219097818447e+08,9.422488748208e+07,1.007277498644e+06,1.007277498644e+06,1.001346271889e+05
5.569541258625e-05,1.222633875486e+08,9.429509776440e+07,1.006951407474e+06,1.006951407474e+06,1.002881399667e+05
5.599975910311e-05,1.226146479289e+08,9.436175421225e+07,1.007583151144e+06,1.007583151144e+06,1.004367493601e+05
5.630410561998e-05,1.229689027510e+08,9.443016976798e+07,1.013586573363e+06,1.013586573363e+06,1.005938696235e+05
5.660845213684e-05,1.233086990751e+08,9.448296945112e+07,1.002032467769e+06,1.002032467769e+06,1.007202194715e+05
5.691279865371e-05,1.236465234934e+08,9.453262712432e+07,1.003008503620e+06,1.003008503620e+06,1.008464912638e+05
5.721714517057e-05,1.239797262234e+08,9.457649580424e+07,1.001302548483e+06,1.001302548483e+06,1.009631777284e+05
5.752149168744e-05,1.243206996133e+08,9.462690815214e+07,1.012055272019e+06,1.012055272019e+06,1.011043361634e+05
5.782583820430e-05,1.246552578623e+08,9.466971521633e+07,1.008552749888e+06,1.008552749888e+06,1.012306049873e+05
5.813018472117e-05,1.249744305750e+08,9.469602487346e+07,9.960097681786e+05,9.960097681786e+05,1.013230540612e+05
5.843453123803e-05,1.252964937689e+08,9.472406742851e+07,1.001821092916e+06,1.001821092916e+06,1.014284128992e+05
5.873887775490e-05,1.256255346794e+08,9.475787703156e+07,1.011748246819e+06,1.011748246819e+06,1.015547295376e+05
5.904322427176e-05,1.259468173805e+08,9.478276441640e+07,1.006865642867e+06,1.006865642867e+06,1.016637204869e+05
5.934757078863e-05,1.262648503187e+08,9.480324980139e+07,1.006511107351e+06,1.006511107351e+06,1.017698526515e+05
5.965191730549e-05,1.265821938178e+08,9.482188733680e+07,1.008728368900e+06,1.008728368900e+06,1.018785409971e+05
5.995626382236e-05,1.268942249144e+08,9.483407418987e+07,1.006293475211e+06,1.006293475211e+06,1.019782693390e+05
6.026061033922e-05,1.272052826768e+08,9.484414038061e+07,1.008214588407e+06,1.008214588407e+06,1.020788691736e+05
6.056495685608e-05,1.275121438101e+08,9.484887564105e+07,1.006886480978e+06,1.006886480978e+06,1.021726398282e+05
6.086930337295e-05,1.278142600189e+08,9.484774534664e+07,1.004996602442e+06,1.004996602442e+06,1.022607617227e+05
6.117364988981e-05,1.281090662234e+08,9.483821073089e+07,1.000509862188e+06,1.000509862188e+06,1.023351377756e+05
6.147799640668e-05,1.284046645522e+08,9.482836291798e+07,1.004156516267e+06,1.004156516267e+06,1.024156670538e+05
6.178234292354e-05,1.287065913270e+08,9.482374728709e+07,1.013378857696e+06,1.013378857696e+06,1.025169602417e+05
6.208668944041e-05,1.290065377963e+08,9.481620780040e+07,1.014266512080e+06,1.014266512080e+06,1.026164283297e+05
6.239103595727e-05,1.292909955169e+08,9.479259481555e+07,1.001560816449e+06,1.001560816449e+06,1.026833622572e+05
6.269538247414e-05,1.295818867821e+08,9.477520425326e+07,1.010887091518e+06,1.010887091518e+06,1.027728283944e+05
6.299972899100e-05,1.298618481018e+08,9.474730395057e+07,1.002745801553e+06,1.002745801553e+06,1.028406665429e+05
6.330407550787e-05,1.301380791660e+08,9.471674864123e+07,1.001819560159e+06,1.001819560159e+06,1.029008110486e+05
6.360842202473e-05,1.304252923531e+08,9.469881045708e+07,1.015691923191e+06,1.015691923191e+06,1.029950906535e+05
6.391276854160e-05,1.307063950760e+08,9.467697199701e+07,1.012393438698e+06,1.012393438698e+06,1.030790280868e+05
6.421711505846e-05,1.309768494420e+08,9.464713471379e+07,1.004524502332e+06,1.004524502332e+06,1.031433479396e+05
6.452146157533e-05,1.312425475945e+08,9.461542817938e+07,1.002560945448e+06,1.002560945448e+06,1.032007342499e+05
6.482580809219e-05,1.314992302054e+08,9.457773466708e+07,9.962859056617e+05,9.962859056617e+05,1.032388736462e+05
6.513015460906e-05,1.317587822755e+08,9.454593798292e+07,1.001939957815e+06,1.001939957815e+06,1.032899792486e+05
6.543450112592e-05,1.320203505115e+08,9.451916732801e+07,1.006742068130e+06,1.006742068130e+06,1.033544704607e+05
6.573884764279e-05,1.322702962234e+08,9.448383851734e+07,9.978230384783e+05,9.978230384783e+05,1.033933902662e+05
6.604319415965e-05,1.325250059056e+08,9.445628250131e+07,1.005376921941e+06,1.005376921941e+06,1.034480582001e+05
6.634754067651e-05,1.327771463117e+08,9.442916762227e+07,1.005563518298e+06,1.005563518298e+06,1.035023027836e+05
6.665188719338e-05,1.330293946857e+08,9.440515751528e+07,1.008449372880e+06,1.008449372880e+06,1.035638369100e+05
6.695623371024e-05,1.332799721156e+08,9.438247045091e+07,1.009553055880e+06,1.009553055880e+06,1.036243286139e+05
6.726058022711e-05,1.335234757441e+08,9.435572822174e+07,1.005222893736e+06,1.005222893736e+06,1.036750812596e+05
6.756492674397e-05,1.337672600537e+08,9.433225803931e+07,1.008278535296e+06,1.008278535296e+06,1.037298611497e+05
6.786927326084e-05,1.340067793759e+08,9.430751717226e+07,1.006756475721e+06,1.006756475721e+06,1.037795715675e+05
6.817361977770e-05,1.342412517973e+08,9.428072577209e+07,1.004440629824e+06,1.004440629824e+06,1.038237996913e+05
6.847796629457e-05,1.344771125641e+08,9.425828492987e+07,1.008587304446e+06,1.008587304446e+06,1.038742800368e+05
6.878231281143e-05,1.347081829023e+08,9.423402649896e+07,1.006519946179e+06,1.006519946179e+06,1.039210903130e+05
6.908665932830e-05,1.349384916269e+08,9.421196466003e+07,1.008498477999e+06,1.008498477999e+06,1.039706715972e+05
6.939100584516e-05,1.351582478164e+08,9.418234797533e+07,1.000621118684e+06,1.000621118684e+06,1.039989027787e+05
6.969535236203e-05,1.353824745753e+08,9.416014329248e+07,1.007838279410e+06,1.007838279410e+06,1.040422534014e+05
6.999969887889e-05,1.356025506776e+08,9.413673464571e+07,1.006388076941e+06,1.006388076941e+06,1.040822182936e+05
7.030404539576e-05,1.358186182353e+08,9.411226450854e+07,1.005076239754e+06,1.005076239754e+06,1.041179831353e+05
7.060839191262e-05,1.360369428030e+08,9.409296382295e+07,1.010063331060e+06,1.010063331060e+06,1.041649035997e+05
7.091273842949e-05,1.362531114832e+08,9.407441711925e+07,1.010621558508e+06,1.010621558508e+06,1.042123345829e+05
7.121708494635e-05,1.364626680763e+08,9.405219063751e+07,1.006694299387e+06,1.006694299387e+06,1.042472854561e+05
7.152143146322e-05,1.366697718682e+08,9.403043582616e+07,1.006939224292e+06,1.006939224292e+06,1.042821067191e+05
7.182577798008e-05,1.368705506274e+08,9.400529284534e+07,1.003279087311e+06,1.003279087311e+06,1.043064308891e+05
7.213012449694e-05,1.370714634063e+08,9.398319423409e+07,1.006101911781e+06,1.006101911781e+06,1.043366542643e+05
7.243447101381e-05,1.372676812515e+08,9.395931900221e+07,1.004059463535e+06,1.004059463535e+06,1.043606580319e+05
7.273881753067e-05,1.374640915350e+08,9.393853170256e+07,1.006928302866e+06,1.006928302866e+06,1.043917744801e+05
7.304316404754e-05,1.376525628779e+08,9.391272666391e+07,1.001614677535e+06,1.001614677535e+06,1.044086837522e+05
7.334751056440e-05,1.378391779610e+08,9.388796843454e+07,1.002404104288e+06,1.002404104288e+06,1.044251242236e+05
7.365185708127e-05,1.380240376288e+08,9.386434128558e+07,1.003289088313e+06,1.003289088313e+06,1.044434511520e+05
7.395620359813e-05,1.382111496840e+08,9.384581693828e+07,1.008206763940e+06,1.008206763940e+06,1.044719070151e+05
7.426055011500e-05,1.383898554325e+08,9.382176781110e+07,1.002406015881e+06,1.002406015881e+06,1.044852861263e+05
7.456489663186e-05,1.385755588277e+08,9.380753399374e+07,1.012097818037e+06,1.012097818037e+06,1.045219243759e+05
7.486924314873e-05,1.387504023993e+08,9.378530859095e+07,1.003834707295e+06,1.003834707295e+06,1.045370431435e+05
7.517358966559e-05,1.389172542401e+08,9.375797586646e+07,9.984331862902e+05,9.984331862902e+05,1.045366231120e+05
7.547793618246e-05,1.390978701753e+08,9.374718139595e+07,1.014909583386e+06,1.014909583386e+06,1.045760721445e+05
7.578228269932e-05,1.392616165372e+08,9.372238079828e+07,1.000584308173e+06,1.000584308173e+06,1.045795543657e+05
7.608662921619e-05,1.394265211555e+08,9.370156532669e+07,1.004369790909e+06,1.004369790909e+06,1.045922651781e+05
7.639097573305e-05,1.395926369365e+08,9.368475929982e+07,1.008209309166e+06,1.008209309166e+06,1.046140525578e+05
7.669532224992e-05,1.397533423891e+08,9.366535753357e+07,1.005389853915e+06,1.005389853915e+06,1.046279295502e+05
7.699966876678e-05,1.399020749839e+08,9.363684216392e+07,9.959520476066e+05,9.959520476066e+05,1.046161988817e+05
7.730401528365e-05,1.400541332013e+08,9.361445905027e+07,1.001877633233e+06,1.001877633233e+06,1.046188728518e+05
7.760836180051e-05,1.402109842402e+08,9.359962938066e+07,1.009286888224e+06,1.009286888224e+06,1.046395471041e+05
7.791270831738e-05,1.403645067534e+08,9.358424530902e+07,1.008542772608e+06,1.008542772608e+06,1.046569071283e+05
7.821705483424e-05,1.405111621634e+08,9.356479556045e+07,1.004239683889e+06,1.004239683889e+06,1.046616003744e+05
7.852140135110e-05,1.406567566810e+08,9.354707104143e+07,1.005768317581e+06,1.005768317581e+06,1.046702467004e+05
7.882574786797e-05,1.407977213765e+08,9.352750750085e+07,1.003698550146e+06,1.003698550146e+06,1.046720560878e+05
7.913009438483e-05,1.409363504545e+08,9.350838487073e+07,1.003928241237e+06,1.003928241237e+06,1.046745835399e+05
7.943444090170e-05,1.410742490316e+08,9.349128807424e+07,1.005766882738e+06,1.005766882738e+06,1.046825081929e+05
7.973878741856e-05,1.412145657087e+08,9.347933172327e+07,1.010778157706e+06,1.010778157706e+06,1.047024974014e+05
8.004313393543e-05,1.413477613426e+08,9.346300375305e+07,1.006198737897e+06,1.006198737897e+06,1.047090728889e+05
8.034748045229e-05,1.414765929282e+08,9.344506291836e+07,1.004382075795e+06,1.004382075795e+06,1.047103489090e+05
8.065182696916e-05,1.416064477681e+08,9.343086648647e+07,1.007978159735e+06,1.007978159735e+06,1.047204996387e+05
8.095617348602e-05,1.417290588313e+08,9.341217158703e+07,1.003251292343e+06,1.003251292343e+06,1.047162298445e+05
8.126052000289e-05,1.418504899324e+08,9.339502644500e+07,1.004611868091e+06,1.004611868091e+06,1.047173790884e+05
8.156486651975e-05,1.419657009754e+08,9.337440667019e+07,1.000892386922e+06,1.000892386922e+06,1.047078566620e+05
8.186921303662e-05,1.420915734709e+08,9.336711425418e+07,1.014155400176e+06,1.014155400176e+06,1.047325837067e+05
8.217355955348e-05,1.421985211785e+08,9.334366735842e+07,9.976654135235e+05,9.976654135235e+05,1.047131917253e+05
8.247790607035e-05,1.423143852648e+08,9.333182856127e+07,1.009160118972e+06,1.009160118972e+06,1.047232642914e+05
8.278225258721e-05,1.424298837010e+08,9.332230633025e+07,1.011335744994e+06,1.011335744994e+06,1.047375413486e+05
8.308659910408e-05,1.425389013774e+08,9.330901194091e+07,1.007363990792e+06,1.007363990792e+06,1.047422107956e+05
8.339094562094e-05,1.426384133841e+08,9.328894979875e+07,1.000332263287e+06,1.000332263287e+06,1.047270811534e+05
8.369529213781e-05,1.427392260435e+08,9.327288372422e+07,1.004148375368e+06,1.004148375368e+06,1.047210954677e+05
8.399963865467e-05,1.428376812351e+08,9.325714247239e+07,1.004280771152e+06,1.004280771152e+06,1.047159385141e+05
8.430398517153e-05,1.429376522051e+08,9.324556870524e+07,1.008308246741e+06,1.008308246741e+06,1.047193772410e+05
8.460833168840e-05,1.430367951664e+08,9.323581058562e+07,1.009986962961e+06,1.009986962961e+06,1.047268078959e+05
8.491267820526e-05,1.431289634928e+08,9.322174726421e+07,1.005483448303e+06,1.005483448303e+06,1.047198881908e+05
8.521702472213e-05,1.432251180017e+08,9.321429693893e+07,1.012004628940e+06,1.012004628940e+06,1.047322775469e+05
8.552137123899e-05,1.433106853798e+08,9.319893326012e+07,1.003866146281e+06,1.003866146281e+06,1.047238905749e+05
8.582571775586e-05,1.433952289853e+08,9.318519666235e+07,1.005330326572e+06,1.005330326572e+06,1.047189247222e+05
8.613006427272e-05,1.434720000485e+08,9.316635794108e+07,9.999888159995e+05,9.999888159995e+05,1.046991633907e+05
8.643441078959e-05,1.435583591577e+08,9.315969539187e+07,1.012104187999e+06,1.012104187999e+06,1.047095284454e+05
8.673875730645e-05,1.436361554817e+08,9.314710040271e+07,1.005975172659e+06,1.005975172659e+06,1.047029071320e+05
8.704310382332e-05,1.437097273617e+08,9.313291892731e+07,1.004199206149e+06,1.004199206149e+06,1.046927003769e+05
8.734745034018e-05,1.437808675117e+08,9.311893604380e+07,1.004216087290e+06,1.004216087290e+06,1.046816263412e+05
8.765179685705e-05,1.438500460141e+08,9.310561066275e+07,1.004700839581e+06,1.004700839581e+06,1.046719399817e+05
8.795614337391e-05,1.439185351784e+08,9.309419877703e+07,1.006463838429e+06,1.006463838429e+06,1.046671995300e+05
8.826048989078e-05,1.439876985934e+08,9.308604477138e+07,1.009601838051e+06,1.009601838051e+06,1.046704326000e+05
8.856483640764e-05,1.440567772887e+08,9.308037966746e+07,1.011985032441e+06,1.011985032441e+06,1.046787333216e+05
8.886918292451e-05,1.441124239168e+08,9.306391927490e+07,1.000934418696e+06,1.000934418696e+06,1.046547889288e+05
8.917352944137e-05,1.441701026586e+08,9.305208539318e+07,1.005418640276e+06,1.005418640276e+06,1.046451243427e+05
8.947787595824e-05,1.442249128735e+08,9.303997083135e+07,1.004968098931e+06,1.004968098931e+06,1.046333820060e+05
8.978222247510e-05,1.442764220967e+08,9.302714015999e+07,1.004072802885e+06,1.004072802885e+06,1.046185827582e+05
9.008656899196e-05,1.443203443257e+08,9.300932402365e+07,9.988537025235e+05,9.988537025235e+05,1.045888835267e+05
9.039091550883e-05,1.443667179203e+08,9.299651739158e+07,1.003718353969e+06,1.003718353969e+06,1.045737223670e+05
9.069526202569e-05,1.444124221813e+08,9.298558348090e+07,1.005449490379e+06,1.005449490379e+06,1.045637052782e+05
9.099960854256e-05,1.444558623760e+08,9.297492571923e+07,1.005579708602e+06,1.005579708602e+06,1.045537299191e+05
9.130395505942e-05,1.444942346427e+08,9.296175275505e+07,1.002887946696e+06,1.002887946696e+06,1.045361885428e+05
9.160830157629e-05,1.445301954525e+08,9.294871659532e+07,1.002856646979e+06,1.002856646979e+06,1.045197545688e+05
9.191264809315e-05,1.445541779096e+08,9.292629474424e+07,9.931828468784e+05,9.931828468784e+05,1.044779352811e+05
9.221699461002e-05,1.445863749045e+08,9.291459841400e+07,1.003801986007e+06,1.003801986007e+06,1.044645018893e+05
9.252134112688e-05,1.446129308823e+08,9.289978956066e+07,1.000484939305e+06,1.000484939305e+06,1.044407762753e+05
9.282568764375e-05,1.446451217892e+08,9.289309378547e+07,1.008510988793e+06,1.008510988793e+06,1.044389079010e+05
9.313003416061e-05,1.446738336184e+08,9.288540873142e+07,1.007380030517e+06,1.007380030517e+06,1.044344918388e+05
9.343438067748e-05,1.446993394669e+08,9.287700793146e+07,1.006518311393e+06,1.006518311393e+06,1.044259157143e+05
9.373872719434e-05,1.447252891074e+08,9.287151338108e+07,1.009319837569e+06,1.009319837569e+06,1.044250838364e+05
9.404307371121e-05,1.447407499739e+08,9.285802164585e+07,1.001104724962e+06,1.001104724962e+06,1.044023348335e+05
9.434742022807e-05,1.447584955099e+08,9.284924683539e+07,1.005702280758e+06,1.005702280758e+06,1.043935643594e+05
9.465176674494e-05,1.447782176280e+08,9.284482629742e+07,1.009970905428e+06,1.009970905428e+06,1.043934179954e+05
9.495611326180e-05,1.447818529183e+08,9.282674349906e+07,9.960332269696e+05,9.960332269696e+05,1.043568904253e+05
9.526045977867e-05,1.447925669932e+08,9.281805512655e+07,1.005340451280e+06,1.005340451280e+06,1.043472198667e+05
9.556480629553e-05,1.448033259749e+08,9.281166933450e+07,1.007540058620e+06,1.007540058620e+06,1.043430392445e+05
9.586915281240e-05,1.448119073476e+08,9.280531562934e+07,1.007459341854e+06,1.007459341854e+06,1.043388420541e+05
9.617349932926e-05,1.448204744688e+08,9.280108425679e+07,1.009503279869e+06,1.009503279869e+06,1.043402055466e+05
9.647784584612e-05,1.448216012711e+08,9.279150963952e+07,1.004001303463e+06,1.004001303463e+06,1.043247425752e+05
9.678219236299e-05,1.448252559204e+08,9.278644291619e+07,1.008434789166e+06,1.008434789166e+06,1.043222902168e+05
9.708653887985e-05,1.448254397186e+08,9.277979636163e+07,1.006740983183e+06,1.006740983183e+06,1.043164351591e+05
9.739088539672e-05,1.448247083322e+08,9.277400874939e+07,1.007502791155e+06,1.007502791155e+06,1.043125042627e+05
9.769523191358e-05,1.448184142084e+08,9.276432983110e+07,1.003459546304e+06,1.003459546304e+06,1.042977925966e+05
9.799957843045e-05,1.448055782275e+08,9.274966375490e+07,9.982761752996e+05,9.982761752996e+05,1.042686586755e+05
9.830392494731e-05,1.448017966470e+08,9.274538940710e+07,1.008625756747e+06,1.008625756747e+06,1.042681499130e+05
9.860827146418e-05,1.447959498121e+08,9.274024286205e+07,1.007649123283e+06,1.007649123283e+06,1.042655319021e+05
9.891261798104e-05,1.447873005504e+08,9.273333705051e+07,1.005767409485e+06,1.005767409485e+06,1.042573346390e+05
9.921696449791e-05,1.447768425639e+08,9.272549802665e+07,1.004713227899e+06,1.004713227899e+06,1.042463519051e+05
9.952131101477e-05,1.447682110691e+08,9.272017007826e+07,1.007141858095e+06,1.007141858095e+06,1.042438077182e+05
9.982565753164e-05,1.447556486276e+08,9.271144103589e+07,1.003605139027e+06,1.003605139027e+06,1.042314669528e+05
1.001300040485e-04,1.447467185760e+08,9.270667818163e+07,1.007503993406e+06,1.007503993406e+06,1.042281062005e+05
1.004343505654e-04,1.447422204654e+08,9.270650060778e+07,1.012060956091e+06,1.012060956091e+06,1.042378361441e+05
1.007386970822e-04,1.447319566861e+08,9.270060850395e+07,1.006220277122e+06,1.006220277122e+06,1.042309621388e+05
1.010430435991e-04,1.447174496870e+08,9.269041832100e+07,1.001769772902e+06,1.001769772902e+06,1.042133292397e+05
1.013473901160e-04,1.447107497017e+08,9.268782177015e+07,1.009326775750e+06,1.009326775750e+06,1.042159070979e+05
1.016517366328e-04,1.447066449313e+08,9.268751692483e+07,1.011570030787e+06,1.011570030787e+06,1.042258229029e+05
1.019560831497e-04,1.446904655435e+08,9.267484799264e+07,9.989919245218e+05,9.989919245218e+05,1.042023857106e+05
1.022604296666e-04,1.446804107869e+08,9.266792939561e+07,1.004661883381e+06,1.004661883381e+06,1.041935014284e+05
1.025647761834e-04,1.446698806759e+08,9.266014858093e+07,1.003677839304e+06,1.003677839304e+06,1.041808450274e+05
1.028691227003e-04,1.446661749737e+08,9.265877548880e+07,1.010051311974e+06,1.010051311974e+06,1.041870407831e+05
1.031734692171e-04,1.446634261555e+08,9.265797555189e+07,1.010567483265e+06,1.010567483265e+06,1.041943762469e+05
1.034778157340e-04,1.446535327101e+08,9.264973809706e+07,1.002976403835e+06,1.002976403835e+06,1.041813458359e+05
1.037821622509e-04,1.446460827802e+08,9.264368307312e+07,1.005071780411e+06,1.005071780411e+06,1.041739552446e+05
1.040865087677e-04,1.446436581558e+08,9.264242078240e+07,1.009827845750e+06,1.009827845750e+06,1.041794801102e+05
1.043908552846e-04,1.446421363115e+08,9.264189003593e+07,1.010511062760e+06,1.010511062760e+06,1.041882786386e+05
1.046952018015e-04,1.446424065512e+08,9.264303121988e+07,1.012156118588e+06,1.012156118588e+06,1.041978859759e+05
1.049995483183e-04,1.446262773339e+08,9.262779847600e+07,9.955413055829e+05,9.955413055829e+05,1.041668463823e+05
1.053038948352e-04,1.446255392153e+08,9.262791193340e+07,1.010924581537e+06,1.010924581537e+06,1.041741112241e+05
1.056082413521e-04,1.446112661583e+08,9.261455334714e+07,9.972477810092e+05,9.972477810092e+05,1.041456039442e+05
1.059125878689e-04,1.446098589145e+08,9.261405534248e+07,1.010136108309e+06,1.010136108309e+06,1.041529049542e+05
1.062169343858e-04,1.446015646860e+08,9.260671998846e+07,1.003176508440e+06,1.003176508440e+06,1.041411000784e+05
1.065212809027e-04,1.445922649056e+08,9.259842964150e+07,1.002120674117e+06,1.002120674117e+06,1.041264458430e+05
1.068256274195e-04,1.445889388187e+08,9.259611787562e+07,1.008076952433e+06,1.008076952433e+06,1.041288715685e+05
1.071299739364e-04,1.445840984416e+08,9.259229847661e+07,1.006493120584e+06,1.006493120584e+06,1.041269556655e+05
1.074343204533e-04,1.445764996682e+08,9.258572746222e+07,1.003635948129e+06,1.003635948129e+06,1.041182562653e+05
1.077386669701e-04,1.445728882358e+08,9.258310761027e+07,1.007540123170e+06,1.007540123170e+06,1.041197869405e+05
1.080430134870e-04,1.445693989296e+08,9.258056058810e+07,1.007542647546e+06,1.007542647546e+06,1.041215963382e+05
1.083473600038e-04,1.445619590232e+08,9.257402434353e+07,1.003428798896e+06,1.003428798896e+06,1.041112852182e+05
1.086517065207e-04,1.445548856701e+08,9.256779981286e+07,1.003637613236e+06,1.003637613236e+06,1.041023871341e+05
1.089560530376e-04,1.445423796862e+08,9.255610980895e+07,9.979963976946e+05,9.979963976946e+05,1.040800836198e+05
1.092603995544e-04,1.445382100805e+08,9.255266640092e+07,1.006197160600e+06,1.006197160600e+06,1.040769163522e+05
1.095647460713e-04,1.445387245167e+08,9.255380454889e+07,1.010750638702e+06,1.010750638702e+06,1.040887472049e+05
1.098690925882e-04,1.445429356472e+08,9.255853967692e+07,1.014343297735e+06,1.014343297735e+06,1.041090559206e+05
1.101734391050e-04,1.445382600201e+08,9.255436170459e+07,1.005299405565e+06,1.005299405565e+06,1.041049524268e+05
1.104777856219e-04,1.445351471008e+08,9.255171532506e+07,1.006765348163e+06,1.006765348163e+06,1.041039235606e+05
1.107821321388e-04,1.445298595181e+08,9.254687960813e+07,1.004476292786e+06,1.004476292786e+06,1.040974619879e+05
1.110864786556e-04,1.445331471651e+08,9.255055924133e+07,1.013011385217e+06,1.013011385217e+06,1.041155102479e+05
1.113908251725e-04,1.445302527769e+08,9.254804609902e+07,1.006717811161e+06,1.006717811161e+06,1.041146219150e+05
1.116951716894e-04,1.445175109790e+08,9.253572819722e+07,9.967227546885e+05,9.967227546885e+05,1.040875685929e+05
1.119995182062e-04,1.445066547680e+08,9.252530946352e+07,9.985065270055e+05,9.985065270055e+05,1.040673520291e+05
1.123038647231e-04,1.445096656851e+08,9.252868442037e+07,1.012351462513e+06,1.012351462513e+06,1.040831876936e+05
1.126082112400e-04,1.445030162305e+08,9.252239548701e+07,1.002546316318e+06,1.002546316318e+06,1.040711144368e+05
1.129125577568e-04,1.444926096040e+08,9.251236229551e+07,9.986650185173e+05,9.986650185173e+05,1.040515713213e+05
1.132169042737e-04,1.444851286312e+08,9.250523843403e+07,1.001493794671e+06,1.001493794671e+06,1.040379727404e+05
1.135212507906e-04,1.444760730502e+08,9.249652737892e+07,9.997912631338e+05,9.997912631338e+05,1.040209054651e+05
1.138255973074e-04,1.444694823153e+08,9.249024760984e+07,1.002148823532e+06,1.002148823532e+06,1.040082986727e+05
1.141299438243e-04,1.444697600079e+08,9.249076747015e+07,1.008949484936e+06,1.008949484936e+06,1.040160511481e+05
1.144342903411e-04,1.444651051011e+08,9.248632808921e+07,1.003893317595e+06,1.003893317595e+06,1.040099952379e+05
1.147386368580e-04,1.444604985784e+08,9.248191242421e+07,1.003849510907e+06,1.003849510907e+06,1.040042441900e+05
1.150429833749e-04,1.444543040071e+08,9.247589650743e+07,1.002156198385e+06,1.002156198385e+06,1.039933825858e+05
1.153473298917e-04,1.444564669595e+08,9.247818116021e+07,1.010474039031e+06,1.010474039031e+06,1.040046408884e+05
1.156516764086e-04,1.444583967626e+08,9.248019330226e+07,1.010171442526e+06,1.010171442526e+06,1.040154951803e+05
1.159560229255e-04,1.444589992245e+08,9.248085802281e+07,1.008776551591e+06,1.008776551591e+06,1.040226765779e+05
1.162603694423e-04,1.444547345874e+08,9.247666577801e+07,1.003817663215e+06,1.003817663215e+06,1.040162338283e+05
1.165647159592e-04,1.444493511559e+08,9.247136307301e+07,1.002616464250e+06,1.002616464250e+06,1.040078453496e+05
1.168690624761e-04,1.444429739437e+08,9.246507040439e+07,1.001531262146e+06,1.001531262146e+06,1.039974137654e+05
1.171734089929e-04,1.444424521321e+08,9.246459680167e+07,1.007334121155e+06,1.007334121155e+06,1.040009271436e+05
1.174777555098e-04,1.444354998791e+08,9.245769724772e+07,1.000782656906e+06,1.000782656906e+06,1.039873711637e+05
1.177821020267e-04,1.444282117223e+08,9.245046259931e+07,1.000350707907e+06,1.000350707907e+06,1.039722970784e+05
1.180864485435e-04,1.444235088715e+08,9.244579548441e+07,1.002858178795e+06,1.002858178795e+06,1.039650046217e+05
1.183907950604e-04,1.444284956122e+08,9.245075209482e+07,1.012526274867e+06,1.012526274867e+06,1.039823936140e+05
1.186951415773e-04,1.444303215750e+08,9.245251879957e+07,1.009296079348e+06,1.009296079348e+06,1.039927940926e+05
1.189994880941e-04,1.444244190132e+08,9.244657752810e+07,1.001467318167e+06,1.001467318167e+06,1.039817213980e+05
1.193038346110e-04,1.444253227852e+08,9.244741607514e+07,1.008249648014e+06,1.008249648014e+06,1.039890870607e+05
1.196081811278e-04,1.444282941888e+08,9.245028524354e+07,1.010278380458e+06,1.010278380458e+06,1.040014351627e+05
1.199125276447e-04,1.444217660275e+08,9.244367359265e+07,1.000666916857e+06,1.000666916857e+06,1.039863344523e+05
1.202168741616e-04,1.444219253983e+08,9.244371860302e+07,1.007327060083e+06,1.007327060083e+06,1.039901151215e+05
1.205212206784e-04,1.444227330427e+08,9.244437945117e+07,1.007921805156e+06,1.007921805156e+06,1.039953260109e+05
1.208255671953e-04,1.444241251832e+08,9.244559410344e+07,1.008458629758e+06,1.008458629758e+06,1.040019943837e+05
1.211299137122e-04,1.444257734102e+08,9.244703808963e+07,1.008671825081e+06,1.008671825081e+06,1.040093572186e+05
1.214342602290e-04,1.444278724638e+08,9.244890888855e+07,1.009086854203e+06,1.009086854203e+06,1.040189118279e+05
1.217386067459e-04,1.444307776812e+08,9.245156226772e+07,1.009863168419e+06,1.009863168419e+06,1.040297346260e+05
1.220429532628e-04,1.444298012270e+08,9.245033618098e+07,1.005921897185e+06,1.005921897185e+06,1.040294123023e+05
1.223472997796e-04,1.444261905259e+08,9.244648813752e+07,1.003223230752e+06,1.003223230752e+06,1.040219330780e+05
1.226516462965e-04,1.444215956933e+08,9.244166458971e+07,1.002172520935e+06,1.002172520935e+06,1.040116722307e+05
1.229559928134e-04,1.444216032484e+08,9.244142035950e+07,1.006739297002e+06,1.006739297002e+06,1.040153040688e+05
1.232603393302e-04,1.444193640836e+08,9.243892155462e+07,1.004423341778e+06,1.004423341778e+06,1.040120647228e+05
1.235646858471e-04,1.444166066707e+08,9.243589957034e+07,1.003845777182e+06,1.003845777182e+06,1.040078077028e+05
1.238690323640e-04,1.444053242011e+08,9.242439287074e+07,9.952041362263e+05,9.952041362263e+05,1.039810849607e+05
1.241733788808e-04,1.444041040803e+08,9.242292083699e+07,1.005246504615e+06,1.005246504615e+06,1.039791906403e+05
1.244777253977e-04,1.443970229026e+08,9.241559858320e+07,9.992838398798e+05,9.992838398798e+05,1.039621934868e+05
1.247820719145e-04,1.443967817016e+08,9.241508873973e+07,1.006097696776e+06,1.006097696776e+06,1.039636920525e+05
1.250864184314e-04,1.443909522877e+08,9.240900478760e+07,1.000418678281e+06,1.000418678281e+06,1.039514181383e+05
1.253907649483e-04,1.443829689411e+08,9.240079111805e+07,9.981823893628e+05,9.981823893628e+05,1.039331362142e+05
1.256951114651e-04,1.443740086338e+08,9.239162240100e+07,9.971211725545e+05,9.971211725545e+05,1.039124396456e+05
1.259994579820e-04,1.443690384648e+08,9.238643823354e+07,1.001054498283e+06,1.001054498283e+06,1.039041943474e+05
1.263038044989e-04,1.443680973976e+08,9.238525833222e+07,1.005038494138e+06,1.005038494138e+06,1.039041745747e+05
1.266081510157e-04,1.443746750788e+08,9.239154216868e+07,1.012557483284e+06,1.012557483284e+06,1.039235597227e+05
1.269124975326e-04,1.443591786962e+08,9.237583440541e+07,9.903099101677e+05,9.903099101677e+05,1.038824693614e+05
1.272168440495e-04,1.443613555769e+08,9.237775895541e+07,1.008021735013e+06,1.008021735013e+06,1.038892053471e+05
1.275211905663e-04,1.443587046688e+08,9.237484707183e+07,1.003121156251e+06,1.003121156251e+06,1.038841318941e+05
1.278255370832e-04,1.443538534666e+08,9.236973654104e+07,1.000855861563e+06,1.000855861563e+06,1.038726181162e+05
1.281298836001e-04,1.443473655075e+08,9.236299374007e+07,9.991508920820e+05,9.991508920820e+05,1.038574888740e+05
1.284342301169e-04,1.443483627240e+08,9.236369468881e+07,1.006625708795e+06,1.006625708795e+06,1.038633939056e+05
1.287385766338e-04,1.443539521965e+08,9.236893392515e+07,1.011213850616e+06,1.011213850616e+06,1.038817573751e+05
1.290429231507e-04,1.443631337018e+08,9.237771236254e+07,1.014819474094e+06,1.014819474094e+06,1.039082672389e+05
1.293472696675e-04,1.443663896701e+08,9.238056467402e+07,1.008864960288e+06,1.008864960288e+06,1.039176581210e+05
1.296516161844e-04,1.443696055825e+08,9.238337847367e+07,1.008827033698e+06,1.008827033698e+06,1.039283610907e+05
1.299559627012e-04,1.443659981889e+08,9.237940510653e+07,1.001954177740e+06,1.001954177740e+06,1.039217039129e+05
1.302603092181e-04,1.443647252098e+08,9.237777473279e+07,1.004271216285e+06,1.004271216285e+06,1.039196038467e+05
1.305646557350e-04,1.443606937230e+08,9.237340153745e+07,1.001457732936e+06,1.001457732936e+06,1.039102820246e+05
1.308690022518e-04,1.443614390284e+08,9.237378733966e+07,1.006220333472e+06,1.006220333472e+06,1.039136570361e+05
1.311733487687e-04,1.443624894690e+08,9.237446427443e+07,1.006494501721e+06,1.006494501721e+06,1.039171776484e+05
1.314776952856e-04,1.443546425500e+08,9.236628398713e+07,9.975085704392e+05,9.975085704392e+05,1.038973298242e+05
1.317820418024e-04,1.443514100726e+08,9.236272167512e+07,1.002102118453e+06,1.002102118453e+06,1.038894146860e+05
1.320863883193e-04,1.443612805293e+08,9.237219513374e+07,1.015255947354e+06,1.015255947354e+06,1.039167144095e+05
1.323907348362e-04,1.443608869776e+08,9.237141776310e+07,1.004930266772e+06,1.004930266772e+06,1.039176817874e+05
1.326950813530e-04,1.443618286389e+08,9.237198279272e+07,1.006260879090e+06,1.006260879090e+06,1.039189787759e+05
1.329994278699e-04,1.443639223930e+08,9.237370116522e+07,1.007411239496e+06,1.007411239496e+06,1.039246083678e+05
1.333037743868e-04,1.443610822140e+08,9.237051581237e+07,1.002435789025e+06,1.002435789025e+06,1.039184586253e+05
1.336081209036e-04,1.443603819735e+08,9.236948095605e+07,1.004566419653e+06,1.004566419653e+06,1.039180881286e+05
1.339124674205e-04,1.443609856619e+08,9.236975047989e+07,1.005857070203e+06,1.005857070203e+06,1.039191387801e+05
1.342168139374e-04,1.443504071072e+08,9.235889990682e+07,9.945768269452e+05,9.945768269452e+05,1.038909375478e+05
1.345211604542e-04,1.443535321422e+08,9.236172156979e+07,1.008320270109e+06,1.008320270109e+06,1.038993813094e+05
1.348255069711e-04,1.443543385622e+08,9.236221656030e+07,1.005969310305e+06,1.005969310305e+06,1.039028262743e+05
1.351298534879e-04,1.443533817933e+08,9.236095482648e+07,1.004179525738e+06,1.004179525738e+06,1.039003851459e+05
1.354342000048e-04,1.443529848415e+08,9.236025612948e+07,1.004726710419e+06,1.004726710419e+06,1.038998911245e+05
1.357385465217e-04,1.443532680892e+08,9.236023644895e+07,1.005397937345e+06,1.005397937345e+06,1.039020886243e+05
1.360428930385e-04,1.443481230312e+08,9.235481655263e+07,9.999182897444e+05,9.999182897444e+05,1.038889344842e+05
1.363472395554e-04,1.443551557410e+08,9.236152669821e+07,1.012150987292e+06,1.012150987292e+06,1.039082181520e+05
1.366515860723e-04,1.443567910635e+08,9.236283583012e+07,1.006723429178e+06,1.006723429178e+06,1.039119077595e+05
1.369559325891e-04,1.443488951708e+08,9.235466520256e+07,9.971236152071e+05,9.971236152071e+05,1.038923047286e+05
1.372602791060e-04,1.443419775792e+08,9.234750175865e+07,9.980711312350e+05,9.980711312350e+05,1.038740521817e+05
1.375646256229e-04,1.443472607227e+08,9.235249245718e+07,1.010311209680e+06,1.010311209680e+06,1.038881651072e+05
1.378689721397e-04,1.443442889604e+08,9.234924214555e+07,1.001991888526e+06,1.001991888526e+06,1.038798371275e+05
1.381733186566e-04,1.443429395482e+08,9.234761813148e+07,1.003603210464e+06,1.003603210464e+06,1.038763756271e+05
1.384776651735e-04,1.443453643037e+08,9.234975329163e+07,1.007386219087e+06,1.007386219087e+06,1.038832883267e+05
1.387820116903e-04,1.443471475732e+08,9.235124247564e+07,1.006738636329e+06,1.006738636329e+06,1.038893019224e+05
1.390863582072e-04,1.443473448426e+08,9.235115306791e+07,1.005141111424e+06,1.005141111424e+06,1.038902008159e+05
1.393907047241e-04,1.443406012015e+08,9.234416488097e+07,9.981460950764e+05,9.981460950764e+05,1.038723893511e+05
1.396950512409e-04,1.443358577129e+08,9.233919290140e+07,1.000127002058e+06,1.000127002058e+06,1.038595218749e+05
1.399993977578e-04,1.443251930995e+08,9.232834014369e+07,9.941290372927e+05,9.941290372927e+05,1.038312577587e+05
1.403037442746e-04,1.443238998204e+08,9.232683649938e+07,1.003508488029e+06,1.003508488029e+06,1.038302245720e+05
1.406080907915e-04,1.443242479075e+08,9.232695309576e+07,1.005130965376e+06,1.005130965376e+06,1.038311194094e+05
1.409124373084e-04,1.443307794797e+08,9.233321286943e+07,1.011343418348e+06,1.011343418348e+06,1.038479092440e+05
1.412167838252e-04,1.443246331461e+08,9.232684445834e+07,9.985925473272e+05,9.985925473272e+05,1.038328735617e+05
1.415211303421e-04,1.443259803959e+08,9.232796776052e+07,1.006121475069e+06,1.006121475069e+06,1.038367761762e+05
1.418254768590e-04,1.443227355940e+08,9.232452474187e+07,1.001496995159e+06,1.001496995159e+06,1.038288198298e+05
1.421298233758e-04,1.443294614051e+08,9.233101782439e+07,1.011524630437e+06,1.011524630437e+06,1.038477288710e+05
1.424341698927e-04,1.443268102700e+08,9.232816338828e+07,1.002098230052e+06,1.002098230052e+06,1.038400257076e+05
1.427385164096e-04,1.443288333306e+08,9.232998097622e+07,1.006797239667e+06,1.006797239667e+06,1.038460602132e+05
1.430428629264e-04,1.443199887724e+08,9.232098830861e+07,9.958552810962e+05,9.958552810962e+05,1.038228464151e+05
1.433472094433e-04,1.443188804906e+08,9.231972902318e+07,1.003608533722e+06,1.003608533722e+06,1.038198109032e+05
1.436515559602e-04,1.443214101872e+08,9.232208501523e+07,1.007250866248e+06,1.007250866248e+06,1.038257564522e+05
1.439559024770e-04,1.443229181656e+08,9.232340988908e+07,1.006219180300e+06,1.006219180300e+06,1.038295197179e+05
1.442602489939e-04,1.443254574108e+08,9.232575664859e+07,1.007256559403e+06,1.007256559403e+06,1.038354086446e+05
1.445645955108e-04,1.443217630099e+08,9.232189845613e+07,1.000984551296e+06,1.000984551296e+06,1.038258142501e+05
1.448689420276e-04,1.443196757697e+08,9.231965865353e+07,1.002586961811e+06,1.002586961811e+06,1.038214920305e+05
1.451732885445e-04,1.443233374852e+08,9.232314251684e+07,1.008359769599e+06,1.008359769599e+06,1.038317850839e+05
1.454776350613e-04,1.443265192097e+08,9.232613160984e+07,1.007878436295e+06,1.007878436295e+06,1.038414350392e+05
1.457819815782e-04,1.443271088587e+08,9.232653268995e+07,1.005272053183e+06,1.005272053183e+06,1.038423145153e+05
1.460863280951e-04,1.443279022319e+08,9.232713921085e+07,1.005473430024e+06,1.005473430024e+06,1.038447179816e+05
1.463906746119e-04,1.443286948714e+08,9.232774337154e+07,1.005469385568e+06,1.005469385568e+06,1.038466555889e+05
1.466950211288e-04,1.443306488498e+08,9.232949961825e+07,1.006634412181e+06,1.006634412181e+06,1.038508261297e+05
1.469993676457e-04,1.443348568195e+08,9.233349251435e+07,1.008902918137e+06,1.008902918137e+06,1.038624062012e+05
1.473037141625e-04,1.443393270305e+08,9.233773512453e+07,1.009178418664e+06,1.009178418664e+06,1.038751186305e+05
1.476080606794e-04,1.443329602956e+08,9.233119255119e+07,9.982793437212e+05,9.982793437212e+05,1.038576282453e+05
1.479124071963e-04,1.443308756223e+08,9.232894412617e+07,1.002570061602e+06,1.002570061602e+06,1.038527641392e+05
1.482167537131e-04,1.443342568181e+08,9.233213954290e+07,1.008058167710e+06,1.008058167710e+06,1.038630955633e+05
1.485211002300e-04,1.443417834757e+08,9.233944511361e+07,1.012234791070e+06,1.012234791070e+06,1.038831589182e+05
1.488254467469e-04,1.443417756827e+08,9.233923517708e+07,1.004675355014e+06,1.004675355014e+06,1.038840191769e+05
1.491297932637e-04,1.443416263884e+08,9.233889960596e+07,1.004543936766e+06,1.004543936766e+06,1.038845522458e+05
1.494341397806e-04,1.443501722669e+08,9.234722401904e+07,1.013305235650e+06,1.013305235650e+06,1.039058735173e+05
1.497384862975e-04,1.443488785988e+08,9.234573954676e+07,1.003429649736e+06,1.003429649736e+06,1.039021409863e+05
1.500428328143e-04,1.443384129366e+08,9.233515446960e+07,9.941969984541e+05,9.941969984541e+05,1.038750055639e+05
1.503471793312e-04,1.443416324615e+08,9.233822673538e+07,1.007943177584e+06,1.007943177584e+06,1.038832327818e+05
1.506515258480e-04,1.443394495947e+08,9.233590801365e+07,1.002501696477e+06,1.002501696477e+06,1.038787906668e+05
1.509558723649e-04,1.443354151769e+08,9.233175803646e+07,1.000623906083e+06,1.000623906083e+06,1.038666540034e+05
1.512602188818e-04,1.443341145176e+08,9.233034504523e+07,1.003356594520e+06,1.003356594520e+06,1.038634187104e+05
1.515645653986e-04,1.443360096208e+08,9.233211535470e+07,1.006561387502e+06,1.006561387502e+06,1.038661309309e+05
1.518689119155e-04,1.443330464223e+08,9.232904744386e+07,1.001672549500e+06,1.001672549500e+06,1.038595149738e+05
1.521732584324e-04,1.443360207171e+08,9.233189874160e+07,1.007641686898e+06,1.007641686898e+06,1.038664516800e+05
1.524776049492e-04,1.443358758678e+08,9.233163431835e+07,1.004506750646e+06,1.004506750646e+06,1.038640488497e+05
1.527819514661e-04,1.443419101212e+08,9.233751613542e+07,1.010730166112e+06,1.010730166112e+06,1.038788708541e+05
1.530862979830e-04,1.443388201476e+08,9.233429734136e+07,1.001564833668e+06,1.001564833668e+06,1.038699422974e+05
1.533906444998e-04,1.443349502789e+08,9.233031702194e+07,1.000770413902e+06,1.000770413902e+06,1.038582923860e+05
1.536949910167e-04,1.443320481058e+08,9.232730617201e+07,1.001727108250e+06,1.001727108250e+06,1.038511462362e+05
1.539993375336e-04,1.443315109424e+08,9.232664360325e+07,1.004088090429e+06,1.004088090429e+06,1.038490702499e+05
1.543036840504e-04,1.443330306181e+08,9.232801233855e+07,1.006148323559e+06,1.006148323559e+06,1.038550057372e+05
1.546080305673e-04,1.443238149476e+08,9.231868325424e+07,9.953344321971e+05,9.953344321971e+05,1.038286980483e+05
1.549123770842e-04,1.443253379901e+08,9.232005886866e+07,1.006114058738e+06,1.006114058738e+06,1.038333771539e+05
1.552167236010e-04,1.443248458420e+08,9.231940722725e+07,1.004079345419e+06,1.004079345419e+06,1.038331722651e+05
1.555210701179e-04,1.443303398114e+08,9.232470407051e+07,1.010103573489e+06,1.010103573489e+06,1.038479651858e+05
1.558254166348e-04,1.443220775461e+08,9.231629746690e+07,9.962695845715e+05,9.962695845715e+05,1.038254125438e+05
1.561297631516e-04,1.443164774811e+08,9.231057860382e+07,9.989277812571e+05,9.989277812571e+05,1.038123229622e+05
1.564341096685e-04,1.443205866294e+08,9.231453464671e+07,1.008678625680e+06,1.008678625680e+06,1.038218180552e+05
1.567384561853e-04,1.443224818565e+08,9.231626829520e+07,1.006455684258e+06,1.006455684258e+06,1.038272081921e+05
1.570428027022e-04,1.443207124527e+08,9.231435527170e+07,1.002773881237e+06,1.002773881237e+06,1.038234384955e+05
1.573471492191e-04,1.443297950679e+08,9.232324990555e+07,1.013702314657e+06,1.013702314657e+06,1.038476252739e+05
1.576514957359e-04,1.443325535158e+08,9.232582550697e+07,1.007372638249e+06,1.007372638249e+06,1.038555580042e+05
1.579558422528e-04,1.443347492705e+08,9.232784610772e+07,1.006833540914e+06,1.006833540914e+06,1.038622751855e+05
1.582601887697e-04,1.443194435313e+08,9.231246481097e+07,9.892269551681e+05,9.892269551681e+05,1.038214994292e+05
1.585645352865e-04,1.443214345436e+08,9.231435406125e+07,1.006593733912e+06,1.006593733912e+06,1.038275796515e+05
1.588688818034e-04,1.443256781569e+08,9.231846434151e+07,1.008852614282e+06,1.008852614282e+06,1.038387679540e+05
1.591732283203e-04,1.443222786309e+08,9.231495549153e+07,1.001164240472e+06,1.001164240472e+06,1.038307514158e+05
1.594775748371e-04,1.443179477014e+08,9.231054140075e+07,1.000215477405e+06,1.000215477405e+06,1.038201252531e+05
1.597819213540e-04,1.443202074684e+08,9.231270249049e+07,1.006836053938e+06,1.006836053938e+06,1.038269314102e+05
1.600862678709e-04,1.443242562810e+08,9.231663539894e+07,1.008641248393e+06,1.008641248393e+06,1.038389532696e+05
1.603906143877e-04,1.443164488851e+08,9.230876609244e+07,9.967163362606e+05,9.967163362606e+05,1.038186813773e+05
1.606949609046e-04,1.443131623465e+08,9.230542926447e+07,1.001245055499e+06,1.001245055499e+06,1.038092452845e+05
1.609993074215e-04,1.443108467285e+08,9.230306542155e+07,1.002203054145e+06,1.002203054145e+06,1.038039195576e+05
1.613036539383e-04,1.443122569224e+08,9.230440853735e+07,1.005939470614e+06,1.005939470614e+06,1.038082711500e+05
1.616080004552e-04,1.443180709290e+08,9.231012263471e+07,1.010373364006e+06,1.010373364006e+06,1.038244272902e+05
1.619123469720e-04,1.443175939188e+08,9.230956140682e+07,1.004060264290e+06,1.004060264290e+06,1.038231921164e+05
1.622166934889e-04,1.443163318126e+08,9.230823395130e+07,1.003276688410e+06,1.003276688410e+06,1.038190310678e+05
1.625210400058e-04,1.443171851212e+08,9.230902640875e+07,1.005408481091e+06,1.005408481091e+06,1.038229998784e+05
1.628253865226e-04,1.443148867275e+08,9.230668739985e+07,1.002239732170e+06,1.002239732170e+06,1.038152858547e+05
1.631297330395e-04,1.443115957406e+08,9.230337756156e+07,1.001234014825e+06,1.001234014825e+06,1.038071768848e+05
1.634340795564e-04,1.443174570960e+08,9.230918859158e+07,1.010437237728e+06,1.010437237728e+06,1.038234308736e+05
1.637384260732e-04,1.443226245956e+08,9.231429179274e+07,1.009758026785e+06,1.009758026785e+06,1.038380291287e+05
1.640427725901e-04,1.443237252047e+08,9.231534544781e+07,1.005689364266e+06,1.005689364266e+06,1.038410063815e+05
1.643471191070e-04,1.443227860055e+08,9.231438543385e+07,1.003652870515e+06,1.003652870515e+06,1.038404490832e+05
1.646514656238e-04,1.443250258410e+08,9.231660523547e+07,1.006860051004e+06,1.006860051004e+06,1.038462706298e+05
1.649558121407e-04,1.443252093546e+08,9.231678009784e+07,1.004802303343e+06,1.004802303343e+06,1.038476075686e+05
1.652601586576e-04,1.443263256064e+08,9.231789011049e+07,1.005749355053e+06,1.005749355053e+06,1.038516229207e+05
1.655645051744e-04,1.443213647951e+08,9.231295914078e+07,9.996357680652e+05,9.996357680652e+05,1.038387114612e+05
1.658688516913e-04,1.443254377671e+08,9.231703924067e+07,1.008717688029e+06,1.008717688029e+06,1.038490816054e+05
1.661731982082e-04,1.443291161728e+08,9.232071408040e+07,1.008332953683e+06,1.008332953683e+06,1.038590001688e+05
1.664775447250e-04,1.443330856925e+08,9.232467637032e+07,1.008643941675e+06,1.008643941675e+06,1.038692244321e+05
1.667818912419e-04,1.443416203255e+08,9.233318111138e+07,1.013266589130e+06,1.013266589130e+06,1.038932922723e+05
1.670862377587e-04,1.443372035287e+08,9.232879124467e+07,1.000266380601e+06,1.000266380601e+06,1.038816514654e+05
1.673905842756e-04,1.443285900579e+08,9.232026525122e+07,9.960370895970e+05,9.960370895970e+05,1.038578174726e+05
1.676949307925e-04,1.443313969151e+08,9.232313513303e+07,1.007504128660e+06,1.007504128660e+06,1.038644703002e+05
1.679992773093e-04,1.443365481276e+08,9.232831670488e+07,1.009862307600e+06,1.009862307600e+06,1.038791839754e+05
1.683036238262e-04,1.443364054250e+08,9.232820933176e+07,1.004546476804e+06,1.004546476804e+06,1.038792134890e+05
1.686079703431e-04,1.443320607526e+08,9.232392575690e+07,1.000318499891e+06,1.000318499891e+06,1.038672381036e+05
1.689123168599e-04,1.443315618227e+08,9.232348404262e+07,1.004177666986e+06,1.004177666986e+06,1.038664568895e+05
1.692166633768e-04,1.443257099206e+08,9.231771391292e+07,9.987802397652e+05,9.987802397652e+05,1.038505370372e+05
1.695210098937e-04,1.443335625489e+08,9.232559226808e+07,1.012554229667e+06,1.012554229667e+06,1.038705347228e+05
1.698253564105e-04,1.443307675456e+08,9.232284360400e+07,1.001851558693e+06,1.001851558693e+06,1.038629310852e+05
1.701297029274e-04,1.443268797619e+08,9.231902497693e+07,1.000746897769e+06,1.000746897769e+06,1.038537115102e+05
1.704340494443e-04,1.443270450390e+08,9.231925366662e+07,1.004816394525e+06,1.004816394525e+06,1.038556140751e+05
1.707383959611e-04,1.443258417338e+08,9.231811866454e+07,1.003433377181e+06,1.003433377181e+06,1.038525893525e+05
1.710427424780e-04,1.443274451989e+08,9.231977950797e+07,1.006251341958e+06,1.006251341958e+06,1.038549167999e+05
1.713470889949e-04,1.443290633376e+08,9.232144793685e+07,1.006271825978e+06,1.006271825978e+06,1.038587082156e+05
1.716514355117e-04,1.443298265170e+08,9.232226288241e+07,1.005420580819e+06,1.005420580819e+06,1.038594367465e+05
1.719557820286e-04,1.443349138987e+08,9.232738383104e+07,1.009783663024e+06,1.009783663024e+06,1.038730859666e+05
1.722601285454e-04,1.443311852584e+08,9.232372809640e+07,1.000930069973e+06,1.000930069973e+06,1.038645265859e+05
1.725644750623e-04,1.443235676249e+08,9.231623436341e+07,9.970080839868e+05,9.970080839868e+05,1.038436002323e+05
1.728688215792e-04,1.443279870262e+08,9.232074957525e+07,1.009101447614e+06,1.009101447614e+06,1.038539521420e+05
1.731731680960e-04,1.443244947129e+08,9.231738020510e+07,1.001141545317e+06,1.001141545317e+06,1.038453339113e+05
1.734775146129e-04,1.443187338073e+08,9.231177734914e+07,9.988461760539e+05,9.988461760539e+05,1.038321726282e+05
1.737818611298e-04,1.443205226709e+08,9.231370950958e+07,1.006427294822e+06,1.006427294822e+06,1.038382371169e+05
1.740862076466e-04,1.443215957839e+08,9.231492238703e+07,1.005708239274e+06,1.005708239274e+06,1.038434287711e+05
1.743905541635e-04,1.443249680934e+08,9.231842055154e+07,1.008028572784e+06,1.008028572784e+06,1.038506519413e+05
1.746949006804e-04,1.443220557332e+08,9.231565965018e+07,1.001718672085e+06,1.001718672085e+06,1.038456820730e+05
1.749992471972e-04,1.443214087315e+08,9.231516818389e+07,1.003996976976e+06,1.003996976976e+06,1.038452064746e+05
1.753035937141e-04,1.443205091213e+08,9.231442260587e+07,1.003742601433e+06,1.003742601433e+06,1.038414509922e+05
1.756079402310e-04,1.443200776510e+08,9.231413825343e+07,1.004211628796e+06,1.004211628796e+06,1.038405883012e+05
1.759122867478e-04,1.443262118373e+08,9.232037612063e+07,1.010822607586e+06,1.010822607586e+06,1.038569303033e+05
1.762166332647e-04,1.443153515098e+08,9.230967985144e+07,9.937300230816e+05,9.937300230816e+05,1.038280423227e+05
1.765209797816e-04,1.443098387652e+08,9.230434272642e+07,9.990814125497e+05,9.990814125497e+05,1.038155935637e+05
1.768253262984e-04,1.443059326753e+08,9.230060776699e+07,1.000670411913e+06,1.000670411913e+06,1.038064349294e+05
1.771296728153e-04,1.443041491617e+08,9.229898191638e+07,1.002779018978e+06,1.002779018978e+06,1.038002070677e+05
1.774340193321e-04,1.443052568290e+08,9.230022619078e+07,1.005673544410e+06,1.005673544410e+06,1.038031756853e+05
1.777383658490e-04,1.443012033660e+08,9.229632795060e+07,1.000475049237e+06,1.000475049237e+06,1.037921540288e+05
1.780427123659e-04,1.443025737613e+08,9.229784373235e+07,1.005922066093e+06,1.005922066093e+06,1.037960267093e+05
1.783470588827e-04,1.443031676997e+08,9.229858443296e+07,1.005143910565e+06,1.005143910565e+06,1.037982184612e+05
1.786514053996e-04,1.443011749100e+08,9.229675715299e+07,1.002543102224e+06,1.002543102224e+06,1.037940295106e+05
1.789557519165e-04,1.443040915842e+08,9.229982587081e+07,1.007483578430e+06,1.007483578430e+06,1.038021489276e+05
1.792600984333e-04,1.443029942303e+08,9.229889275032e+07,1.003451380420e+06,1.003451380420e+06,1.038000511207e+05
1.795644449502e-04,1.443018471220e+08,9.229791623076e+07,1.003399635416e+06,1.003399635416e+06,1.037969991895e+05
1.798687914671e-04,1.443099064122e+08,9.230609826259e+07,1.012668397499e+06,1.012668397499e+06,1.038205361992e+05
1.801731379839e-04,1.443095444132e+08,9.230587007380e+07,1.004216130926e+06,1.004216130926e+06,1.038204259702e+05
1.804774845008e-04,1.443104459712e+08,9.230690602427e+07,1.005495259116e+06,1.005495259116e+06,1.038242011334e+05
1.807818310177e-04,1.443119786627e+08,9.230856806712e+07,1.006138589056e+06,1.006138589056e+06,1.038292315899e+05
1.810861775345e-04,1.443142300330e+08,9.231094161891e+07,1.006870343813e+06,1.006870343813e+06,1.038367734792e+05
1.813905240514e-04,1.443172583652e+08,9.231408281865e+07,1.007663749123e+06,1.007663749123e+06,1.038448891062e+05
1.816948705683e-04,1.443266255545e+08,9.232352339182e+07,1.014062191151e+06,1.014062191151e+06,1.038686554348e+05
1.819992170851e-04,1.443316931449e+08,9.232866341539e+07,1.009772223825e+06,1.009772223825e+06,1.038826788540e+05
1.823035636020e-04,1.443363295032e+08,9.233337450703e+07,1.009370789782e+06,1.009370789782e+06,1.038946067124e+05
1.826079101188e-04,1.443335128489e+08,9.233067346906e+07,1.001893638834e+06,1.001893638834e+06,1.038865574610e+05
1.829122566357e-04,1.443368002376e+08,9.233406970098e+07,1.008036977885e+06,1.008036977885e+06,1.038940989095e+05
1.832166031526e-04,1.443299696250e+08,9.232739465661e+07,9.978561838485e+05,9.978561838485e+05,1.038742845783e+05
1.835209496694e-04,1.443312427491e+08,9.232881083477e+07,1.005990480061e+06,1.005990480061e+06,1.038764070849e+05
1.838252961863e-04,1.443299411009e+08,9.232765950852e+07,1.003391786534e+06,1.003391786534e+06,1.038741729715e+05
1.841296427032e-04,1.443227007064e+08,9.232060943213e+07,9.974003327152e+05,9.974003327152e+05,1.038549760766e+05
1.844339892200e-04,1.443263309969e+08,9.232440266533e+07,1.008316215113e+06,1.008316215113e+06,1.038662758599e+05
1.847383357369e-04,1.443342573009e+08,9.233245245925e+07,1.012646805680e+06,1.012646805680e+06,1.038876936827e+05
1.850426822538e-04,1.443424516506e+08,9.234074630144e+07,1.012947988614e+06,1.012947988614e+06,1.039103826970e+05
1.853470287706e-04,1.443317812848e+08,9.233026175481e+07,9.939918264687e+05,9.939918264687e+05,1.038815983609e+05
1.856513752875e-04,1.443235007175e+08,9.232221015367e+07,9.963714237840e+05,9.963714237840e+05,1.038592957589e+05
1.859557218044e-04,1.443285697289e+08,9.232745672442e+07,1.009778350870e+06,1.009778350870e+06,1.038732043795e+05
1.862600683212e-04,1.443242208216e+08,9.232329529710e+07,1.000297111980e+06,1.000297111980e+06,1.038615574507e+05
1.865644148381e-04,1.443181229251e+08,9.231739912730e+07,9.985147631442e+05,9.985147631442e+05,1.038453291213e+05
1.868687613550e-04,1.443214691908e+08,9.232090321237e+07,1.007997108268e+06,1.007997108268e+06,1.038550762980e+05
1.871731078718e-04,1.443236985266e+08,9.232326523045e+07,1.006876499467e+06,1.006876499467e+06,1.038616918620e+05
1.874774543887e-04,1.443225015723e+08,9.232220170061e+07,1.003436747226e+06,1.003436747226e+06,1.038585398404e+05
1.877818009055e-04,1.443179746846e+08,9.231782474497e+07,1.000085343712e+06,1.000085343712e+06,1.038468003718e+05
1.880861474224e-04,1.443208768528e+08,9.232084419796e+07,1.007554780268e+06,1.007554780268e+06,1.038554771323e+05
1.883904939393e-04,1.443168993217e+08,9.231699474795e+07,1.000634755704e+06,1.000634755704e+06,1.038443179357e+05
1.886948404561e-04,1.443160956458e+08,9.231630790285e+07,1.003817889535e+06,1.003817889535e+06,1.038417754601e+05
1.889991869730e-04,1.443244759823e+08,9.232474512270e+07,1.013062547523e+06,1.013062547523e+06,1.038614421626e+05
1.893035334899e-04,1.443207708652e+08,9.232112312390e+07,1.000922212872e+06,1.000922212872e+06,1.038506806975e+05
1.896078800067e-04,1.443205511346e+08,9.232098603953e+07,1.004430624398e+06,1.004430624398e+06,1.038493898251e+05
1.899122265236e-04,1.443234207153e+08,9.232392013890e+07,1.007545444077e+06,1.007545444077e+06,1.038573601621e+05
1.902165730405e-04,1.443302901882e+08,9.233081896346e+07,1.011590947614e+06,1.011590947614e+06,1.038777920322e+05
1.905209195573e-04,1.443248759128e+08,9.232547722537e+07,9.992520121580e+05,9.992520121580e+05,1.038638346960e+05
1.908252660742e-04,1.443271407280e+08,9.232780302991e+07,1.006978142949e+06,1.006978142949e+06,1.038705503404e+05
1.911296125911e-04,1.443284772905e+08,9.232919880819e+07,1.006054090234e+06,1.006054090234e+06,1.038758283990e+05
1.914339591079e-04,1.443328046465e+08,9.233357162948e+07,1.009075949545e+06,1.009075949545e+06,1.038876404574e+05
1.917383056248e-04,1.443302716637e+08,9.233111734782e+07,1.002186363077e+06,1.002186363077e+06,1.038796231174e+05
1.920426521417e-04,1.443306730727e+08,9.233160877092e+07,1.005139456731e+06,1.005139456731e+06,1.038798929424e+05
1.923469986585e-04,1.443284251096e+08,9.232947505173e+07,1.002474631112e+06,1.002474631112e+06,1.038748069713e+05
1.926513451754e-04,1.443271294189e+08,9.232830559821e+07,1.003424212925e+06,1.003424212925e+06,1.038706864941e+05
1.929556916922e-04,1.443258903563e+08,9.232719866456e+07,1.003473174267e+06,1.003473174267e+06,1.038665815025e+05
1.932600382091e-04,1.443258695708e+08,9.232730640697e+07,1.004691460705e+06,1.004691460705e+06,1.038668407162e+05
1.935643847260e-04,1.443264740993e+08,9.232803118427e+07,1.005319263064e+06,1.005319263064e+06,1.038687058030e+05
1.938687312428e-04,1.443219649234e+08,9.232366355910e+07,1.000167773585e+06,1.000167773585e+06,1.038548820267e+05
1.941730777597e-04,1.443258557380e+08,9.232766422063e+07,1.008610675770e+06,1.008610675770e+06,1.038657062864e+05
1.944774242766e-04,1.443242201391e+08,9.232614642755e+07,1.003054916500e+06,1.003054916500e+06,1.038620575099e+05
1.947817707934e-04,1.443253653554e+08,9.232740218975e+07,1.005849711583e+06,1.005849711583e+06,1.038659621908e+05
1.950861173103e-04,1.443307568120e+08,9.233287776778e+07,1.010127599906e+06,1.010127599906e+06,1.038805255618e+05
1.953904638272e-04,1.443345004760e+08,9.233669705426e+07,1.008488764172e+06,1.008488764172e+06,1.038900101481e+05
1.956948103440e-04,1.443356037329e+08,9.233788523548e+07,1.005849234118e+06,1.005849234118e+06,1.038926774247e+05
1.959991568609e-04,1.443332145681e+08,9.233560414699e+07,1.002342803028e+06,1.002342803028e+06,1.038870845400e+05
1.963035033778e-04,1.443300242687e+08,9.233253798656e+07,1.001528115598e+06,1.001528115598e+06,1.038789968213e+05
1.966078498946e-04,1.443307136297e+08,9.233333627568e+07,1.005415999678e+06,1.005415999678e+06,1.038793223190e+05
1.969121964115e-04,1.443337212486e+08,9.233642650137e+07,1.007745568618e+06,1.007745568618e+06,1.038891732802e+05
1.972165429284e-04,1.443371987001e+08,9.233996479058e+07,1.008223890651e+06,1.008223890651e+06,1.038967904458e+05
1.975208894452e-04,1.443383812539e+08,9.234120728514e+07,1.005925228221e+06,1.005925228221e+06,1.038998932349e+05
1.978252359621e-04,1.443399613114e+08,9.234284333259e+07,1.006336234012e+06,1.006336234012e+06,1.039038882108e+05
1.981295824790e-04,1.443405969354e+08,9.234353655520e+07,1.005396191713e+06,1.005396191713e+06,1.039061232498e+05
1.984339289958e-04,1.443452216740e+08,9.234819721002e+07,1.009419249851e+06,1.009419249851e+06,1.039184547048e+05
1.987382755127e-04,1.443478442843e+08,9.235085017661e+07,1.007420745808e+06,1.007420745808e+06,1.039247170581e+05
1.990426220295e-04,1.443426810775e+08,9.234575296806e+07,9.995932819427e+05,9.995932819427e+05,1.039098080858e+05
1.993469685464e-04,1.443477964945e+08,9.235089944240e+07,1.009930022658e+06,1.009930022658e+06,1.039240499456e+05
1.996513150633e-04,1.443491107612e+08,9.235223735624e+07,1.006115212481e+06,1.006115212481e+06,1.039277031594e+05
1.999556615801e-04,1.443551621319e+08,9.235828017863e+07,1.010890493293e+06,1.010890493293e+06,1.039436781986e+05
2.002600080970e-04,1.443521722888e+08,9.235530505632e+07,1.001809455163e+06,1.001809455163e+06,1.039351975305e+05
2.005643546139e-04,1.443574021188e+08,9.236051962909e+07,1.010081505254e+06,1.010081505254e+06,1.039486878751e+05
2.008687011307e-04,1.443617850378e+08,9.236486856514e+07,1.009246099189e+06,1.009246099189e+06,1.039599316480e+05
2.011730476476e-04,1.443643858830e+08,9.236743025605e+07,1.007470273213e+06,1.007470273213e+06,1.039653247830e+05
2.014773941645e-04,1.443585517832e+08,9.236159603587e+07,9.989890866436e+05,9.989890866436e+05,1.039493766071e+05
2.017817406813e-04,1.443558891130e+08,9.235893623483e+07,1.002161655908e+06,1.002161655908e+06,1.039399783029e+05
2.020860871982e-04,1.443522894406e+08,9.235533919832e+07,1.001198158044e+06,1.001198158044e+06,1.039304747363e+05
2.023904337151e-04,1.443492901479e+08,9.235233263889e+07,1.001777313463e+06,1.001777313463e+06,1.039225885626e+05
2.026947802319e-04,1.443410324984e+08,9.234408428191e+07,9.964565567428e+05,9.964565567428e+05,1.038993292279e+05
2.029991267488e-04,1.443373492480e+08,9.234039467986e+07,1.001020510596e+06,1.001020510596e+06,1.038894545233e+05
2.033034732657e-04,1.443341965786e+08,9.233722137471e+07,1.001524783668e+06,1.001524783668e+06,1.038798998919e+05
2.036078197825e-04,1.443333005898e+08,9.233628584266e+07,1.003773464028e+06,1.003773464028e+06,1.038770938847e+05
2.039121662994e-04,1.443369010596e+08,9.233981401949e+07,1.008290519494e+06,1.008290519494e+06,1.038869468348e+05
2.042165128162e-04,1.443258587986e+08,9.232876051754e+07,9.935528187974e+05,9.935528187974e+05,1.038575604014e+05
2.045208593331e-04,1.443237382447e+08,9.232662411860e+07,1.002497985347e+06,1.002497985347e+06,1.038513118340e+05
2.048252058500e-04,1.443150052737e+08,9.231790641396e+07,9.958197382659e+05,9.958197382659e+05,1.038287558446e+05
2.051295523668e-04,1.443175168950e+08,9.232039478758e+07,1.007100789893e+06,1.007100789893e+06,1.038362333352e+05
2.054338988837e-04,1.443144049595e+08,9.231726332507e+07,1.001432754960e+06,1.001432754960e+06,1.038285289538e+05
2.057382454006e-04,1.443161161241e+08,9.231893470270e+07,1.006274437272e+06,1.006274437272e+06,1.038341345116e+05
2.060425919174e-04,1.443139711395e+08,9.231675838918e+07,1.002394479774e+06,1.002394479774e+06,1.038295591399e+05
2.063469384343e-04,1.443059547291e+08,9.230874972613e+07,9.964728123781e+05,9.964728123781e+05,1.038076058543e+05
2.066512849512e-04,1.443020716317e+08,9.230487834045e+07,1.000603350235e+06,1.000603350235e+06,1.037979445294e+05
2.069556314680e-04,1.442969480310e+08,9.229977486185e+07,9.993288566728e+05,9.993288566728e+05,1.037849153552e+05
2.072599779849e-04,1.442947499246e+08,9.229758884382e+07,1.002244034040e+06,1.002244034040e+06,1.037801045104e+05
2.075643245018e-04,1.442890905671e+08,9.229195802635e+07,9.987379108786e+05,9.987379108786e+05,1.037674789724e+05
2.078686710186e-04,1.442840815798e+08,9.228698923461e+07,9.993622323976e+05,9.993622323976e+05,1.037556988673e+05
2.081730175355e-04,1.442833918284e+08,9.228632886398e+07,1.003681462495e+06,1.003681462495e+06,1.037553635949e+05
2.084773640524e-04,1.442832697142e+08,9.228623028048e+07,1.004240071589e+06,1.004240071589e+06,1.037567720306e+05
2.087817105692e-04,1.442828467395e+08,9.228583338361e+07,1.003931425220e+06,1.003931425220e+06,1.037561244003e+05
2.090860570861e-04,1.442835353972e+08,9.228654813703e+07,1.005046704683e+06,1.005046704683e+06,1.037568396179e+05
2.093904036029e-04,1.442907462723e+08,9.229375290965e+07,1.011619039281e+06,1.011619039281e+06,1.037763278689e+05
2.096947501198e-04,1.442931474957e+08,9.229615490389e+07,1.006804351043e+06,1.006804351043e+06,1.037825468224e+05
2.099990966367e-04,1.443006227672e+08,9.230361020778e+07,1.011934116217e+06,1.011934116217e+06,1.038031123336e+05
2.103034431535e-04,1.443063726716e+08,9.230933561258e+07,1.010232143692e+06,1.010232143692e+06,1.038181863406e+05
2.106077896704e-04,1.442989570240e+08,9.230196171350e+07,9.970072228994e+05,9.970072228994e+05,1.037982410618e+05
2.109121361873e-04,1.443029509584e+08,9.230597912499e+07,1.008480756722e+06,1.008480756722e+06,1.038093321480e+05
2.112164827041e-04,1.443062380496e+08,9.230927936996e+07,1.007776855186e+06,1.007776855186e+06,1.038172092165e+05
2.115208292210e-04,1.443082847759e+08,9.231134012683e+07,1.006539663189e+06,1.006539663189e+06,1.038220583470e+05
2.118251757379e-04,1.443107422401e+08,9.231381131822e+07,1.006967305829e+06,1.006967305829e+06,1.038291623408e+05
2.121295222547e-04,1.443064241544e+08,9.230954499000e+07,1.000157582540e+06,1.000157582540e+06,1.038173119801e+05
2.124338687716e-04,1.442996868527e+08,9.230289635261e+07,9.977111824602e+05,9.977111824602e+05,1.037988468131e+05
2.127382152885e-04,1.442962197224e+08,9.229952223633e+07,1.000975957009e+06,1.000975957009e+06,1.037889714883e+05
2.130425618053e-04,1.442952219376e+08,9.229860382025e+07,1.003440664228e+06,1.003440664228e+06,1.037865075440e+05
2.133469083222e-04,1.442912416937e+08,9.229470933723e+07,1.000423310285e+06,1.000423310285e+06,1.037752376229e+05
2.136512548391e-04,1.442929054998e+08,9.229643364198e+07,1.006090306566e+06,1.006090306566e+06,1.037818243437e+05
2.139556013559e-04,1.442870360634e+08,9.229064965780e+07,9.985051776538e+05,9.985051776538e+05,1.037664038650e+05
2.142599478728e-04,1.442888149589e+08,9.229249269059e+07,1.006186426438e+06,1.006186426438e+06,1.037722059309e+05
2.145642943896e-04,1.442805391445e+08,9.228432193811e+07,9.960619685152e+05,9.960619685152e+05,1.037514679793e+05
2.148686409065e-04,1.442773661989e+08,9.228125612994e+07,1.001168386921e+06,1.001168386921e+06,1.037438932932e+05
2.151729874234e-04,1.442840677484e+08,9.228801350930e+07,1.011089318643e+06,1.011089318643e+06,1.037611411277e+05
2.154773339402e-04,1.442837614017e+08,9.228776797628e+07,1.004046797921e+06,1.004046797921e+06,1.037601370767e+05
2.157816804571e-04,1.442865944314e+08,9.229064977292e+07,1.007210476511e+06,1.007210476511e+06,1.037672273451e+05
2.160860269740e-04,1.442861021762e+08,9.229021444785e+07,1.003873177905e+06,1.003873177905e+06,1.037645224937e+05
2.163903734908e-04,1.442870164071e+08,9.229118038882e+07,1.005292014785e+06,1.005292014785e+06,1.037678595122e+05
2.166947200077e-04,1.442889581042e+08,9.229315964274e+07,1.006330027796e+06,1.006330027796e+06,1.037732103311e+05
2.169990665246e-04,1.442857001424e+08,9.228995302774e+07,1.001099381028e+06,1.001099381028e+06,1.037653396224e+05
2.173034130414e-04,1.442860964328e+08,9.229038715682e+07,1.004762190079e+06,1.004762190079e+06,1.037653721820e+05
2.176077595583e-04,1.442909323172e+08,9.229522311640e+07,1.009228846291e+06,1.009228846291e+06,1.037793186543e+05
2.179121060752e-04,1.442950902085e+08,9.229935772629e+07,1.008560313083e+06,1.008560313083e+06,1.037918119441e+05
2.182164525920e-04,1.442939994045e+08,9.229825410976e+07,1.003292949811e+06,1.003292949811e+06,1.037881864245e+05
2.185207991089e-04,1.442904217808e+08,9.229468273175e+07,1.000789292829e+06,1.000789292829e+06,1.037793084961e+05
2.188251456258e-04,1.442884162049e+08,9.229268414293e+07,1.002357518757e+06,1.002357518757e+06,1.037735428267e+05
2.191294921426e-04,1.442881382639e+08,9.229240321788e+07,1.004080963227e+06,1.004080963227e+06,1.037740040909e+05
2.194338386595e-04,1.442851344530e+08,9.228940316095e+07,1.001326122324e+06,1.001326122324e+06,1.037657796573e+05
2.197381851763e-04,1.442948308464e+08,9.229904327784e+07,1.014098384258e+06,1.014098384258e+06,1.037926612572e+05
2.200425316932e-04,1.442875487244e+08,9.229175824404e+07,9.970309770123e+05,9.970309770123e+05,1.037750807965e+05
2.203468782101e-04,1.442919655064e+08,9.229614780125e+07,1.008795362271e+06,1.008795362271e+06,1.037879031281e+05
2.206512247269e-04,1.442828681795e+08,9.228707817154e+07,9.951969356584e+05,9.951969356584e+05,1.037626289992e+05
2.209555712438e-04,1.442789305869e+08,9.228317643573e+07,1.000359284688e+06,1.000359284688e+06,1.037524751350e+05
2.212599177607e-04,1.442678052806e+08,9.227212785136e+07,9.930926034869e+05,9.930926034869e+05,1.037236448285e+05
2.215642642775e-04,1.442590700030e+08,9.226348196182e+07,9.954441434032e+05,9.954441434032e+05,1.037007435459e+05
2.218686107944e-04,1.442656261703e+08,9.227005431250e+07,1.010791534698e+06,1.010791534698e+06,1.037187352070e+05
2.221729573113e-04,1.442656530100e+08,9.227008735482e+07,1.004222543317e+06,1.004222543317e+06,1.037181010185e+05
2.224773038281e-04,1.442758828281e+08,9.228026961016e+07,1.014502725291e+06,1.014502725291e+06,1.037459486796e+05
2.227816503450e-04,1.442783120837e+08,9.228266242337e+07,1.006695226508e+06,1.006695226508e+06,1.037533074533e+05
2.230859968619e-04,1.442760747193e+08,9.228042365123e+07,1.002026937564e+06,1.002026937564e+06,1.037469986168e+05
2.233903433787e-04,1.442759849715e+08,9.228034377936e+07,1.004198102235e+06,1.004198102235e+06,1.037473110129e+05
2.236946898956e-04,1.442753337570e+08,9.227971036794e+07,1.003637441188e+06,1.003637441188e+06,1.037450706854e+05
2.239990364125e-04,1.442726721413e+08,9.227708125203e+07,1.001612638306e+06,1.001612638306e+06,1.037376747860e+05
2.243033829293e-04,1.442702991615e+08,9.227474903060e+07,1.001895578174e+06,1.001895578174e+06,1.037312929554e+05
2.246077294462e-04,1.442740240821e+08,9.227849067871e+07,1.008028206508e+06,1.008028206508e+06,1.037430888928e+05
2.249120759630e-04,1.442825581195e+08,9.228700410459e+07,1.012885727061e+06,1.012885727061e+06,1.037677336983e+05
2.252164224799e-04,1.442892942846e+08,9.229370732820e+07,1.011117960774e+06,1.011117960774e+06,1.037852461774e+05
2.255207689968e-04,1.442894572405e+08,9.229386900017e+07,1.004543263723e+06,1.004543263723e+06,1.037864861979e+05
2.258251155136e-04,1.442861357424e+08,9.229058674706e+07,1.001054458822e+06,1.001054458822e+06,1.037774080182e+05
2.261294620305e-04,1.442856933430e+08,9.229019276562e+07,1.003952225064e+06,1.003952225064e+06,1.037763958804e+05
2.264338085474e-04,1.442863370617e+08,9.229088340114e+07,1.005043229478e+06,1.005043229478e+06,1.037787287168e+05
2.267381550642e-04,1.442814915180e+08,9.228611270609e+07,9.995132149255e+05,9.995132149255e+05,1.037662714210e+05
2.270425015811e-04,1.442834009026e+08,9.228807985808e+07,1.006294035011e+06,1.006294035011e+06,1.037715607499e+05
2.273468480980e-04,1.442952403767e+08,9.229991353932e+07,1.016294031335e+06,1.016294031335e+06,1.038047197073e+05
2.276511946148e-04,1.442966045080e+08,9.230128734441e+07,1.005787391913e+06,1.005787391913e+06,1.038087859717e+05
2.279555411317e-04,1.442907872414e+08,9.229552997275e+07,9.985731070243e+05,9.985731070243e+05,1.037927067785e+05
2.282598876486e-04,1.443023892696e+08,9.230713012171e+07,1.016102293272e+06,1.016102293272e+06,1.038238055050e+05
2.285642341654e-04,1.443048563396e+08,9.230960089490e+07,1.006940246325e+06,1.006940246325e+06,1.038301640590e+05
2.288685806823e-04,1.443030458087e+08,9.230782152462e+07,1.002648702969e+06,1.002648702969e+06,1.038261470737e+05
2.291729271992e-04,1.443028306532e+08,9.230764533568e+07,1.004252035356e+06,1.004252035356e+06,1.038252958541e+05
2.294772737160e-04,1.442975481093e+08,9.230243196898e+07,9.991422584694e+05,9.991422584694e+05,1.038106080077e+05
2.297816202329e-04,1.443009037715e+08,9.230582783578e+07,1.007816222631e+06,1.007816222631e+06,1.038197751553e+05
2.300859667497e-04,1.443036641119e+08,9.230861114485e+07,1.007216893316e+06,1.007216893316e+06,1.038273954232e+05
2.303903132666e-04,1.443038191335e+08,9.230879183240e+07,1.004599632467e+06,1.004599632467e+06,1.038270255592e+05
2.306946597835e-04,1.443014569310e+08,9.230647086793e+07,1.002066748809e+06,1.002066748809e+06,1.038202785878e+05
2.309990063003e-04,1.443070535829e+08,9.231207610396e+07,1.010075786950e+06,1.010075786950e+06,1.038367569237e+05
2.313033528172e-04,1.443074719415e+08,9.231250764956e+07,1.004879433099e+06,1.004879433099e+06,1.038374962861e+05
2.316076993341e-04,1.443059824216e+08,9.231104476816e+07,1.002964136055e+06,1.002964136055e+06,1.038341317753e+05
2.319120458509e-04,1.443067027655e+08,9.231178625561e+07,1.005188005886e+06,1.005188005886e+06,1.038364173993e+05
2.322163923678e-04,1.443073714088e+08,9.231247073637e+07,1.005138393131e+06,1.005138393131e+06,1.038383091889e+05
2.325207388847e-04,1.443034416074e+08,9.230857679056e+07,1.000510571663e+06,1.000510571663e+06,1.038284327537e+05
2.328250854015e-04,1.443160170066e+08,9.232111245079e+07,1.017118436035e+06,1.017118436035e+06,1.038607629601e+05
2.331294319184e-04,1.443113165104e+08,9.231641472354e+07,9.997640980742e+05,9.997640980742e+05,1.038478147502e+05
2.334337784353e-04,1.443057695079e+08,9.231090616518e+07,9.989071753370e+05,9.989071753370e+05,1.038333639442e+05
2.337381249521e-04,1.443056788669e+08,9.231084700141e+07,1.004382246724e+06,1.004382246724e+06,1.038314553463e+05
2.340424714690e-04,1.443087590239e+08,9.231393680016e+07,1.007569519303e+06,1.007569519303e+06,1.038399601837e+05
2.343468179859e-04,1.443089594077e+08,9.231414893074e+07,1.004679631359e+06,1.004679631359e+06,1.038417483396e+05
2.346511645027e-04,1.443070337954e+08,9.231225053329e+07,1.002541120529e+06,1.002541120529e+06,1.038363672335e+05
2.349555110196e-04,1.443095953795e+08,9.231482592169e+07,1.007054840728e+06,1.007054840728e+06,1.038426683575e+05
2.352598575364e-04,1.443097224183e+08,9.231496958480e+07,1.004611944636e+06,1.004611944636e+06,1.038419062580e+05
2.355642040533e-04,1.443043431201e+08,9.230963754249e+07,9.990706710919e+05,9.990706710919e+05,1.038284933300e+05
2.358685505702e-04,1.443043050193e+08,9.230963656147e+07,1.004429464164e+06,1.004429464164e+06,1.038269206103e+05
2.361728970870e-04,1.443034973518e+08,9.230886194299e+07,1.003647210421e+06,1.003647210421e+06,1.038241862754e+05
2.364772436039e-04,1.443034452431e+08,9.230883651716e+07,1.004401878075e+06,1.004401878075e+06,1.038239834149e+05
2.367815901208e-04,1.443070305343e+08,9.231242689301e+07,1.008064364033e+06,1.008064364033e+06,1.038349445534e+05
2.370859366376e-04,1.443060584875e+08,9.231147205926e+07,1.003488861521e+06,1.003488861521e+06,1.038316137567e+05
2.373902831545e-04,1.443159949285e+08,9.232137744164e+07,1.014478340301e+06,1.014478340301e+06,1.038571537539e+05
2.376946296714e-04,1.443121143850e+08,9.231750816135e+07,1.000607036106e+06,1.000607036106e+06,1.038465720093e+05
2.379989761882e-04,1.443085331468e+08,9.231396648956e+07,1.000908823444e+06,1.000908823444e+06,1.038380790042e+05
2.383033227051e-04,1.443094553751e+08,9.231491954801e+07,1.005433825744e+06,1.005433825744e+06,1.038410947625e+05
2.386076692220e-04,1.443155247296e+08,9.232098208970e+07,1.010619449365e+06,1.010619449365e+06,1.038585775511e+05
2.389120157388e-04,1.443151153841e+08,9.232057271951e+07,1.004118214081e+06,1.004118214081e+06,1.038578331219e+05
2.392163622557e-04,1.443195238120e+08,9.232495804363e+07,1.008976459152e+06,1.008976459152e+06,1.038692895412e+05
2.395207087726e-04,1.443199613232e+08,9.232537497272e+07,1.005000831336e+06,1.005000831336e+06,1.038718568262e+05
2.398250552894e-04,1.443142504684e+08,9.231967533478e+07,9.988183096280e+05,9.988183096280e+05,1.038560500012e+05
2.401294018063e-04,1.443162643978e+08,9.232167701150e+07,1.006581693191e+06,1.006581693191e+06,1.038621888743e+05
2.404337483231e-04,1.443219042122e+08,9.232726675742e+07,1.010236248362e+06,1.010236248362e+06,1.038772597952e+05
2.407380948400e-04,1.443240051761e+08,9.232931238098e+07,1.006693012553e+06,1.006693012553e+06,1.038835713435e+05
2.410424413569e-04,1.443315736024e+08,9.233679391268e+07,1.012214524179e+06,1.012214524179e+06,1.039037589942e+05
2.413467878737e-04,1.443254541969e+08,9.233063990678e+07,9.984638310438e+05,9.984638310438e+05,1.038853826572e+05
2.416511343906e-04,1.443245546265e+08,9.232971179144e+07,1.003710245318e+06,1.003710245318e+06,1.038824354691e+05
2.419554809075e-04,1.443269656082e+08,9.233207764670e+07,1.007038108861e+06,1.007038108861e+06,1.038874065171e+05
2.422598274243e-04,1.443275718843e+08,9.233263696609e+07,1.005225376255e+06,1.005225376255e+06,1.038887003344e+05
2.425641739412e-04,1.443249724043e+08,9.233000773916e+07,1.001998232356e+06,1.001998232356e+06,1.038814338357e+05
2.428685204581e-04,1.443229152268e+08,9.232793142551e+07,1.002532201064e+06,1.002532201064e+06,1.038748307030e+05
2.431728669749e-04,1.443230967939e+08,9.232809137334e+07,1.004773937793e+06,1.004773937793e+06,1.038762709445e+05
2.434772134918e-04,1.443226154808e+08,9.232759249682e+07,1.004102022903e+06,1.004102022903e+06,1.038756719761e+05
2.437815600087e-04,1.443328512792e+08,9.233776050203e+07,1.014888708397e+06,1.014888708397e+06,1.039015814256e+05
2.440859065255e-04,1.443335226966e+08,9.233838649771e+07,1.005292746642e+06,1.005292746642e+06,1.039019986632e+05
2.443902530424e-04,1.443285134743e+08,9.233338385970e+07,9.995836897303e+05,9.995836897303e+05,1.038886111127e+05
2.446945995593e-04,1.443268919654e+08,9.233178636480e+07,1.002982757993e+06,1.002982757993e+06,1.038851698948e+05
2.449989460761e-04,1.443204058698e+08,9.232536132110e+07,9.980706507440e+05,9.980706507440e+05,1.038681132651e+05
2.453032925930e-04,1.443271391091e+08,9.233210825828e+07,1.011351170986e+06,1.011351170986e+06,1.038870359449e+05
2.456076391099e-04,1.443203363684e+08,9.232535804876e+07,9.977307256047e+05,9.977307256047e+05,1.038684740026e+05
2.459119856267e-04,1.443222121270e+08,9.232726633367e+07,1.006444823938e+06,1.006444823938e+06,1.038738959360e+05
2.462163321436e-04,1.443222172070e+08,9.232729912094e+07,1.004558465797e+06,1.004558465797e+06,1.038732850478e+05
2.465206786604e-04,1.443216769005e+08,9.232678568315e+07,1.004006029327e+06,1.004006029327e+06,1.038707094428e+05
2.468250251773e-04,1.443157733542e+08,9.232093802569e+07,9.986013276418e+05,9.986013276418e+05,1.038564516772e+05
2.471293716942e-04,1.443148328750e+08,9.232004561850e+07,1.003576028280e+06,1.003576028280e+06,1.038543238568e+05
2.474337182110e-04,1.443149683337e+08,9.232021784876e+07,1.004646889759e+06,1.004646889759e+06,1.038534129605e+05
2.477380647279e-04,1.443122148452e+08,9.231751106454e+07,1.001730738472e+06,1.001730738472e+06,1.038463138864e+05
2.480424112448e-04,1.443105426770e+08,9.231588724035e+07,1.002803670914e+06,1.002803670914e+06,1.038407856248e+05
2.483467577616e-04,1.443129168325e+08,9.231828688383e+07,1.006869497580e+06,1.006869497580e+06,1.038472587425e+05
2.486511042785e-04,1.443127780086e+08,9.231817110388e+07,1.004343787354e+06,1.004343787354e+06,1.038466519845e+05
2.489554507954e-04,1.443123872480e+08,9.231780235480e+07,1.004092637089e+06,1.004092637089e+06,1.038469695491e+05
2.492597973122e-04,1.443124963406e+08,9.231792847417e+07,1.004597335203e+06,1.004597335203e+06,1.038473996495e+05
2.495641438291e-04,1.443139050551e+08,9.231934248188e+07,1.005909603571e+06,1.005909603571e+06,1.038511278120e+05
2.498684903460e-04,1.443144607786e+08,9.231990032450e+07,1.005057534454e+06,1.005057534454e+06,1.038521050991e+05
2.501728368628e-04,1.443202410351e+08,9.232565248283e+07,1.010326253828e+06,1.010326253828e+06,1.038679627455e+05
2.504771833797e-04,1.443257085901e+08,9.233107448829e+07,1.010036482893e+06,1.010036482893e+06,1.038823853182e+05
2.507815298966e-04,1.443285679318e+08,9.233389097786e+07,1.007443214975e+06,1.007443214975e+06,1.038918416628e+05
2.510858764134e-04,1.443341002882e+08,9.233936780374e+07,1.010160390473e+06,1.010160390473e+06,1.039068810329e+05
2.513902229303e-04,1.443355765768e+08,9.234080040087e+07,1.006109182892e+06,1.006109182892e+06,1.039109534986e+05
2.516945694471e-04,1.443362288540e+08,9.234141965417e+07,1.005298706112e+06,1.005298706112e+06,1.039117725160e+05
2.519989159640e-04,1.443280686760e+08,9.233328102380e+07,9.964321746274e+05,9.964321746274e+05,1.038901452396e+05
2.523032624809e-04,1.443324124053e+08,9.233761488642e+07,1.008996320408e+06,1.008996320408e+06,1.039019802949e+05
2.526076089977e-04,1.443339432889e+08,9.233913046229e+07,1.006170958459e+06,1.006170958459e+06,1.039073460072e+05
2.529119555146e-04,1.443357134408e+08,9.234088349473e+07,1.006419580218e+06,1.006419580218e+06,1.039130244596e+05
2.532163020315e-04,1.443400560774e+08,9.234519681224e+07,1.009022756868e+06,1.009022756868e+06,1.039243854784e+05
2.535206485483e-04,1.443379903722e+08,9.234313114705e+07,1.002591235192e+06,1.002591235192e+06,1.039177437860e+05
2.538249950652e-04,1.443324543801e+08,9.233763554094e+07,9.990967190596e+05,9.990967190596e+05,1.039026562279e+05
2.541293415821e-04,1.443314694437e+08,9.233669176115e+07,1.003661851478e+06,1.003661851478e+06,1.038997102642e+05
2.544336880989e-04,1.443346255839e+08,9.233986634373e+07,1.007821535349e+06,1.007821535349e+06,1.039074542362e+05
2.547380346158e-04,1.443280630296e+08,9.233335867586e+07,9.980402103254e+05,9.980402103254e+05,1.038885896324e+05
2.550423811327e-04,1.443436260479e+08,9.234888405512e+07,1.020298445814e+06,1.020298445814e+06,1.039293162966e+05
2.553467276495e-04,1.443389071888e+08,9.234417245249e+07,9.999278285663e+05,9.999278285663e+05,1.039145800499e+05
2.556510741664e-04,1.443405473287e+08,9.234581835506e+07,1.006329950572e+06,1.006329950572e+06,1.039164434352e+05
2.559554206833e-04,1.443411689426e+08,9.234644623979e+07,1.005316446660e+06,1.005316446660e+06,1.039162545550e+05
2.562597672001e-04,1.443349873551e+08,9.234030747752e+07,9.984692365892e+05,9.984692365892e+05,1.038998454678e+05
2.565641137170e-04,1.443345671565e+08,9.233992079464e+07,1.004248639280e+06,1.004248639280e+06,1.038978754394e+05
2.568684602338e-04,1.443431359904e+08,9.234846882658e+07,1.013292596490e+06,1.013292596490e+06,1.039227648754e+05
2.571728067507e-04,1.443459651832e+08,9.235127315446e+07,1.007540486263e+06,1.007540486263e+06,1.039293921111e+05
2.574771532676e-04,1.443493831402e+08,9.235466468762e+07,1.008153999342e+06,1.008153999342e+06,1.039371376269e+05
2.577814997844e-04,1.443527050768e+08,9.235796280175e+07,1.008080876625e+06,1.008080876625e+06,1.039455580022e+05
2.580858463013e-04,1.443528579524e+08,9.235811188909e+07,1.004911255598e+06,1.004911255598e+06,1.039452082817e+05
2.583901928182e-04,1.443583531078e+08,9.236358671366e+07,1.010300271007e+06,1.010300271007e+06,1.039583682512e+05
2.586945393350e-04,1.443565471823e+08,9.236178595338e+07,1.002973230867e+06,1.002973230867e+06,1.039533793929e+05
2.589988858519e-04,1.443522693364e+08,9.235754214284e+07,1.000483330505e+06,1.000483330505e+06,1.039409616577e+05
2.593032323688e-04,1.443472359774e+08,9.235256419780e+07,9.997055248943e+05,9.997055248943e+05,1.039270616836e+05
2.596075788856e-04,1.443421921148e+08,9.234758962303e+07,9.996686491640e+05,9.996686491640e+05,1.039139875793e+05
2.599119254025e-04,1.443418541754e+08,9.234730695433e+07,1.004377777807e+06,1.004377777807e+06,1.039134056669e+05
2.602162719194e-04,1.443353938727e+08,9.234092838207e+07,9.981985324127e+05,9.981985324127e+05,1.038939511981e+05
2.605206184362e-04,1.443397428034e+08,9.234532573162e+07,1.009054576693e+06,1.009054576693e+06,1.039061719906e+05
2.608249649531e-04,1.443407815533e+08,9.234641245247e+07,1.005729614202e+06,1.005729614202e+06,1.039080023998e+05
2.611293114700e-04,1.443464370770e+08,9.235209674417e+07,1.010387243177e+06,1.010387243177e+06,1.039234487142e+05
2.614336579868e-04,1.443388848966e+08,9.234463467946e+07,9.971114462043e+05,9.971114462043e+05,1.039029697456e+05
2.617380045037e-04,1.443332316046e+08,9.233910351694e+07,9.990032760022e+05,9.990032760022e+05,1.038874762692e+05
2.620423510205e-04,1.443372371627e+08,9.234319977161e+07,1.008701619668e+06,1.008701619668e+06,1.038980603263e+05
2.623466975374e-04,1.443420824687e+08,9.234810987884e+07,1.009549892565e+06,1.009549892565e+06,1.039102488351e+05
2.626510440543e-04,1.443443683454e+08,9.235046008930e+07,1.006988915651e+06,1.006988915651e+06,1.039162858665e+05
2.629553905711e-04,1.443423763305e+08,9.234855855194e+07,1.002693170087e+06,1.002693170087e+06,1.039098325806e+05
2.632597370880e-04,1.443321910456e+08,9.233852685891e+07,9.944370073912e+05,9.944370073912e+05,1.038821140510e+05
2.635640836049e-04,1.443348918879e+08,9.234135284054e+07,1.007373492611e+06,1.007373492611e+06,1.038898035856e+05
2.638684301217e-04,1.443359427692e+08,9.234251591282e+07,1.005706136728e+06,1.005706136728e+06,1.038934461915e+05
2.641727766386e-04,1.443330328584e+08,9.233972919586e+07,1.001714302022e+06,1.001714302022e+06,1.038858223918e+05
2.644771231555e-04,1.443332440855e+08,9.234005183968e+07,1.004845118177e+06,1.004845118177e+06,1.038881171686e+05
2.647814696723e-04,1.443284274771e+08,9.233536212768e+07,9.997747437183e+05,9.997747437183e+05,1.038746801073e+05
2.650858161892e-04,1.443329919458e+08,9.234000751279e+07,1.009202098559e+06,1.009202098559e+06,1.038867524535e+05
2.653901627061e-04,1.443366033901e+08,9.234366815654e+07,1.008254220149e+06,1.008254220149e+06,1.038955697220e+05
2.656945092229e-04,1.443353836598e+08,9.234250041362e+07,1.003403611686e+06,1.003403611686e+06,1.038920412975e+05
2.659988557398e-04,1.443229810166e+08,9.233020755308e+07,9.921416470903e+05,9.921416470903e+05,1.038587418009e+05
2.663032022567e-04,1.443100835674e+08,9.231745645480e+07,9.915942515862e+05,9.915942515862e+05,1.038243321970e+05
2.666075487735e-04,1.443116617766e+08,9.231912226934e+07,1.006105444481e+06,1.006105444481e+06,1.038299654806e+05
2.669118952904e-04,1.443102801303e+08,9.231780234609e+07,1.003103743909e+06,1.003103743909e+06,1.038276947358e+05
2.672162418072e-04,1.443101048775e+08,9.231766594863e+07,1.004303271717e+06,1.004303271717e+06,1.038270807969e+05
2.675205883241e-04,1.443069317967e+08,9.231453400884e+07,1.001280308576e+06,1.001280308576e+06,1.038173427665e+05
2.678249348410e-04,1.443077718644e+08,9.231539674391e+07,1.005313544840e+06,1.005313544840e+06,1.038206894146e+05
2.681292813578e-04,1.443081278613e+08,9.231576587768e+07,1.004829430683e+06,1.004829430683e+06,1.038221742683e+05
2.684336278747e-04,1.443081180748e+08,9.231576414377e+07,1.004464675459e+06,1.004464675459e+06,1.038226017798e+05
2.687379743916e-04,1.442991287692e+08,9.230682366782e+07,9.954248193809e+05,9.954248193809e+05,1.037981888902e+05
2.690423209084e-04,1.442986711321e+08,9.230639257055e+07,1.003983803324e+06,1.003983803324e+06,1.037971548547e+05
2.693466674253e-04,1.443032075623e+08,9.231090792973e+07,1.009002313507e+06,1.009002313507e+06,1.038100051225e+05
2.696510139422e-04,1.443084065456e+08,9.231604664875e+07,1.009681033062e+06,1.009681033062e+06,1.038215800677e+05
2.699553604590e-04,1.443068811915e+08,9.231446933970e+07,1.002934638840e+06,1.002934638840e+06,1.038176241233e+05
2.702597069759e-04,1.442978900479e+08,9.230546906887e+07,9.954218074061e+05,9.954218074061e+05,1.037937378879e+05
2.705640534928e-04,1.442997405235e+08,9.230727748176e+07,1.006309898678e+06,1.006309898678e+06,1.037986750256e+05
2.708684000096e-04,1.442954559902e+08,9.230295800446e+07,1.000128149586e+06,1.000128149586e+06,1.037863874468e+05
2.711727465265e-04,1.442904552721e+08,9.229793220650e+07,9.993863768038e+05,9.993863768038e+05,1.037735400532e+05
2.714770930434e-04,1.442978264730e+08,9.230522026004e+07,1.011821377427e+06,1.011821377427e+06,1.037925961463e+05
2.717814395602e-04,1.443015447904e+08,9.230884185007e+07,1.008163624796e+06,1.008163624796e+06,1.038023123908e+05
2.720857860771e-04,1.443010440002e+08,9.230826650089e+07,1.003935235227e+06,1.003935235227e+06,1.037999426653e+05
2.723901325939e-04,1.443005198368e+08,9.230768920136e+07,1.003923151533e+06,1.003923151533e+06,1.038008633713e+05
2.726944791108e-04,1.443058374945e+08,9.231294068357e+07,1.009811178702e+06,1.009811178702e+06,1.038154278471e+05
2.729988256277e-04,1.443064620170e+08,9.231351745881e+07,1.005108294521e+06,1.005108294521e+06,1.038166220802e+05
2.733031721445e-04,1.443050319186e+08,9.231206467656e+07,1.003049354045e+06,1.003049354045e+06,1.038116452912e+05
2.736075186614e-04,1.442993436846e+08,9.230639465219e+07,9.987591849611e+05,9.987591849611e+05,1.037965849942e+05
2.739118651783e-04,1.442969723119e+08,9.230405104883e+07,1.002077474994e+06,1.002077474994e+06,1.037915141288e+05
2.742162116951e-04,1.443035059069e+08,9.231056944242e+07,1.011030356007e+06,1.011030356007e+06,1.038087484086e+05
2.745205582120e-04,1.443161300035e+08,9.232311857022e+07,1.017183826171e+06,1.017183826171e+06,1.038426606984e+05
2.748249047289e-04,1.443156069206e+08,9.232255207329e+07,1.004000280804e+06,1.004000280804e+06,1.038410399622e+05
2.751292512457e-04,1.443180550673e+08,9.232496090820e+07,1.007013907640e+06,1.007013907640e+06,1.038471328338e+05
2.754335977626e-04,1.443177949222e+08,9.232467391882e+07,1.004306567733e+06,1.004306567733e+06,1.038462208574e+05
2.757379442795e-04,1.443203828552e+08,9.232722009018e+07,1.007182095156e+06,1.007182095156e+06,1.038521392952e+05
2.760422907963e-04,1.443141277475e+08,9.232095392168e+07,9.982869155237e+05,9.982869155237e+05,1.038340566043e+05
2.763466373132e-04,1.443118806699e+08,9.231868976341e+07,1.002299895825e+06,1.002299895825e+06,1.038271247166e+05
2.766509838301e-04,1.443123823605e+08,9.231915034369e+07,1.005051960479e+06,1.005051960479e+06,1.038287255934e+05
2.769553303469e-04,1.443112793428e+08,9.231799646642e+07,1.003430802707e+06,1.003430802707e+06,1.038262372874e+05
2.772596768638e-04,1.443164244347e+08,9.232305099146e+07,1.009717155311e+06,1.009717155311e+06,1.038412454778e+05
2.775640233806e-04,1.443147578937e+08,9.232130513124e+07,1.002873195487e+06,1.002873195487e+06,1.038361152974e+05
2.778683698975e-04,1.443179782574e+08,9.232442868398e+07,1.007796140406e+06,1.007796140406e+06,1.038467182810e+05
2.781727164144e-04,1.443184797418e+08,9.232483479913e+07,1.005072487306e+06,1.005072487306e+06,1.038471846950e+05
2.784770629312e-04,1.443190914500e+08,9.232535220123e+07,1.005187876384e+06,1.005187876384e+06,1.038488311185e+05
2.787814094481e-04,1.443126826988e+08,9.231888692676e+07,9.981174590265e+05,9.981174590265e+05,1.038322198205e+05
2.790857559650e-04,1.443131446929e+08,9.231927789260e+07,1.005010221821e+06,1.005010221821e+06,1.038347154148e+05
2.793901024818e-04,1.443181487453e+08,9.232417466330e+07,1.009574329009e+06,1.009574329009e+06,1.038496953406e+05
2.796944489987e-04,1.443259794224e+08,9.233185793231e+07,1.012431580939e+06,1.012431580939e+06,1.038695155834e+05
2.799987955156e-04,1.443185434201e+08,9.232433120221e+07,9.970857903027e+05,9.970857903027e+05,1.038490022730e+05
2.803031420324e-04,1.443163374217e+08,9.232204432513e+07,1.002331982061e+06,1.002331982061e+06,1.038427899412e+05
2.806074885493e-04,1.443197900069e+08,9.232538827565e+07,1.008014751579e+06,1.008014751579e+06,1.038511308148e+05
2.809118350662e-04,1.443201838264e+08,9.232566913131e+07,1.004937930904e+06,1.004937930904e+06,1.038531524192e+05
2.812161815830e-04,1.443238349645e+08,9.232918610858e+07,1.008216297858e+06,1.008216297858e+06,1.038642787212e+05
2.815205280999e-04,1.443223617233e+08,9.232758935504e+07,1.003065689324e+06,1.003065689324e+06,1.038587131639e+05
2.818248746168e-04,1.443304444246e+08,9.233550305471e+07,1.012687154405e+06,1.012687154405e+06,1.038808350396e+05
2.821292211336e-04,1.443390798587e+08,9.234393438022e+07,1.013273383102e+06,1.013273383102e+06,1.039027967149e+05
2.824335676505e-04,1.443375916653e+08,9.234227238268e+07,1.003119368097e+06,1.003119368097e+06,1.038982955438e+05
2.827379141673e-04,1.443301204417e+08,9.233467642407e+07,9.971021294617e+05,9.971021294617e+05,1.038776966747e+05
2.830422606842e-04,1.443329689487e+08,9.233737131191e+07,1.007470115815e+06,1.007470115815e+06,1.038861957737e+05
2.833466072011e-04,1.443276296341e+08,9.233189414263e+07,9.992257574625e+05,9.992257574625e+05,1.038725519268e+05
2.836509537179e-04,1.443194323294e+08,9.232357896404e+07,9.963230898047e+05,9.963230898047e+05,1.038506283598e+05
2.839553002348e-04,1.443202213190e+08,9.232421014091e+07,1.005334393010e+06,1.005334393010e+06,1.038533670126e+05
2.842596467517e-04,1.443289577313e+08,9.233271835721e+07,1.013329974823e+06,1.013329974823e+06,1.038779183721e+05
2.845639932685e-04,1.443312204336e+08,9.233474429259e+07,1.006842560206e+06,1.006842560206e+06,1.038839697361e+05
2.848683397854e-04,1.443284958975e+08,9.233181212107e+07,1.001838688619e+06,1.001838688619e+06,1.038747872667e+05
2.851726863023e-04,1.443324642643e+08,9.233556028741e+07,1.008582024801e+06,1.008582024801e+06,1.038853433963e+05
2.854770328191e-04,1.443358154143e+08,9.233868812490e+07,1.007980795270e+06,1.007980795270e+06,1.038947158550e+05
2.857813793360e-04,1.443318068136e+08,9.233449398774e+07,1.000588148321e+06,1.000588148321e+06,1.038827697583e+05
2.860857258529e-04,1.443370898632e+08,9.233956604375e+07,1.009937839688e+06,1.009937839688e+06,1.038967237527e+05
2.863900723697e-04,1.443317877325e+08,9.233408909385e+07,9.992968682357e+05,9.992968682357e+05,1.038819072440e+05
2.866944188866e-04,1.443343204643e+08,9.233642905157e+07,1.007171711008e+06,1.007171711008e+06,1.038887246884e+05
2.869987654035e-04,1.443304910434e+08,9.233242875944e+07,1.000768126194e+06,1.000768126194e+06,1.038778555891e+05
2.873031119203e-04,1.443372264298e+08,9.233895389936e+07,1.011393542075e+06,1.011393542075e+06,1.038964431393e+05
2.876074584372e-04,1.443425220326e+08,9.234402301189e+07,1.009964865870e+06,1.009964865870e+06,1.039090961262e+05
2.879118049541e-04,1.443447878600e+08,9.234607215812e+07,1.006940513871e+06,1.006940513871e+06,1.039144713844e+05
2.882161514709e-04,1.443426319115e+08,9.234373156239e+07,1.002506090623e+06,1.002506090623e+06,1.039083847889e+05
2.885204979878e-04,1.443476020345e+08,9.234849840500e+07,1.009680403902e+06,1.009680403902e+06,1.039202002912e+05
2.888248445046e-04,1.443331633472e+08,9.233394476231e+07,9.901502748607e+05,9.901502748607e+05,1.038824706214e+05
2.891291910215e-04,1.443364670689e+08,9.233709406047e+07,1.007963494920e+06,1.007963494920e+06,1.038904662878e+05
2.894335375384e-04,1.443426240139e+08,9.234305133354e+07,1.010829327006e+06,1.010829327006e+06,1.039056547834e+05
2.897378840552e-04,1.443307264717e+08,9.233102365007e+07,9.926620105345e+05,9.926620105345e+05,1.038740409372e+05
2.900422305721e-04,1.443324163037e+08,9.233256177145e+07,1.006303065319e+06,1.006303065319e+06,1.038784246588e+05
2.903465770890e-04,1.443290409429e+08,9.232905027520e+07,1.001195368360e+06,1.001195368360e+06,1.038695147551e+05
2.906509236058e-04,1.443286933168e+08,9.232856448956e+07,1.004227803346e+06,1.004227803346e+06,1.038678808252e+05
2.909552701227e-04,1.443286300439e+08,9.232836383357e+07,1.004507112687e+06,1.004507112687e+06,1.038666021755e+05
2.912596166396e-04,1.443254629932e+08,9.232507978982e+07,1.001378852070e+06,1.001378852070e+06,1.038583098616e+05
2.915639631564e-04,1.443247460274e+08,9.232424915415e+07,1.003832201379e+06,1.003832201379e+06,1.038573667060e+05
2.918683096733e-04,1.443242227736e+08,9.232361228579e+07,1.004020070526e+06,1.004020070526e+06,1.038547905577e+05
2.921726561902e-04,1.443165035287e+08,9.231581855549e+07,9.967665343139e+05,9.967665343139e+05,1.038334887363e+05
2.924770027070e-04,1.443140613690e+08,9.231330102672e+07,1.002047116247e+06,1.002047116247e+06,1.038278534329e+05
2.927813492239e-04,1.443148376094e+08,9.231398466139e+07,1.005267786698e+06,1.005267786698e+06,1.038326735865e+05
2.930856957408e-04,1.443105239024e+08,9.230959514828e+07,1.000136141279e+06,1.000136141279e+06,1.038214257488e+05
2.933900422576e-04,1.443064849842e+08,9.230549387189e+07,1.000392538661e+06,1.000392538661e+06,1.038109366564e+05
2.936943887745e-04,1.443072407463e+08,9.230617319283e+07,1.005199064068e+06,1.005199064068e+06,1.038138949049e+05
2.939987352913e-04,1.443029624187e+08,9.230183655392e+07,1.000125499582e+06,1.000125499582e+06,1.038023910662e+05
2.943030818082e-04,1.443131479108e+08,9.231190132073e+07,1.014673512209e+06,1.014673512209e+06,1.038304312362e+05
2.946074283251e-04,1.443117407987e+08,9.231039542375e+07,1.003031880837e+06,1.003031880837e+06,1.038275414987e+05
2.949117748419e-04,1.443026288374e+08,9.230124243377e+07,9.952749971182e+05,9.952749971182e+05,1.038025713259e+05
2.952161213588e-04,1.443062236134e+08,9.230476600182e+07,1.008037695353e+06,1.008037695353e+06,1.038128673839e+05
2.955204678757e-04,1.443083518236e+08,9.230680642877e+07,1.006562939994e+06,1.006562939994e+06,1.038187579188e+05
2.958248143925e-04,1.443068549884e+08,9.230522991594e+07,1.002915604874e+06,1.002915604874e+06,1.038150789892e+05
2.961291609094e-04,1.443072203134e+08,9.230550987283e+07,1.004783162689e+06,1.004783162689e+06,1.038151758041e+05
2.964335074263e-04,1.443114157787e+08,9.230959400221e+07,1.008636929598e+06,1.008636929598e+06,1.038250787390e+05
2.967378539431e-04,1.443180282118e+08,9.231606395859e+07,1.011083653904e+06,1.011083653904e+06,1.038424405018e+05
2.970422004600e-04,1.443182263573e+08,9.231613241423e+07,1.004652502468e+06,1.004652502468e+06,1.038438974798e+05
2.973465469769e-04,1.443202752578e+08,9.231804962097e+07,1.006523767444e+06,1.006523767444e+06,1.038494069108e+05
2.976508934937e-04,1.443230137231e+08,9.232064713090e+07,1.007229022224e+06,1.007229022224e+06,1.038568595018e+05
2.979552400106e-04,1.443281198252e+08,9.232558970156e+07,1.009625020107e+06,1.009625020107e+06,1.038698329526e+05
2.982595865275e-04,1.443371508751e+08,9.233441818895e+07,1.013599160517e+06,1.013599160517e+06,1.038934850306e+05
2.985639330443e-04,1.443353874316e+08,9.233248073928e+07,1.002769472087e+06,1.002769472087e+06,1.038876198201e+05
2.988682795612e-04,1.443359935154e+08,9.233291750771e+07,1.005162483913e+06,1.005162483913e+06,1.038879039176e+05
2.991726260780e-04,1.443422498821e+08,9.233897506341e+07,1.010860130554e+06,1.010860130554e+06,1.039048503212e+05
2.994769725949e-04,1.443366206897e+08,9.233319105343e+07,9.989157352383e+05,9.989157352383e+05,1.038906789709e+05
2.997813191118e-04,1.443480122624e+08,9.234436786605e+07,1.016042248186e+06,1.016042248186e+06,1.039204839963e+05
3.000856656286e-04,1.443438537717e+08,9.234003810690e+07,1.000424415004e+06,1.000424415004e+06,1.039097427680e+05
3.003900121455e-04,1.443486121154e+08,9.234461125056e+07,1.009399267847e+06,1.009399267847e+06,1.039209285893e+05
3.006943586624e-04,1.443511783318e+08,9.234699389433e+07,1.007214187323e+06,1.007214187323e+06,1.039253078816e+05
3.009987051792e-04,1.443527319409e+08,9.234837375749e+07,1.006214551829e+06,1.006214551829e+06,1.039292750592e+05
3.013030516961e-04,1.443615898778e+08,9.235702766828e+07,1.013589100905e+06,1.013589100905e+06,1.039531443197e+05
3.016073982130e-04,1.443585590378e+08,9.235383876202e+07,1.001659518522e+06,1.001659518522e+06,1.039431566255e+05
3.019117447298e-04,1.443632339697e+08,9.235834881174e+07,1.009426171014e+06,1.009426171014e+06,1.039547476822e+05
3.022160912467e-04,1.443694120430e+08,9.236435042272e+07,1.010969005791e+06,1.010969005791e+06,1.039731594706e+05
3.025204377636e-04,1.443737665837e+08,9.236853270159e+07,1.009169955200e+06,1.009169955200e+06,1.039843123235e+05
3.028247842804e-04,1.443773740562e+08,9.237197812279e+07,1.008452137222e+06,1.008452137222e+06,1.039935167802e+05
3.031291307973e-04,1.443737009344e+08,9.236819169854e+07,1.001149542834e+06,1.001149542834e+06,1.039817828070e+05
3.034334773142e-04,1.443697801744e+08,9.236419393890e+07,1.000901725946e+06,1.000901725946e+06,1.039717540626e+05
3.037378238310e-04,1.443663492501e+08,9.236070754410e+07,1.001385604390e+06,1.001385604390e+06,1.039616711411e+05
3.040421703479e-04,1.443615464834e+08,9.235587292408e+07,9.999892821295e+05,9.999892821295e+05,1.039479857721e+05
3.043465168647e-04,1.443629274315e+08,9.235720734157e+07,1.006196045932e+06,1.006196045932e+06,1.039516118665e+05
3.046508633816e-04,1.443648830406e+08,9.235910665741e+07,1.006777346304e+06,1.006777346304e+06,1.039568854627e+05
3.049552098985e-04,1.443624248971e+08,9.235661462725e+07,1.002343379660e+06,1.002343379660e+06,1.039505638336e+05
3.052595564153e-04,1.443575535637e+08,9.235173987062e+07,9.999139588081e+05,9.999139588081e+05,1.039378623697e+05
3.055639029322e-04,1.443575680434e+08,9.235174716108e+07,1.004820525517e+06,1.004820525517e+06,1.039376275617e+05
3.058682494491e-04,1.443492363108e+08,9.234345131453e+07,9.964137727598e+05,9.964137727598e+05,1.039151467574e+05
3.061725959659e-04,1.443505729249e+08,9.234480229246e+07,1.006119647005e+06,1.006119647005e+06,1.039173563269e+05
3.064769424828e-04,1.443480595074e+08,9.234231125905e+07,1.002238230597e+06,1.002238230597e+06,1.039089061003e+05
3.067812889997e-04,1.443445250703e+08,9.233881334724e+07,1.001199121405e+06,1.001199121405e+06,1.038995294144e+05
3.070856355165e-04,1.443368881536e+08,9.233124506080e+07,9.970514074360e+05,9.970514074360e+05,1.038777558509e+05
3.073899820334e-04,1.443348369756e+08,9.232925458535e+07,1.002642630162e+06,1.002642630162e+06,1.038726990296e+05
3.076943285503e-04,1.443348369651e+08,9.232929856929e+07,1.004688120408e+06,1.004688120408e+06,1.038731276465e+05
3.079986750671e-04,1.443411660979e+08,9.233562672070e+07,1.011055966492e+06,1.011055966492e+06,1.038915971549e+05
3.083030215840e-04,1.443381548301e+08,9.233263488469e+07,1.001671703756e+06,1.001671703756e+06,1.038832890360e+05
3.086073681009e-04,1.443333203508e+08,9.232784424064e+07,9.998298537264e+05,9.998298537264e+05,1.038688868678e+05
3.089117146177e-04,1.443359932568e+08,9.233053375301e+07,1.007373833027e+06,1.007373833027e+06,1.038762508282e+05
3.092160611346e-04,1.443331994196e+08,9.232776479361e+07,1.001871041273e+06,1.001871041273e+06,1.038686109663e+05
3.095204076514e-04,1.443376104535e+08,9.233216539163e+07,1.009115901348e+06,1.009115901348e+06,1.038815692826e+05
3.098247541683e-04,1.443338096694e+08,9.232837264081e+07,1.000857827110e+06,1.000857827110e+06,1.038723368937e+05
3.101291006852e-04,1.443379258193e+08,9.233246568470e+07,1.008818380927e+06,1.008818380927e+06,1.038832740335e+05
3.104334472020e-04,1.443362678758e+08,9.233079243135e+07,1.003016662914e+06,1.003016662914e+06,1.038787852563e+05
3.107377937189e-04,1.443319724915e+08,9.232650158419e+07,1.000357307629e+06,1.000357307629e+06,1.038679158903e+05
3.110421402358e-04,1.443398921749e+08,9.233437283776e+07,1.012642572271e+06,1.012642572271e+06,1.038885969442e+05
3.113464867526e-04,1.443377089681e+08,9.233216009300e+07,1.002493669538e+06,1.002493669538e+06,1.038821090600e+05
3.116508332695e-04,1.443344954299e+08,9.232893877007e+07,1.001455248490e+06,1.001455248490e+06,1.038740731514e+05
3.119551797864e-04,1.443317996702e+08,9.232624841380e+07,1.001966416668e+06,1.001966416668e+06,1.038666434606e+05
3.122595263032e-04,1.443386699259e+08,9.233308375918e+07,1.011589142700e+06,1.011589142700e+06,1.038852372692e+05
3.125638728201e-04,1.443343585169e+08,9.232877459367e+07,1.000352706751e+06,1.000352706751e+06,1.038739551885e+05
3.128682193370e-04,1.443304306133e+08,9.232487882275e+07,1.000731573348e+06,1.000731573348e+06,1.038639003095e+05
3.131725658538e-04,1.443380302528e+08,9.233247379138e+07,1.012328069195e+06,1.012328069195e+06,1.038839800935e+05
3.134769123707e-04,1.443405645231e+08,9.233501062119e+07,1.007255959363e+06,1.007255959363e+06,1.038906224584e+05
3.137812588876e-04,1.443388168463e+08,9.233330020644e+07,1.002964675883e+06,1.002964675883e+06,1.038869911697e+05
3.140856054044e-04,1.443442801233e+08,9.233878761096e+07,1.010231425971e+06,1.010231425971e+06,1.039011466312e+05
3.143899519213e-04,1.443500037721e+08,9.234452476974e+07,1.010521052957e+06,1.010521052957e+06,1.039162758831e+05
3.146942984381e-04,1.443537971428e+08,9.234833569348e+07,1.008607713683e+06,1.008607713683e+06,1.039254834553e+05
3.149986449550e-04,1.443583736641e+08,9.235292719725e+07,1.009421894060e+06,1.009421894060e+06,1.039357555893e+05
3.153029914719e-04,1.443591012822e+08,9.235368611912e+07,1.005573864797e+06,1.005573864797e+06,1.039360647377e+05
3.156073379887e-04,1.443561791963e+08,9.235082328076e+07,1.001911035359e+06,1.001911035359e+06,1.039276227204e+05
3.159116845056e-04,1.443564801161e+08,9.235118181288e+07,1.005149608192e+06,1.005149608192e+06,1.039289974982e+05
3.162160310225e-04,1.443456910227e+08,9.234050579276e+07,9.939768516252e+05,9.939768516252e+05,1.039018320431e+05
3.165203775393e-04,1.443451141319e+08,9.234002087877e+07,1.004214458546e+06,1.004214458546e+06,1.038988405737e+05
3.168247240562e-04,1.443464372321e+08,9.234140956048e+07,1.006109224914e+06,1.006109224914e+06,1.039013690283e+05
3.171290705731e-04,1.443419109534e+08,9.233696525312e+07,1.000214445113e+06,1.000214445113e+06,1.038886375036e+05
3.174334170899e-04,1.443509947643e+08,9.234607407034e+07,1.013903528581e+06,1.013903528581e+06,1.039131058698e+05
3.177377636068e-04,1.443480263971e+08,9.234316161742e+07,1.001798442372e+06,1.001798442372e+06,1.039058669201e+05
3.180421101237e-04,1.443426581945e+08,9.233788742468e+07,9.993828856610e+05,9.993828856610e+05,1.038921071482e+05
3.183464566405e-04,1.443390248919e+08,9.233436498961e+07,1.001112697422e+06,1.001112697422e+06,1.038813307184e+05
3.186508031574e-04,1.443382449667e+08,9.233369166794e+07,1.003967738686e+06,1.003967738686e+06,1.038789843336e+05
3.189551496743e-04,1.443348768895e+08,9.233044335798e+07,1.001350802137e+06,1.001350802137e+06,1.038707485758e+05
3.192594961911e-04,1.443369347482e+08,9.233260465497e+07,1.006798215172e+06,1.006798215172e+06,1.038761164342e+05
3.195638427080e-04,1.443328320474e+08,9.232863201691e+07,1.000599522027e+06,1.000599522027e+06,1.038647809957e+05
3.198681892248e-04,1.443363400822e+08,9.233225422551e+07,1.008254262803e+06,1.008254262803e+06,1.038746630965e+05
3.201725357417e-04,1.443336839017e+08,9.232974126752e+07,1.002060454153e+06,1.002060454153e+06,1.038681159900e+05
3.204768822586e-04,1.443327963920e+08,9.232901235506e+07,1.003839593741e+06,1.003839593741e+06,1.038663969979e+05
3.207812287754e-04,1.443313285023e+08,9.232771943139e+07,1.003253252574e+06,1.003253252574e+06,1.038618453455e+05
3.210855752923e-04,1.443231646729e+08,9.231977845327e+07,9.965066610553e+05,9.965066610553e+05,1.038427643149e+05
3.213899218092e-04,1.443196736750e+08,9.231651570892e+07,1.001179298321e+06,1.001179298321e+06,1.038335713296e+05
3.216942683260e-04,1.443186104407e+08,9.231566801646e+07,1.003598670263e+06,1.003598670263e+06,1.038303417989e+05
3.219986148429e-04,1.443148453068e+08,9.231212104111e+07,1.000863164532e+06,1.000863164532e+06,1.038193531648e+05
3.223029613598e-04,1.443148347608e+08,9.231230861300e+07,1.004623856867e+06,1.004623856867e+06,1.038186843901e+05
3.226073078766e-04,1.443208989199e+08,9.231852409907e+07,1.010736255144e+06,1.010736255144e+06,1.038363674326e+05
3.229116543935e-04,1.443235503487e+08,9.232131243336e+07,1.007322670509e+06,1.007322670509e+06,1.038434487147e+05
3.232160009104e-04,1.443241831560e+08,9.232208408893e+07,1.005308417902e+06,1.005308417902e+06,1.038456460093e+05
3.235203474272e-04,1.443316193621e+08,9.232962338142e+07,1.012170046174e+06,1.012170046174e+06,1.038671023556e+05
3.238246939441e-04,1.443331445667e+08,9.233125539472e+07,1.006248679133e+06,1.006248679133e+06,1.038705188392e+05
3.241290404610e-04,1.443335689503e+08,9.233179256461e+07,1.005153738850e+06,1.005153738850e+06,1.038726402995e+05
3.244333869778e-04,1.443244369371e+08,9.232282285953e+07,9.955333533846e+05,9.955333533846e+05,1.038474408802e+05
3.247377334947e-04,1.443248370680e+08,9.232336350969e+07,1.005094252975e+06,1.005094252975e+06,1.038484596169e+05
3.250420800115e-04,1.443342114081e+08,9.233281063844e+07,1.014117594263e+06,1.014117594263e+06,1.038723757033e+05
3.253464265284e-04,1.443350318056e+08,9.233370429953e+07,1.005528454718e+06,1.005528454718e+06,1.038738139528e+05
3.256507730453e-04,1.443364095516e+08,9.233515316522e+07,1.006099233334e+06,1.006099233334e+06,1.038765810687e+05
3.259551195621e-04,1.443405714131e+08,9.233936891703e+07,1.008912518529e+06,1.008912518529e+06,1.038884183779e+05
3.262594660790e-04,1.443480968376e+08,9.234691491383e+07,1.012319543381e+06,1.012319543381e+06,1.039086350213e+05
3.265638125959e-04,1.443455602769e+08,9.234442695451e+07,1.002219558958e+06,1.002219558958e+06,1.039011302955e+05
3.268681591127e-04,1.443451625609e+08,9.234408133228e+07,1.004374682975e+06,1.004374682975e+06,1.039011914012e+05
3.271725056296e-04,1.443379388682e+08,9.233694410050e+07,9.974960871147e+05,9.974960871147e+05,1.038818056611e+05
3.274768521465e-04,1.443356086865e+08,9.233469338452e+07,1.002390848634e+06,1.002390848634e+06,1.038761366162e+05
3.277811986633e-04,1.443415283737e+08,9.234063966004e+07,1.010677352986e+06,1.010677352986e+06,1.038925077362e+05
3.280855451802e-04,1.443472961583e+08,9.234639799974e+07,1.010537767109e+06,1.010537767109e+06,1.039084156423e+05
3.283898916971e-04,1.443467113593e+08,9.234581307891e+07,1.004164788714e+06,1.004164788714e+06,1.039059981600e+05
3.286942382139e-04,1.443486173999e+08,9.234770784967e+07,1.006682039739e+06,1.006682039739e+06,1.039102324118e+05
3.289985847308e-04,1.443488100292e+08,9.234788401834e+07,1.004970510231e+06,1.004970510231e+06,1.039109136377e+05
3.293029312477e-04,1.443424693971e+08,9.234155172166e+07,9.983954226422e+05,9.983954226422e+05,1.038936952143e+05
3.296072777645e-04,1.443477496284e+08,9.234678859250e+07,1.010074997698e+06,1.010074997698e+06,1.039078299185e+05
3.299116242814e-04,1.443443943738e+08,9.234339635789e+07,1.001390617688e+06,1.001390617688e+06,1.038986715966e+05
3.302159707983e-04,1.443392646248e+08,9.233824296486e+07,9.995906915393e+05,9.995906915393e+05,1.038841033303e+05
3.305203173151e-04,1.443319747912e+08,9.233094768067e+07,9.973923034020e+05,9.973923034020e+05,1.038633773084e+05
3.308246638320e-04,1.443354428661e+08,9.233436557616e+07,1.008189312988e+06,1.008189312988e+06,1.038734449548e+05
3.311290103488e-04,1.443322252084e+08,9.233110360937e+07,1.001454717274e+06,1.001454717274e+06,1.038640511595e+05
3.314333568657e-04,1.443305728406e+08,9.232940522432e+07,1.003016170750e+06,1.003016170750e+06,1.038596367148e+05
3.317377033826e-04,1.443220933061e+08,9.232091589803e+07,9.961327216593e+05,9.961327216593e+05,1.038384770327e+05
3.320420498994e-04,1.443236934430e+08,9.232247783661e+07,1.006247804407e+06,1.006247804407e+06,1.038420433260e+05
3.323463964163e-04,1.443277222710e+08,9.232643700610e+07,1.008689929743e+06,1.008689929743e+06,1.038541370245e+05
3.326507429332e-04,1.443239321191e+08,9.232259945685e+07,1.000827921368e+06,1.000827921368e+06,1.038436994216e+05
3.329550894500e-04,1.443222486906e+08,9.232087284372e+07,1.002939806879e+06,1.002939806879e+06,1.038392300439e+05
3.332594359669e-04,1.443157132102e+08,9.231432058865e+07,9.980454860453e+05,9.980454860453e+05,1.038215384655e+05
3.335637824838e-04,1.443178192037e+08,9.231638038452e+07,1.006719418749e+06,1.006719418749e+06,1.038281987729e+05
3.338681290006e-04,1.443215635660e+08,9.232004869683e+07,1.008369455647e+06,1.008369455647e+06,1.038397421468e+05
3.341724755175e-04,1.443235192451e+08,9.232191946712e+07,1.006581053950e+06,1.006581053950e+06,1.038432946131e+05
3.344768220344e-04,1.443297090718e+08,9.232799900785e+07,1.010859644343e+06,1.010859644343e+06,1.038592623353e+05
3.347811685512e-04,1.443214035884e+08,9.231964757357e+07,9.962899489933e+05,9.962899489933e+05,1.038367352167e+05
3.350855150681e-04,1.443181670138e+08,9.231638140359e+07,1.001373197994e+06,1.001373197994e+06,1.038285701842e+05
3.353898615850e-04,1.443145500502e+08,9.231274576112e+07,1.000969970736e+06,1.000969970736e+06,1.038198135732e+05
3.356942081018e-04,1.443195747770e+08,9.231771032252e+07,1.009648219864e+06,1.009648219864e+06,1.038321127197e+05
3.359985546187e-04,1.443225634232e+08,9.232062232915e+07,1.007606180879e+06,1.007606180879e+06,1.038406256488e+05
3.363029011355e-04,1.443153281500e+08,9.231335623386e+07,9.973208213199e+05,9.973208213199e+05,1.038205462069e+05
3.366072476524e-04,1.443147236790e+08,9.231271842713e+07,1.003974276233e+06,1.003974276233e+06,1.038187066535e+05
3.369115941693e-04,1.443185269350e+08,9.231646357101e+07,1.008404707676e+06,1.008404707676e+06,1.038287981521e+05
3.372159406861e-04,1.443182821128e+08,9.231616834258e+07,1.004335809266e+06,1.004335809266e+06,1.038250415078e+05
3.375202872030e-04,1.443158649130e+08,9.231372336811e+07,1.002146783630e+06,1.002146783630e+06,1.038197350251e+05
3.378246337199e-04,1.443115149807e+08,9.230937185754e+07,1.000189813395e+06,1.000189813395e+06,1.038079052900e+05
3.381289802367e-04,1.443106834015e+08,9.230853635365e+07,1.003711616582e+06,1.003711616582e+06,1.038054289709e+05
3.384333267536e-04,1.443160362851e+08,9.231384996185e+07,1.009925655089e+06,1.009925655089e+06,1.038197309254e+05
3.387376732705e-04,1.443085184909e+08,9.230633625616e+07,9.969769808382e+05,9.969769808382e+05,1.037995388205e+05
3.390420197873e-04,1.443092195107e+08,9.230702629986e+07,1.005226277395e+06,1.005226277395e+06,1.038010559056e+05
3.393463663042e-04,1.443093546431e+08,9.230714099545e+07,1.004649526956e+06,1.004649526956e+06,1.038001163082e+05
3.396507128211e-04,1.443120419624e+08,9.230978777852e+07,1.007216984554e+06,1.007216984554e+06,1.038070001971e+05
3.399550593379e-04,1.443087431224e+08,9.230646929032e+07,1.001196569483e+06,1.001196569483e+06,1.037992491532e+05
3.402594058548e-04,1.443070696427e+08,9.230478285912e+07,1.002822383443e+06,1.002822383443e+06,1.037947697907e+05
3.405637523717e-04,1.443061350854e+08,9.230383617746e+07,1.003556530423e+06,1.003556530423e+06,1.037924397246e+05
3.408680988885e-04,1.443022887712e+08,9.229999415511e+07,1.000615275230e+06,1.000615275230e+06,1.037817584245e+05
3.411724454054e-04,1.442984212995e+08,9.229614274718e+07,1.000573469323e+06,1.000573469323e+06,1.037702505785e+05
3.414767919222e-04,1.443008228203e+08,9.229853584127e+07,1.006865853002e+06,1.006865853002e+06,1.037781819418e+05
3.417811384391e-04,1.443044116578e+08,9.230209573839e+07,1.008063933645e+06,1.008063933645e+06,1.037889971587e+05
3.420854849560e-04,1.443079080590e+08,9.230555453388e+07,1.007984801766e+06,1.007984801766e+06,1.037992328994e+05
3.423898314728e-04,1.443111497741e+08,9.230875783801e+07,1.007748376547e+06,1.007748376547e+06,1.038087277601e+05
3.426941779897e-04,1.443085988658e+08,9.230619962297e+07,1.001937812945e+06,1.001937812945e+06,1.038020464028e+05
3.429985245066e-04,1.443068573425e+08,9.230446828905e+07,1.002753241253e+06,1.002753241253e+06,1.037997429381e+05
3.433028710234e-04,1.443085787663e+08,9.230619108291e+07,1.006234942407e+06,1.006234942407e+06,1.038039869718e+05
3.436072175403e-04,1.442959682726e+08,9.229365254683e+07,9.918047855797e+05,9.918047855797e+05,1.037694521767e+05
3.439115640572e-04,1.442910678234e+08,9.228883284773e+07,9.995195274907e+05,9.995195274907e+05,1.037558165966e+05
3.442159105740e-04,1.442914079564e+08,9.228923321460e+07,1.004765593041e+06,1.004765593041e+06,1.037580657008e+05
3.445202570909e-04,1.442818156066e+08,9.227974840729e+07,9.947502627133e+05,9.947502627133e+05,1.037344751089e+05
3.448246036078e-04,1.442844586207e+08,9.228247116581e+07,1.007032323761e+06,1.007032323761e+06,1.037417167735e+05
3.451289501246e-04,1.442844704408e+08,9.228256260201e+07,1.004383352449e+06,1.004383352449e+06,1.037420651667e+05
3.454332966415e-04,1.442853862261e+08,9.228355610902e+07,1.005296953784e+06,1.005296953784e+06,1.037442144722e+05
3.457376431584e-04,1.442752831700e+08,9.227359092796e+07,9.942061637522e+05,9.942061637522e+05,1.037183941458e+05
3.460419896752e-04,1.442727295762e+08,9.227117293707e+07,1.001773824988e+06,1.001773824988e+06,1.037116436239e+05
3.463463361921e-04,1.442713303893e+08,9.226989827203e+07,1.002916473518e+06,1.002916473518e+06,1.037082311999e+05
3.466506827089e-04,1.442690699267e+08,9.226776146684e+07,1.002032818336e+06,1.002032818336e+06,1.037035350418e+05
3.469550292258e-04,1.442646270611e+08,9.226345633236e+07,9.998195358408e+05,9.998195358408e+05,1.036935859111e+05
3.472593757427e-04,1.442623374083e+08,9.226130597894e+07,1.001965556820e+06,1.001965556820e+06,1.036885740740e+05
3.475637222595e-04,1.442626348852e+08,9.226173340183e+07,1.004554334133e+06,1.004554334133e+06,1.036889398472e+05
3.478680687764e-04,1.442642313272e+08,9.226345107529e+07,1.005856966416e+06,1.005856966416e+06,1.036938192142e+05
3.481724152933e-04,1.442599857333e+08,9.225935472134e+07,9.999782405067e+05,9.999782405067e+05,1.036837735958e+05
3.484767618101e-04,1.442627082091e+08,9.226220852973e+07,1.006981080592e+06,1.006981080592e+06,1.036911585671e+05
3.487811083270e-04,1.442631684279e+08,9.226279948421e+07,1.004708343367e+06,1.004708343367e+06,1.036929070352e+05
3.490854548439e-04,1.442616232084e+08,9.226139542568e+07,1.002689580555e+06,1.002689580555e+06,1.036900222553e+05
3.493898013607e-04,1.442686381345e+08,9.226851224028e+07,1.011303336109e+06,1.011303336109e+06,1.037102347435e+05
3.496941478776e-04,1.442767910885e+08,9.227673477307e+07,1.012472433706e+06,1.012472433706e+06,1.037331424098e+05
3.499984943945e-04,1.442830682881e+08,9.228307070254e+07,1.010621289978e+06,1.010621289978e+06,1.037501276500e+05
3.503028409113e-04,1.442812245490e+08,9.228132330357e+07,1.002478070516e+06,1.002478070516e+06,1.037456516796e+05
3.506071874282e-04,1.442810774580e+08,9.228128662005e+07,1.004190058718e+06,1.004190058718e+06,1.037454836738e+05
3.509115339451e-04,1.442799952866e+08,9.228032369253e+07,1.003246781261e+06,1.003246781261e+06,1.037424605502e+05
3.512158804619e-04,1.442829088473e+08,9.228333614881e+07,1.007263626946e+06,1.007263626946e+06,1.037534323874e+05
3.515202269788e-04,1.442853601408e+08,9.228587008732e+07,1.006801847616e+06,1.006801847616e+06,1.037597081823e+05
3.518245734956e-04,1.442937322440e+08,9.229427866113e+07,1.012773663521e+06,1.012773663521e+06,1.037818026273e+05
3.521289200125e-04,1.442885975990e+08,9.228922017530e+07,9.992049103369e+05,9.992049103369e+05,1.037684631296e+05
3.524332665294e-04,1.442826991406e+08,9.228342639235e+07,9.984261153710e+05,9.984261153710e+05,1.037538203015e+05
3.527376130462e-04,1.442803329165e+08,9.228115966083e+07,1.001958769841e+06,1.001958769841e+06,1.037490896993e+05
3.530419595631e-04,1.442783708192e+08,9.227928761653e+07,1.002345309832e+06,1.002345309832e+06,1.037456819733e+05
3.533463060800e-04,1.442742944878e+08,9.227530352204e+07,1.000198928534e+06,1.000198928534e+06,1.037358158181e+05
3.536506525968e-04,1.442732246886e+08,9.227431039267e+07,1.003203114763e+06,1.003203114763e+06,1.037324178608e+05
3.539549991137e-04,1.442626466930e+08,9.226384962117e+07,9.936145025550e+05,9.936145025550e+05,1.037044617933e+05
3.542593456306e-04,1.442637505607e+08,9.226503485822e+07,1.005333863569e+06,1.005333863569e+06,1.037076236566e+05
3.545636921474e-04,1.442620970216e+08,9.226345107578e+07,1.002546323136e+06,1.002546323136e+06,1.037014496082e+05
3.548680386643e-04,1.442686051831e+08,9.226997917571e+07,1.010755085285e+06,1.010755085285e+06,1.037207294990e+05
3.551723851812e-04,1.442663208334e+08,9.226772828992e+07,1.001921717502e+06,1.001921717502e+06,1.037154375180e+05
3.554767316980e-04,1.442724301091e+08,9.227383395773e+07,1.010375020075e+06,1.010375020075e+06,1.037326760782e+05
3.557810782149e-04,1.442820053651e+08,9.228335973874e+07,1.013890140617e+06,1.013890140617e+06,1.037577577944e+05
3.560854247318e-04,1.442799414714e+08,9.228127583225e+07,1.002212721122e+06,1.002212721122e+06,1.037524311852e+05
3.563897712486e-04,1.442786756363e+08,9.228000329516e+07,1.003021635225e+06,1.003021635225e+06,1.037494804911e+05
3.566941177655e-04,1.442809297842e+08,9.228223511653e+07,1.006563901306e+06,1.006563901306e+06,1.037549731493e+05
3.569984642823e-04,1.442699604920e+08,9.227130088971e+07,9.932505810875e+05,9.932505810875e+05,1.037267456821e+05
3.573028107992e-04,1.442615682074e+08,9.226296607540e+07,9.958003913911e+05,9.958003913911e+05,1.037052935905e+05
3.576071573161e-04,1.442600362417e+08,9.226146744410e+07,1.002659023193e+06,1.002659023193e+06,1.037008391974e+05
3.579115038329e-04,1.442573255653e+08,9.225878219727e+07,1.001446328711e+06,1.001446328711e+06,1.036952121830e+05
3.582158503498e-04,1.442531383172e+08,9.225462932821e+07,9.999383262261e+05,9.999383262261e+05,1.036871476379e+05
3.585201968667e-04,1.442530042398e+08,9.225452044442e+07,1.003997947324e+06,1.003997947324e+06,1.036881806689e+05
3.588245433835e-04,1.442515514019e+08,9.225310021612e+07,1.002663895600e+06,1.002663895600e+06,1.036842513735e+05
3.591288899004e-04,1.442519828017e+08,9.225356585408e+07,1.004557168492e+06,1.004557168492e+06,1.036857536275e+05
3.594332364173e-04,1.442526619444e+08,9.225428538457e+07,1.004809503038e+06,1.004809503038e+06,1.036871183604e+05
3.597375829341e-04,1.442619055812e+08,9.226353436427e+07,1.013442267647e+06,1.013442267647e+06,1.037136356796e+05
3.600419294510e-04,1.442717419010e+08,9.227335518744e+07,1.014081176347e+06,1.014081176347e+06,1.037411257211e+05
3.603462759679e-04,1.442803146510e+08,9.228191153677e+07,1.012864979073e+06,1.012864979073e+06,1.037658315635e+05
3.606506224847e-04,1.442784242148e+08,9.228006347290e+07,1.002382646256e+06,1.002382646256e+06,1.037590767319e+05
3.609549690016e-04,1.442827340566e+08,9.228442332148e+07,1.008641677737e+06,1.008641677737e+06,1.037704202084e+05
3.612593155185e-04,1.442817879268e+08,9.228355865165e+07,1.003372711873e+06,1.003372711873e+06,1.037688630005e+05
3.615636620353e-04,1.442763638608e+08,9.227825890094e+07,9.988662338093e+05,9.988662338093e+05,1.037536777555e+05
3.618680085522e-04,1.442664746650e+08,9.226854674136e+07,9.943474874658e+05,9.943474874658e+05,1.037277365755e+05
3.621723550690e-04,1.442705156145e+08,9.227272624266e+07,1.008330584967e+06,1.008330584967e+06,1.037402329394e+05
3.624767015859e-04,1.442701206781e+08,9.227247020063e+07,1.003862519753e+06,1.003862519753e+06,1.037382516133e+05
3.627810481028e-04,1.442722325042e+08,9.227471599430e+07,1.006385529243e+06,1.006385529243e+06,1.037451966387e+05
3.630853946196e-04,1.442752661528e+08,9.227788309810e+07,1.007325030632e+06,1.007325030632e+06,1.037535900675e+05
3.633897411365e-04,1.442715710754e+08,9.227436397907e+07,1.000569941421e+06,1.000569941421e+06,1.037459558094e+05
3.636940876534e-04,1.442690359077e+08,9.227203215759e+07,1.001732921315e+06,1.001732921315e+06,1.037383431772e+05
3.639984341702e-04,1.442730091675e+08,9.227619577637e+07,1.008279892281e+06,1.008279892281e+06,1.037496343180e+05
3.643027806871e-04,1.442686636736e+08,9.227208048793e+07,9.999168781500e+05,9.999168781500e+05,1.037395490196e+05
3.646071272040e-04,1.442656016663e+08,9.226927442198e+07,1.001197816878e+06,1.001197816878e+06,1.037327033148e+05
3.649114737208e-04,1.442706069403e+08,9.227451436651e+07,1.009309769376e+06,1.009309769376e+06,1.037473822954e+05
3.652158202377e-04,1.442786407953e+08,9.228275633133e+07,1.012378012105e+06,1.012378012105e+06,1.037685202304e+05
3.655201667546e-04,1.442767252667e+08,9.228108978057e+07,1.002398652592e+06,1.002398652592e+06,1.037649468568e+05
3.658245132714e-04,1.442848947946e+08,9.228948458267e+07,1.012565746541e+06,1.012565746541e+06,1.037881603578e+05
3.661288597883e-04,1.442805435471e+08,9.228540713226e+07,9.999983633740e+05,9.999983633740e+05,1.037785133302e+05
3.664332063052e-04,1.442800860271e+08,9.228523241396e+07,1.003918671214e+06,1.003918671214e+06,1.037787457371e+05
3.667375528220e-04,1.442759102267e+08,9.228135923678e+07,1.000175511332e+06,1.000175511332e+06,1.037679503323e+05
3.670418993389e-04,1.442797437588e+08,9.228546286579e+07,1.008227207350e+06,1.008227207350e+06,1.037806680038e+05
3.673462458557e-04,1.442738284772e+08,9.227984587390e+07,9.984195863314e+05,9.984195863314e+05,1.037662847227e+05
3.676505923726e-04,1.442738247338e+08,9.228012790894e+07,1.004352837468e+06,1.004352837468e+06,1.037672209961e+05
3.679549388895e-04,1.442717546838e+08,9.227834356919e+07,1.002268184548e+06,1.002268184548e+06,1.037610465095e+05
3.682592854063e-04,1.442727894326e+08,9.227964772033e+07,1.005385978837e+06,1.005385978837e+06,1.037654255892e+05
3.685636319232e-04,1.442735398076e+08,9.228065551559e+07,1.005102616429e+06,1.005102616429e+06,1.037679972371e+05
3.688679784401e-04,1.442822642523e+08,9.228958494728e+07,1.013138074170e+06,1.013138074170e+06,1.037918570386e+05
3.691723249569e-04,1.442866591174e+08,9.229416954765e+07,1.008814712146e+06,1.008814712146e+06,1.038031669771e+05
3.694766714738e-04,1.442883549271e+08,9.229605678414e+07,1.006127018620e+06,1.006127018620e+06,1.038086904663e+05
3.697810179907e-04,1.443000979280e+08,9.230793394521e+07,1.016262856372e+06,1.016262856372e+06,1.038394921367e+05
3.700853645075e-04,1.442967384526e+08,9.230474507066e+07,1.001104685469e+06,1.001104685469e+06,1.038297644528e+05
3.703897110244e-04,1.442961886255e+08,9.230436977580e+07,1.003937259212e+06,1.003937259212e+06,1.038269829506e+05
3.706940575413e-04,1.443029577578e+08,9.231127107766e+07,1.011306597908e+06,1.011306597908e+06,1.038438447505e+05
3.709984040581e-04,1.443132709953e+08,9.232166591267e+07,1.014899228565e+06,1.014899228565e+06,1.038724921547e+05
3.713027505750e-04,1.443191062112e+08,9.232757119267e+07,1.010433299873e+06,1.010433299873e+06,1.038869945383e+05
3.716070970919e-04,1.443243403689e+08,9.233287061852e+07,1.009864874863e+06,1.009864874863e+06,1.039019159912e+05
3.719114436087e-04,1.443282682160e+08,9.233686429202e+07,1.008584643531e+06,1.008584643531e+06,1.039144363404e+05
3.722157901256e-04,1.443231316470e+08,9.233183741575e+07,9.994822603394e+05,9.994822603394e+05,1.039006467551e+05
3.725201366424e-04,1.443248577242e+08,9.233366044909e+07,1.006380803934e+06,1.006380803934e+06,1.039051767131e+05
3.728244831593e-04,1.443283983379e+08,9.233727511331e+07,1.008207011030e+06,1.008207011030e+06,1.039147554842e+05
3.731288296762e-04,1.443307719667e+08,9.233971064971e+07,1.007040360340e+06,1.007040360340e+06,1.039200784374e+05
3.734331761930e-04,1.443290643118e+08,9.233807859526e+07,1.002939287143e+06,1.002939287143e+06,1.039159097016e+05
3.737375227099e-04,1.443230900769e+08,9.233221081254e+07,9.986381405137e+05,9.986381405137e+05,1.039001743654e+05
3.740418692268e-04,1.443256782373e+08,9.233487903053e+07,1.007235042795e+06,1.007235042795e+06,1.039070531118e+05
3.743462157436e-04,1.443233215149e+08,9.233260735754e+07,1.002257495928e+06,1.002257495928e+06,1.039002194659e+05
3.746505622605e-04,1.443171641672e+08,9.232656050605e+07,9.984179551898e+05,9.984179551898e+05,1.038851516803e+05
3.749549087774e-04,1.443141661599e+08,9.232367218483e+07,1.001571700915e+06,1.001571700915e+06,1.038773227443e+05
3.752592552942e-04,1.443133573453e+08,9.232296100220e+07,1.003754317671e+06,1.003754317671e+06,1.038746627129e+05
3.755636018111e-04,1.443059964986e+08,9.231572817009e+07,9.971428143284e+05,9.971428143284e+05,1.038562821942e+05
3.758679483280e-04,1.443033366988e+08,9.231319458524e+07,1.001843478061e+06,1.001843478061e+06,1.038490711204e+05
3.761722948448e-04,1.443091834222e+08,9.231912443006e+07,1.010389606714e+06,1.010389606714e+06,1.038637384596e+05
3.764766413617e-04,1.443021377033e+08,9.231220936971e+07,9.974196648019e+05,9.974196648019e+05,1.038455036948e+05
3.767809878786e-04,1.442964726258e+08,9.230670696112e+07,9.987867262150e+05,9.987867262150e+05,1.038314381854e+05
3.770853343954e-04,1.442983135291e+08,9.230869592247e+07,1.006318391390e+06,1.006318391390e+06,1.038366916782e+05
3.773896809123e-04,1.443041220007e+08,9.231462465012e+07,1.010312710980e+06,1.010312710980e+06,1.038517163906e+05
3.776940274292e-04,1.442973315472e+08,9.230800773234e+07,9.976443803986e+05,9.976443803986e+05,1.038323536364e+05
3.779983739460e-04,1.442919923788e+08,9.230287274078e+07,9.990868803119e+05,9.990868803119e+05,1.038188574719e+05
3.783027204629e-04,1.442880393621e+08,9.229913478566e+07,1.000458281226e+06,1.000458281226e+06,1.038104108754e+05
3.786070669797e-04,1.442872177899e+08,9.229851556218e+07,1.003584563893e+06,1.003584563893e+06,1.038077913918e+05
3.789114134966e-04,1.442822403373e+08,9.229375062705e+07,9.993848620607e+05,9.993848620607e+05,1.037938946450e+05
3.792157600135e-04,1.442827141347e+08,9.229441380031e+07,1.004849670131e+06,1.004849670131e+06,1.037961254220e+05
3.795201065303e-04,1.442877846653e+08,9.229963270062e+07,1.009474085158e+06,1.009474085158e+06,1.038105205701e+05
3.798244530472e-04,1.442896593297e+08,9.230164653604e+07,1.006273229316e+06,1.006273229316e+06,1.038152736547e+05
3.801287995641e-04,1.442851042160e+08,9.229726070007e+07,9.998100944793e+05,9.998100944793e+05,1.038030331688e+05
3.804331460809e-04,1.442834953845e+08,9.229582320789e+07,1.002766074105e+06,1.002766074105e+06,1.037992796931e+05
3.807374925978e-04,1.442814112507e+08,9.229391028917e+07,1.002277009785e+06,1.002277009785e+06,1.037941890911e+05
3.810418391147e-04,1.442758906644e+08,9.228857522767e+07,9.988000750860e+05,9.988000750860e+05,1.037784296819e+05
3.813461856315e-04,1.442816436413e+08,9.229446054655e+07,1.010122967892e+06,1.010122967892e+06,1.037934065327e+05
3.816505321484e-04,1.442810793529e+08,9.229402471851e+07,1.003771665853e+06,1.003771665853e+06,1.037918975042e+05
3.819548786653e-04,1.442918488130e+08,9.230486123731e+07,1.015186549082e+06,1.015186549082e+06,1.038224749205e+05
3.822592251821e-04,1.442972889598e+08,9.231035703994e+07,1.009863125577e+06,1.009863125577e+06,1.038389262793e+05
3.825635716990e-04,1.442950997855e+08,9.230825686038e+07,1.002214499026e+06,1.002214499026e+06,1.038326551692e+05
3.828679182159e-04,1.443022173738e+08,9.231543257356e+07,1.011592935195e+06,1.011592935195e+06,1.038519605686e+05
3.831722647327e-04,1.443039923104e+08,9.231726742811e+07,1.006242223625e+06,1.006242223625e+06,1.038575099132e+05
3.834766112496e-04,1.443039087380e+08,9.231724805571e+07,1.004385193808e+06,1.004385193808e+06,1.038572732296e+05
3.837809577664e-04,1.442994244381e+08,9.231284766671e+07,9.999563083739e+05,9.999563083739e+05,1.038457150291e+05
3.840853042833e-04,1.442975918871e+08,9.231109160767e+07,1.002607889332e+06,1.002607889332e+06,1.038404703901e+05
3.843896508002e-04,1.442954241877e+08,9.230899176784e+07,1.002254048041e+06,1.002254048041e+06,1.038323539231e+05
3.846939973170e-04,1.442916508562e+08,9.230528878507e+07,1.000619424817e+06,1.000619424817e+06,1.038211283817e+05
3.849983438339e-04,1.442903237950e+08,9.230402221136e+07,1.003062470647e+06,1.003062470647e+06,1.038176669346e+05
3.853026903508e-04,1.442845926607e+08,9.229837292129e+07,9.986140863640e+05,9.986140863640e+05,1.038022335924e+05
3.856070368676e-04,1.442848422019e+08,9.229869240441e+07,1.004609405175e+06,1.004609405175e+06,1.038025754748e+05
3.859113833845e-04,1.442920097095e+08,9.230588969727e+07,1.011570618948e+06,1.011570618948e+06,1.038226073215e+05
3.862157299014e-04,1.442917676557e+08,9.230569634453e+07,1.004133492039e+06,1.004133492039e+06,1.038223614312e+05
3.865200764182e-04,1.442941964464e+08,9.230817735731e+07,1.006830182894e+06,1.006830182894e+06,1.038291096498e+05
3.868244229351e-04,1.442983352089e+08,9.231236264361e+07,1.008567738954e+06,1.008567738954e+06,1.038423761092e+05
3.871287694520e-04,1.442908321916e+08,9.230496346815e+07,9.968659782817e+05,9.968659782817e+05,1.038235824819e+05
3.874331159688e-04,1.442878401664e+08,9.230208895494e+07,1.001384703309e+06,1.001384703309e+06,1.038137529688e+05
3.877374624857e-04,1.442883994209e+08,9.230275505321e+07,1.004942631831e+06,1.004942631831e+06,1.038154111337e+05
3.880418090026e-04,1.442857329857e+08,9.230020902198e+07,1.001686106600e+06,1.001686106600e+06,1.038074905841e+05
3.883461555194e-04,1.442861643252e+08,9.230075910894e+07,1.004792171824e+06,1.004792171824e+06,1.038085684013e+05
3.886505020363e-04,1.442873413929e+08,9.230205551417e+07,1.005543811578e+06,1.005543811578e+06,1.038124015917e+05
3.889548485531e-04,1.442891391325e+08,9.230397566481e+07,1.006176316740e+06,1.006176316740e+06,1.038175835043e+05
3.892591950700e-04,1.442898871077e+08,9.230485814823e+07,1.005132148056e+06,1.005132148056e+06,1.038204439455e+05
3.895635415869e-04,1.442937184303e+08,9.230881744391e+07,1.008249100179e+06,1.008249100179e+06,1.038315501877e+05
3.898678881037e-04,1.442889154562e+08,9.230418366160e+07,9.995771423800e+05,9.995771423800e+05,1.038184309814e+05
3.901722346206e-04,1.442861761455e+08,9.230163092126e+07,1.001647465376e+06,1.001647465376e+06,1.038112043124e+05
3.904765811375e-04,1.442968516708e+08,9.231243325768e+07,1.015148933580e+06,1.015148933580e+06,1.038409702491e+05
3.907809276543e-04,1.442963429453e+08,9.231207459187e+07,1.003923321666e+06,1.003923321666e+06,1.038396241154e+05
3.910852741712e-04,1.442872804588e+08,9.230322744235e+07,9.953207756557e+05,9.953207756557e+05,1.038152277345e+05
3.913896206881e-04,1.442853328447e+08,9.230150220558e+07,1.002458732343e+06,1.002458732343e+06,1.038099555277e+05
3.916939672049e-04,1.442914657640e+08,9.230781794348e+07,1.010581271525e+06,1.010581271525e+06,1.038257882367e+05
3.919983137218e-04,1.442935043175e+08,9.231003446210e+07,1.006476068283e+06,1.006476068283e+06,1.038312645914e+05
3.923026602387e-04,1.442836209431e+08,9.230038986171e+07,9.944847743592e+05,9.944847743592e+05,1.038063105079e+05
3.926070067555e-04,1.442830660605e+08,9.230006197945e+07,1.003848393766e+06,1.003848393766e+06,1.038048315409e+05
3.929113532724e-04,1.442815653481e+08,9.229878041893e+07,1.002885195147e+06,1.002885195147e+06,1.038010614641e+05
3.932156997893e-04,1.442806388606e+08,9.229806190630e+07,1.003452472957e+06,1.003452472957e+06,1.038003440362e+05
3.935200463061e-04,1.442790435033e+08,9.229666830815e+07,1.002770409637e+06,1.002770409637e+06,1.037979357326e+05
3.938243928230e-04,1.442850853003e+08,9.230286373533e+07,1.010452616425e+06,1.010452616425e+06,1.038143005288e+05
3.941287393398e-04,1.442907470896e+08,9.230864712820e+07,1.010088713249e+06,1.010088713249e+06,1.038285906429e+05
3.944330858567e-04,1.442881772579e+08,9.230622008168e+07,1.001825199093e+06,1.001825199093e+06,1.038213129874e+05
3.947374323736e-04,1.442910836588e+08,9.230925184115e+07,1.007338563409e+06,1.007338563409e+06,1.038304381766e+05
3.950417788904e-04,1.442867619966e+08,9.230507662710e+07,1.000067495011e+06,1.000067495011e+06,1.038185088564e+05
3.953461254073e-04,1.442863860277e+08,9.230483472038e+07,1.004021790880e+06,1.004021790880e+06,1.038169686503e+05
3.956504719242e-04,1.442884002187e+08,9.230695663511e+07,1.006417203645e+06,1.006417203645e+06,1.038234209971e+05
3.959548184410e-04,1.442816268933e+08,9.230031654700e+07,9.975638758649e+05,9.975638758649e+05,1.038036304272e+05
3.962591649579e-04,1.442838266011e+08,9.230261814358e+07,1.006565953129e+06,1.006565953129e+06,1.038084739381e+05
3.965635114748e-04,1.442831076227e+08,9.230199377990e+07,1.003620759430e+06,1.003620759430e+06,1.038066670351e+05
3.968678579916e-04,1.442896609234e+08,9.230859915478e+07,1.010933546065e+06,1.010933546065e+06,1.038244643313e+05
3.971722045085e-04,1.442918648616e+08,9.231084906942e+07,1.006572795348e+06,1.006572795348e+06,1.038312072710e+05
3.974765510254e-04,1.442889242225e+08,9.230797572725e+07,1.001402610619e+06,1.001402610619e+06,1.038220065140e+05
3.977808975422e-04,1.442854692928e+08,9.230460052399e+07,1.000875332945e+06,1.000875332945e+06,1.038124689720e+05
3.980852440591e-04,1.442793318710e+08,9.229855958697e+07,9.981529503769e+05,9.981529503769e+05,1.037955577304e+05
3.983895905760e-04,1.442741097229e+08,9.229343576627e+07,9.990361133520e+05,9.990361133520e+05,1.037809949807e+05
3.986939370928e-04,1.442742911034e+08,9.229368526204e+07,1.004436935520e+06,1.004436935520e+06,1.037813509219e+05
3.989982836097e-04,1.442714340436e+08,9.229089166082e+07,1.001357458372e+06,1.001357458372e+06,1.037735132736e+05
3.993026301265e-04,1.442700368991e+08,9.228954801539e+07,1.002804842528e+06,1.002804842528e+06,1.037678118108e+05
3.996069766434e-04,1.442691467187e+08,9.228870407393e+07,1.003301372266e+06,1.003301372266e+06,1.037666901694e+05
3.999113231603e-04,1.442667381838e+08,9.228634542569e+07,1.001762800851e+06,1.001762800851e+06,1.037606156415e+05
4.002156696771e-04,1.442560135541e+08,9.227571776835e+07,9.933723928792e+05,9.933723928792e+05,1.037319136546e+05
4.005200161940e-04,1.442570667550e+08,9.227683499621e+07,1.005185590707e+06,1.005185590707e+06,1.037349545144e+05
4.008243627109e-04,1.442654416162e+08,9.228521093595e+07,1.012545607052e+06,1.012545607052e+06,1.037569144647e+05
4.011287092277e-04,1.442636793529e+08,9.228346409393e+07,1.002360687771e+06,1.002360687771e+06,1.037522347739e+05
4.014330557446e-04,1.442631161847e+08,9.228292231621e+07,1.003569416888e+06,1.003569416888e+06,1.037510743346e+05
4.017374022615e-04,1.442610915372e+08,9.228093077175e+07,1.002098380518e+06,1.002098380518e+06,1.037453890082e+05
4.020417487783e-04,1.442559488624e+08,9.227584540544e+07,9.989499757179e+05,9.989499757179e+05,1.037314130642e+05
4.023460952952e-04,1.442615941679e+08,9.228150382950e+07,1.009792993916e+06,1.009792993916e+06,1.037451797442e+05
4.026504418121e-04,1.442577713231e+08,9.227771493888e+07,1.000272643126e+06,1.000272643126e+06,1.037353529508e+05
4.029547883289e-04,1.442633391097e+08,9.228328164357e+07,1.009718108006e+06,1.009718108006e+06,1.037487362185e+05
4.032591348458e-04,1.442679588091e+08,9.228788205186e+07,1.008784653006e+06,1.008784653006e+06,1.037609283218e+05
4.035634813627e-04,1.442707056037e+08,9.229060917816e+07,1.006925614938e+06,1.006925614938e+06,1.037685110899e+05
4.038678278795e-04,1.442752536923e+08,9.229512860743e+07,1.008764007447e+06,1.008764007447e+06,1.037804525563e+05
4.041721743964e-04,1.442660737707e+08,9.228598874666e+07,9.949678546167e+05,9.949678546167e+05,1.037562628629e+05
4.044765209132e-04,1.442733491476e+08,9.229326319999e+07,1.011518448222e+06,1.011518448222e+06,1.037776377474e+05
4.047808674301e-04,1.442785908513e+08,9.229848806601e+07,1.009492408406e+06,1.009492408406e+06,1.037913204867e+05
4.050852139470e-04,1.442786215867e+08,9.229852119852e+07,1.004271791123e+06,1.004271791123e+06,1.037899033864e+05
4.053895604638e-04,1.442715731279e+08,9.229152768327e+07,9.971529340270e+05,9.971529340270e+05,1.037696026105e+05
4.056939069807e-04,1.442669044602e+08,9.228693362838e+07,9.995305631556e+05,9.995305631556e+05,1.037572180739e+05
4.059982534976e-04,1.442671807535e+08,9.228726605478e+07,1.004488517291e+06,1.004488517291e+06,1.037577422604e+05
4.063026000144e-04,1.442603467113e+08,9.228050924121e+07,9.973220838392e+05,9.973220838392e+05,1.037402025686e+05
4.066069465313e-04,1.442587606944e+08,9.227898423341e+07,1.002576622782e+06,1.002576622782e+06,1.037351590594e+05
4.069112930482e-04,1.442590223924e+08,9.227928372857e+07,1.004423982651e+06,1.004423982651e+06,1.037373864907e+05
4.072156395650e-04,1.442627976897e+08,9.228306151295e+07,1.007959156474e+06,1.007959156474e+06,1.037468808967e+05
4.075199860819e-04,1.442663540390e+08,9.228659838080e+07,1.007753284807e+06,1.007753284807e+06,1.037559729413e+05
4.078243325988e-04,1.442653889106e+08,9.228562359611e+07,1.003218874681e+06,1.003218874681e+06,1.037533164801e+05
4.081286791156e-04,1.442680192247e+08,9.228822882672e+07,1.006843938751e+06,1.006843938751e+06,1.037602875784e+05
4.084330256325e-04,1.442712653167e+08,9.229143049448e+07,1.007476456165e+06,1.007476456165e+06,1.037683886055e+05
4.087373721494e-04,1.442765031575e+08,9.229659491663e+07,1.009498629695e+06,1.009498629695e+06,1.037835847698e+05
4.090417186662e-04,1.442707470048e+08,9.229079895480e+07,9.984501208563e+05,9.984501208563e+05,1.037684246094e+05
4.093460651831e-04,1.442616771188e+08,9.228172346359e+07,9.950960662907e+05,9.950960662907e+05,1.037441382086e+05
4.096504116999e-04,1.442478916682e+08,9.226797433069e+07,9.903023250118e+05,9.903023250118e+05,1.037070675655e+05
4.099547582168e-04,1.442489623148e+08,9.226902431025e+07,1.005190640858e+06,1.005190640858e+06,1.037090934885e+05
4.102591047337e-04,1.442462831402e+08,9.226630536791e+07,1.001388309870e+06,1.001388309870e+06,1.037016883152e+05
4.105634512505e-04,1.442492023906e+08,9.226914649615e+07,1.007000993731e+06,1.007000993731e+06,1.037081571161e+05
4.108677977674e-04,1.442445329262e+08,9.226442037192e+07,9.993605122013e+05,9.993605122013e+05,1.036973436097e+05
4.111721442843e-04,1.442440294310e+08,9.226385670448e+07,1.003538402316e+06,1.003538402316e+06,1.036957783553e+05
4.114764908011e-04,1.442464465312e+08,9.226619864503e+07,1.006473080945e+06,1.006473080945e+06,1.037022990257e+05
4.117808373180e-04,1.442487554710e+08,9.226842569320e+07,1.006371748609e+06,1.006371748609e+06,1.037091011868e+05
4.120851838349e-04,1.442492095699e+08,9.226880786204e+07,1.004513751537e+06,1.004513751537e+06,1.037115420890e+05
4.123895303517e-04,1.442539409328e+08,9.227345374560e+07,1.008826324544e+06,1.008826324544e+06,1.037243697522e+05
4.126938768686e-04,1.442524396664e+08,9.227189424362e+07,1.002567391371e+06,1.002567391371e+06,1.037207756878e+05
4.129982233855e-04,1.442536294359e+08,9.227303131965e+07,1.005276141656e+06,1.005276141656e+06,1.037256640359e+05
4.133025699023e-04,1.442523580928e+08,9.227172312338e+07,1.002799390475e+06,1.002799390475e+06,1.037214664503e+05
4.136069164192e-04,1.442545204340e+08,9.227384128384e+07,1.006250127473e+06,1.006250127473e+06,1.037280586606e+05
4.139112629361e-04,1.442568466596e+08,9.227611710178e+07,1.006419321938e+06,1.006419321938e+06,1.037346052921e+05
4.142156094529e-04,1.442582675297e+08,9.227748981401e+07,1.005515979100e+06,1.005515979100e+06,1.037401705647e+05
4.145199559698e-04,1.442537227967e+08,9.227292980337e+07,9.995175493789e+05,9.995175493789e+05,1.037303604069e+05
4.148243024866e-04,1.442668893822e+08,9.228600706028e+07,1.017338597985e+06,1.017338597985e+06,1.037650378743e+05
4.151286490035e-04,1.442774392248e+08,9.229642875953e+07,1.014751264755e+06,1.014751264755e+06,1.037942411598e+05
4.154329955204e-04,1.442747655447e+08,9.229367049933e+07,1.001488913438e+06,1.001488913438e+06,1.037875133466e+05
4.157373420372e-04,1.442698642714e+08,9.228872165915e+07,9.992551110897e+05,9.992551110897e+05,1.037752173692e+05
4.160416885541e-04,1.442739266893e+08,9.229270394940e+07,1.008271079162e+06,1.008271079162e+06,1.037869984605e+05
4.163460350710e-04,1.442762522221e+08,9.229492868016e+07,1.006534903846e+06,1.006534903846e+06,1.037941877811e+05
4.166503815878e-04,1.442785669497e+08,9.229712608920e+07,1.006534415717e+06,1.006534415717e+06,1.038003391915e+05
4.169547281047e-04,1.442809938449e+08,9.229942245382e+07,1.006661500124e+06,1.006661500124e+06,1.038057126374e+05
4.172590746216e-04,1.442778330554e+08,9.229615387836e+07,1.001049292222e+06,1.001049292222e+06,1.037954420130e+05
4.175634211384e-04,1.442742455437e+08,9.229247931495e+07,1.000615355042e+06,1.000615355042e+06,1.037861918713e+05
4.178677676553e-04,1.442738357987e+08,9.229198288696e+07,1.003801376143e+06,1.003801376143e+06,1.037842915751e+05
4.181721141722e-04,1.442756424006e+08,9.229369452454e+07,1.006029475662e+06,1.006029475662e+06,1.037886106695e+05
4.184764606890e-04,1.442648487673e+08,9.228287303465e+07,9.933451715346e+05,9.933451715346e+05,1.037592513483e+05
4.187808072059e-04,1.442673368656e+08,9.228530980386e+07,1.006683536914e+06,1.006683536914e+06,1.037652753851e+05
4.190851537228e-04,1.442687171001e+08,9.228662916363e+07,1.005566653317e+06,1.005566653317e+06,1.037680240393e+05
4.193895002396e-04,1.442733777791e+08,9.229120498464e+07,1.008875193605e+06,1.008875193605e+06,1.037803094163e+05
4.196938467565e-04,1.442665475604e+08,9.228433261440e+07,9.973247629837e+05,9.973247629837e+05,1.037620386766e+05
4.199981932734e-04,1.442692657630e+08,9.228698278186e+07,1.006923961795e+06,1.006923961795e+06,1.037713520151e+05
4.203025397902e-04,1.442647647840e+08,9.228242753676e+07,9.996607122614e+05,9.996607122614e+05,1.037600145311e+05
4.206068863071e-04,1.442666176109e+08,9.228419698022e+07,1.006042872416e+06,1.006042872416e+06,1.037664669705e+05
4.209112328239e-04,1.442719686003e+08,9.228942216004e+07,1.009565597949e+06,1.009565597949e+06,1.037797585517e+05
4.212155793408e-04,1.442715653878e+08,9.228889438889e+07,1.003790638794e+06,1.003790638794e+06,1.037793565273e+05
4.215199258577e-04,1.442692860192e+08,9.228650136533e+07,1.001904580501e+06,1.001904580501e+06,1.037710557638e+05
4.218242723745e-04,1.442771820372e+08,9.229423857860e+07,1.012144396675e+06,1.012144396675e+06,1.037919186425e+05
4.221286188914e-04,1.442738736312e+08,9.229080317805e+07,1.000886029394e+06,1.000886029394e+06,1.037814742717e+05
4.224329654083e-04,1.442751230943e+08,9.229192688415e+07,1.005469222844e+06,1.005469222844e+06,1.037835004412e+05
4.227373119251e-04,1.442738337312e+08,9.229053065331e+07,1.002912964457e+06,1.002912964457e+06,1.037803606309e+05
4.230416584420e-04,1.442749173539e+08,9.229151026267e+07,1.005293315094e+06,1.005293315094e+06,1.037821204342e+05
4.233460049589e-04,1.442779969210e+08,9.229447905038e+07,1.007301085123e+06,1.007301085123e+06,1.037908001295e+05
4.236503514757e-04,1.442757197974e+08,9.229211494227e+07,1.001912695048e+06,1.001912695048e+06,1.037839301957e+05
4.239546979926e-04,1.442793827816e+08,9.229567235624e+07,1.007885694201e+06,1.007885694201e+06,1.037934090033e+05
4.242590445095e-04,1.442820983945e+08,9.229827009456e+07,1.006940817300e+06,1.006940817300e+06,1.037999498059e+05
4.245633910263e-04,1.442767468956e+08,9.229283113614e+07,9.988266090321e+05,9.988266090321e+05,1.037845499965e+05
4.248677375432e-04,1.442771181293e+08,9.229310092341e+07,1.004570392872e+06,1.004570392872e+06,1.037854523091e+05
4.251720840601e-04,1.442796278679e+08,9.229548462463e+07,1.006716104498e+06,1.006716104498e+06,1.037909582795e+05
4.254764305769e-04,1.442772792555e+08,9.229301925517e+07,1.001824793158e+06,1.001824793158e+06,1.037838911042e+05
4.257807770938e-04,1.442737314349e+08,9.228936742426e+07,1.000605134072e+06,1.000605134072e+06,1.037736624958e+05
4.260851236106e-04,1.442752297167e+08,9.229074254368e+07,1.005670581550e+06,1.005670581550e+06,1.037792179038e+05
4.263894701275e-04,1.442740437597e+08,9.228943506812e+07,1.002965614187e+06,1.002965614187e+06,1.037764183126e+05
4.266938166444e-04,1.442750340660e+08,9.229029485363e+07,1.005148639715e+06,1.005148639715e+06,1.037782188908e+05
4.269981631612e-04,1.442691404953e+08,9.228430303058e+07,9.982171384172e+05,9.982171384172e+05,1.037633052924e+05
4.273025096781e-04,1.442635783045e+08,9.227866515754e+07,9.985271707010e+05,9.985271707010e+05,1.037491471377e+05
4.276068561950e-04,1.442624684842e+08,9.227747300846e+07,1.002982082723e+06,1.002982082723e+06,1.037462546628e+05
4.279112027118e-04,1.442587143510e+08,9.227364970774e+07,1.000305589625e+06,1.000305589625e+06,1.037363552307e+05
4.282155492287e-04,1.442608469574e+08,9.227569672030e+07,1.006214288964e+06,1.006214288964e+06,1.037417183311e+05
4.285198957456e-04,1.442654010295e+08,9.228014620550e+07,1.008658144816e+06,1.008658144816e+06,1.037540530635e+05
4.288242422624e-04,1.442716021270e+08,9.228622715490e+07,1.010338660033e+06,1.010338660033e+06,1.037715707672e+05
4.291285887793e-04,1.442824100045e+08,9.229688296069e+07,1.015013885487e+06,1.015013885487e+06,1.038010332441e+05
4.294329352962e-04,1.442861705283e+08,9.230050826869e+07,1.007975749183e+06,1.007975749183e+06,1.038120893885e+05
4.297372818130e-04,1.442907278894e+08,9.230493499316e+07,1.008816928118e+06,1.008816928118e+06,1.038240493382e+05
4.300416283299e-04,1.442939820215e+08,9.230806247250e+07,1.007539707636e+06,1.007539707636e+06,1.038312098130e+05
4.303459748468e-04,1.442948967261e+08,9.230886120015e+07,1.005208964244e+06,1.005208964244e+06,1.038331942902e+05
4.306503213636e-04,1.442980034109e+08,9.231184407737e+07,1.007428259444e+06,1.007428259444e+06,1.038416038030e+05
4.309546678805e-04,1.443057166781e+08,9.231940173394e+07,1.012084280011e+06,1.012084280011e+06,1.038615492528e+05
4.312590143973e-04,1.442995248038e+08,9.231310915829e+07,9.981154039395e+05,9.981154039395e+05,1.038433612481e+05
4.315633609142e-04,1.443071690485e+08,9.232062023847e+07,1.012039445813e+06,1.012039445813e+06,1.038644524539e+05
4.318677074311e-04,1.443040624876e+08,9.231742070586e+07,1.001239376797e+06,1.001239376797e+06,1.038559524521e+05
4.321720539479e-04,1.442978522029e+08,9.231116642729e+07,9.981071154911e+05,9.981071154911e+05,1.038372617149e+05
4.324764004648e-04,1.442986583933e+08,9.231192723903e+07,1.005148630777e+06,1.005148630777e+06,1.038385865970e+05
4.327807469817e-04,1.443020667743e+08,9.231527871721e+07,1.007764441783e+06,1.007764441783e+06,1.038470582209e+05
4.330850934985e-04,1.443121776323e+08,9.232529547292e+07,1.014525087798e+06,1.014525087798e+06,1.038735478460e+05
4.333894400154e-04,1.443094834041e+08,9.232255950675e+07,1.001671983799e+06,1.001671983799e+06,1.038673357095e+05
4.336937865323e-04,1.443051525055e+08,9.231823753512e+07,1.000028877816e+06,1.000028877816e+06,1.038556102383e+05
4.339981330491e-04,1.442916855703e+08,9.230486515410e+07,9.908156116386e+05,9.908156116386e+05,1.038194149386e+05
4.343024795660e-04,1.442870153254e+08,9.230030104196e+07,9.996182676368e+05,9.996182676368e+05,1.038081379478e+05
4.346068260829e-04,1.442921390016e+08,9.230548721173e+07,1.009441194761e+06,1.009441194761e+06,1.038212377625e+05
4.349111725997e-04,1.442961299881e+08,9.230952207184e+07,1.008301621704e+06,1.008301621704e+06,1.038304700868e+05
4.352155191166e-04,1.442983914178e+08,9.231183101755e+07,1.006574116049e+06,1.006574116049e+06,1.038354409867e+05
4.355198656335e-04,1.442968035329e+08,9.231031978893e+07,1.002713403853e+06,1.002713403853e+06,1.038323997565e+05
4.358242121503e-04,1.442909923433e+08,9.230462828768e+07,9.984617807600e+05,9.984617807600e+05,1.038168002045e+05
4.361285586672e-04,1.442861465756e+08,9.229992316449e+07,9.994147456955e+05,9.994147456955e+05,1.038044388866e+05
4.364329051840e-04,1.442878014166e+08,9.230169367005e+07,1.005935905860e+06,1.005935905860e+06,1.038081943027e+05
4.367372517009e-04,1.442851592341e+08,9.229917068393e+07,1.001604860319e+06,1.001604860319e+06,1.038012535596e+05
4.370415982178e-04,1.442853979391e+08,9.229951559245e+07,1.004491792005e+06,1.004491792005e+06,1.038020107483e+05
4.373459447346e-04,1.442905085018e+08,9.230469566326e+07,1.009396940850e+06,1.009396940850e+06,1.038158078131e+05
4.376502912515e-04,1.442888006721e+08,9.230306658524e+07,1.002552882822e+06,1.002552882822e+06,1.038096155329e+05
4.379546377684e-04,1.442928017708e+08,9.230712272885e+07,1.008305049480e+06,1.008305049480e+06,1.038211771432e+05
4.382589842852e-04,1.442953389826e+08,9.230970322901e+07,1.006851695331e+06,1.006851695331e+06,1.038280498170e+05
4.385633308021e-04,1.442941365686e+08,9.230855364476e+07,1.003103915709e+06,1.003103915709e+06,1.038248414892e+05
4.388676773190e-04,1.442855732514e+08,9.230008531652e+07,9.956931074941e+05,9.956931074941e+05,1.038007661161e+05
4.391720238358e-04,1.442847545966e+08,9.229934568158e+07,1.003459510655e+06,1.003459510655e+06,1.037981284155e+05
4.394763703527e-04,1.442903325222e+08,9.230495345748e+07,1.009888731929e+06,1.009888731929e+06,1.038126191129e+05
4.397807168696e-04,1.442883419884e+08,9.230300136554e+07,1.002283338044e+06,1.002283338044e+06,1.038092753372e+05
4.400850633864e-04,1.442770271612e+08,9.229178256116e+07,9.928896125218e+05,9.928896125218e+05,1.037797987598e+05
4.403894099033e-04,1.442756006398e+08,9.229043671181e+07,1.002806080470e+06,1.002806080470e+06,1.037770592495e+05
4.406937564202e-04,1.442774810440e+08,9.229236635223e+07,1.006118000523e+06,1.006118000523e+06,1.037806178056e+05
4.409981029370e-04,1.442674886148e+08,9.228246554840e+07,9.941633486677e+05,9.941633486677e+05,1.037562195104e+05
4.413024494539e-04,1.442689536567e+08,9.228399062456e+07,1.005663408361e+06,1.005663408361e+06,1.037596073443e+05
4.416067959707e-04,1.442615898766e+08,9.227671309428e+07,9.967692493168e+05,9.967692493168e+05,1.037405856172e+05
4.419111424876e-04,1.442562949846e+08,9.227151442456e+07,9.988240644948e+05,9.988240644948e+05,1.037270980164e+05
4.422154890045e-04,1.442533155039e+08,9.226862822955e+07,1.001129682474e+06,1.001129682474e+06,1.037202666493e+05
4.425198355213e-04,1.442446431733e+08,9.226008116989e+07,9.953776371472e+05,9.953776371472e+05,1.036975856105e+05
4.428241820382e-04,1.442500643836e+08,9.226557730416e+07,1.009533656362e+06,1.009533656362e+06,1.037121761980e+05
4.431285285551e-04,1.442543075006e+08,9.226987124027e+07,1.008359023865e+06,1.008359023865e+06,1.037228742670e+05
4.434328750719e-04,1.442584174547e+08,9.227402308649e+07,1.008249025729e+06,1.008249025729e+06,1.037361355881e+05
4.437372215888e-04,1.442674946578e+08,9.228311356588e+07,1.013283233512e+06,1.013283233512e+06,1.037613505195e+05
4.440415681057e-04,1.442654226030e+08,9.228109957814e+07,1.002106194499e+06,1.002106194499e+06,1.037558648674e+05
4.443459146225e-04,1.442692767423e+08,9.228501360938e+07,1.008089537373e+06,1.008089537373e+06,1.037673582032e+05
4.446502611394e-04,1.442679873552e+08,9.228381478995e+07,1.002931146636e+06,1.002931146636e+06,1.037620541673e+05
4.449546076563e-04,1.442765980551e+08,9.229248665683e+07,1.012904894987e+06,1.012904894987e+06,1.037853566423e+05
4.452589541731e-04,1.442853496726e+08,9.230128084209e+07,1.013084244225e+06,1.013084244225e+06,1.038088799302e+05
4.455633006900e-04,1.442856264038e+08,9.230163705211e+07,1.004595491587e+06,1.004595491587e+06,1.038096961308e+05
4.458676472069e-04,1.442817174280e+08,9.229785552367e+07,1.000399139185e+06,1.000399139185e+06,1.037997815335e+05
4.461719937237e-04,1.442842890773e+08,9.230054815525e+07,1.006918536475e+06,1.006918536475e+06,1.038053719319e+05
4.464763402406e-04,1.442869424599e+08,9.230331152364e+07,1.007008958549e+06,1.007008958549e+06,1.038115613277e+05
4.467806867574e-04,1.442969218453e+08,9.231335014696e+07,1.014398344803e+06,1.014398344803e+06,1.038387326302e+05
4.470850332743e-04,1.442998551082e+08,9.231634143842e+07,1.007343553171e+06,1.007343553171e+06,1.038449660236e+05
4.473893797912e-04,1.442978256728e+08,9.231439145942e+07,1.002371304969e+06,1.002371304969e+06,1.038387253136e+05
4.476937263080e-04,1.442909572775e+08,9.230763761496e+07,9.974993499698e+05,9.974993499698e+05,1.038209716776e+05
4.479980728249e-04,1.443020192787e+08,9.231873493387e+07,1.015528847917e+06,1.015528847917e+06,1.038488436424e+05
4.483024193418e-04,1.442934915287e+08,9.231029097531e+07,9.958286130884e+05,9.958286130884e+05,1.038254675005e+05
4.486067658586e-04,1.442873965878e+08,9.230429934811e+07,9.982493595528e+05,9.982493595528e+05,1.038087808989e+05
4.489111123755e-04,1.442867826796e+08,9.230377166017e+07,1.003736495565e+06,1.003736495565e+06,1.038091390481e+05
4.492154588924e-04,1.442801665229e+08,9.229726147308e+07,9.976746706172e+05,9.976746706172e+05,1.037909398557e+05
4.495198054092e-04,1.442736675314e+08,9.229088188133e+07,9.977570139324e+05,9.977570139324e+05,1.037720026969e+05
4.498241519261e-04,1.442724341358e+08,9.228974962982e+07,1.003021573550e+06,1.003021573550e+06,1.037690852969e+05
4.501284984430e-04,1.442750571203e+08,9.229244168948e+07,1.006886257551e+06,1.006886257551e+06,1.037763869795e+05
4.504328449598e-04,1.442755656460e+08,9.229301150151e+07,1.004759898998e+06,1.004759898998e+06,1.037784357123e+05
4.507371914767e-04,1.442751614899e+08,9.229267219184e+07,1.003842566078e+06,1.003842566078e+06,1.037775831645e+05
4.510415379936e-04,1.442793107772e+08,9.229686565647e+07,1.008431735583e+06,1.008431735583e+06,1.037898994341e+05
4.513458845104e-04,1.442850894331e+08,9.230266775302e+07,1.010092089671e+06,1.010092089671e+06,1.038058541800e+05
4.516502310273e-04,1.442819464098e+08,9.229958477035e+07,1.001135153724e+06,1.001135153724e+06,1.037970688829e+05
4.519545775441e-04,1.442846475342e+08,9.230233955744e+07,1.007020648787e+06,1.007020648787e+06,1.038040252652e+05
4.522589240610e-04,1.442891399964e+08,9.230687081053e+07,1.008838133134e+06,1.008838133134e+06,1.038151619465e+05
4.525632705779e-04,1.442834151585e+08,9.230123041558e+07,9.985711817744e+05,9.985711817744e+05,1.038007939840e+05
4.528676170947e-04,1.442934661660e+08,9.231131253865e+07,1.014444867255e+06,1.014444867255e+06,1.038263547089e+05
4.531719636116e-04,1.442978088052e+08,9.231568011522e+07,1.008734475362e+06,1.008734475362e+06,1.038369891027e+05
4.534763101285e-04,1.442851413515e+08,9.230312625557e+07,9.916342503925e+05,9.916342503925e+05,1.038033651302e+05
4.537806566453e-04,1.442813664738e+08,9.229947698478e+07,1.000552865444e+06,1.000552865444e+06,1.037940043592e+05
4.540850031622e-04,1.442716096842e+08,9.228988194019e+07,9.945040235203e+05,9.945040235203e+05,1.037691625311e+05
4.543893496791e-04,1.442669475936e+08,9.228537728278e+07,9.995853421517e+05,9.995853421517e+05,1.037570942632e+05
4.546936961959e-04,1.442672444510e+08,9.228580150674e+07,1.004545168186e+06,1.004545168186e+06,1.037583859725e+05
4.549980427128e-04,1.442726847920e+08,9.229132445451e+07,1.009715689256e+06,1.009715689256e+06,1.037743745846e+05
4.553023892297e-04,1.442701689261e+08,9.228890759219e+07,1.001723813339e+06,1.001723813339e+06,1.037688562368e+05
4.556067357465e-04,1.442633597949e+08,9.228223428571e+07,9.974013842390e+05,9.974013842390e+05,1.037510545120e+05
4.559110822634e-04,1.442711025456e+08,9.229005916622e+07,1.012036488760e+06,1.012036488760e+06,1.037710502045e+05
4.562154287803e-04,1.442691511527e+08,9.228820670544e+07,1.002298489448e+06,1.002298489448e+06,1.037664374129e+05
4.565197752971e-04,1.442677384620e+08,9.228690442636e+07,1.002839873176e+06,1.002839873176e+06,1.037639303783e+05
4.568241218140e-04,1.442665788804e+08,9.228586282382e+07,1.003089283240e+06,1.003089283240e+06,1.037619348553e+05
4.571284683308e-04,1.442633422517e+08,9.228276075401e+07,1.000989228511e+06,1.000989228511e+06,1.037534786641e+05
4.574328148477e-04,1.442689231423e+08,9.228843935553e+07,1.009854122103e+06,1.009854122103e+06,1.037688978518e+05
4.577371613646e-04,1.442548676987e+08,9.227456279823e+07,9.900917055057e+05,9.900917055057e+05,1.037320641695e+05
4.580415078814e-04,1.442593247832e+08,9.227915309999e+07,1.008684123746e+06,1.008684123746e+06,1.037436543554e+05
4.583458543983e-04,1.442605763542e+08,9.228052135833e+07,1.005459228574e+06,1.005459228574e+06,1.037475120739e+05
4.586502009152e-04,1.442602609957e+08,9.228032189270e+07,1.003883731806e+06,1.003883731806e+06,1.037467820837e+05
4.589545474320e-04,1.442667999085e+08,9.228694066865e+07,1.010787252136e+06,1.010787252136e+06,1.037634361416e+05
4.592588939489e-04,1.442638636283e+08,9.228411226542e+07,1.001271357953e+06,1.001271357953e+06,1.037553749797e+05
4.595632404658e-04,1.442630158875e+08,9.228338055285e+07,1.003372517144e+06,1.003372517144e+06,1.037533347239e+05
4.598675869826e-04,1.442639782313e+08,9.228445330172e+07,1.005190054195e+06,1.005190054195e+06,1.037559987126e+05
4.601719334995e-04,1.442693298856e+08,9.228988386473e+07,1.009611522098e+06,1.009611522098e+06,1.037708653321e+05
4.604762800164e-04,1.442672203867e+08,9.228786893648e+07,1.002114074285e+06,1.002114074285e+06,1.037653276061e+05
4.607806265332e-04,1.442696036668e+08,9.229032880120e+07,1.006634451937e+06,1.006634451937e+06,1.037726733996e+05
4.610849730501e-04,1.442750889108e+08,9.229585590836e+07,1.009766852492e+06,1.009766852492e+06,1.037882731577e+05
4.613893195670e-04,1.442771422148e+08,9.229794130491e+07,1.006333556089e+06,1.006333556089e+06,1.037942380103e+05
4.616936660838e-04,1.442770679305e+08,9.229790045066e+07,1.004204892470e+06,1.004204892470e+06,1.037943819117e+05
4.619980126007e-04,1.442764030302e+08,9.229726821540e+07,1.003613850181e+06,1.003613850181e+06,1.037923234460e+05
4.623023591176e-04,1.442836316417e+08,9.230448124466e+07,1.011561069732e+06,1.011561069732e+06,1.038102827742e+05
4.626067056344e-04,1.442778689775e+08,9.229873619184e+07,9.985030641787e+05,9.985030641787e+05,1.037942896308e+05
4.629110521513e-04,1.442865380492e+08,9.230736510487e+07,1.013022399357e+06,1.013022399357e+06,1.038166604238e+05
4.632153986681e-04,1.442836950849e+08,9.230450323920e+07,1.001457082058e+06,1.001457082058e+06,1.038091872024e+05
4.635197451850e-04,1.442913353713e+08,9.231208237340e+07,1.012010318596e+06,1.012010318596e+06,1.038278278924e+05
4.638240917019e-04,1.442914461441e+08,9.231214272609e+07,1.004457383790e+06,1.004457383790e+06,1.038278359446e+05
4.641284382187e-04,1.442912343937e+08,9.231188798190e+07,1.004143119785e+06,1.004143119785e+06,1.038264448469e+05
4.644327847356e-04,1.442943610159e+08,9.231495638367e+07,1.007508034850e+06,1.007508034850e+06,1.038335716359e+05
4.647371312525e-04,1.442904472822e+08,9.231100890201e+07,1.000428300269e+06,1.000428300269e+06,1.038206407465e+05
4.650414777693e-04,1.442954119924e+08,9.231590761891e+07,1.009355388211e+06,1.009355388211e+06,1.038329428039e+05
4.653458242862e-04,1.442996896960e+08,9.232009985883e+07,1.008677130483e+06,1.008677130483e+06,1.038435084032e+05
4.656501708031e-04,1.443069365373e+08,9.232723399764e+07,1.011687261230e+06,1.011687261230e+06,1.038638254502e+05
4.659545173199e-04,1.443112273065e+08,9.233141133525e+07,1.008744027262e+06,1.008744027262e+06,1.038754564637e+05
4.662588638368e-04,1.443134702859e+08,9.233355211276e+07,1.006706894855e+06,1.006706894855e+06,1.038801026534e+05
4.665632103537e-04,1.443218045383e+08,9.234175666224e+07,1.012859274336e+06,1.012859274336e+06,1.039028267540e+05
4.668675568705e-04,1.443278804560e+08,9.234769342538e+07,1.010620841406e+06,1.010620841406e+06,1.039199718650e+05
4.671719033874e-04,1.443256000399e+08,9.234530827683e+07,1.002235252390e+06,1.002235252390e+06,1.039133207794e+05
4.674762499043e-04,1.443201802499e+08,9.233981780055e+07,9.990695809680e+05,9.990695809680e+05,1.038979868350e+05
4.677805964211e-04,1.443172918630e+08,9.233685950981e+07,1.001591573474e+06,1.001591573474e+06,1.038896165968e+05
4.680849429380e-04,1.443178002657e+08,9.233727189522e+07,1.004985703165e+06,1.004985703165e+06,1.038908226605e+05
4.683892894548e-04,1.443309089878e+08,9.235019394532e+07,1.017660850652e+06,1.017660850652e+06,1.039252022456e+05
4.686936359717e-04,1.443319028605e+08,9.235100195735e+07,1.005500210692e+06,1.005500210692e+06,1.039271568187e+05
4.689979824886e-04,1.443320579630e+08,9.235097432001e+07,1.004667947683e+06,1.004667947683e+06,1.039253083356e+05
4.693023290054e-04,1.443364984987e+08,9.235520603394e+07,1.008990184984e+06,1.008990184984e+06,1.039355905676e+05
4.696066755223e-04,1.443334247071e+08,9.235194156559e+07,1.001440001708e+06,1.001440001708e+06,1.039268156217e+05
4.699110220392e-04,1.443353928599e+08,9.235370199211e+07,1.006504843602e+06,1.006504843602e+06,1.039309258653e+05
4.702153685560e-04,1.443463092941e+08,9.236434833621e+07,1.015515546566e+06,1.015515546566e+06,1.039579676169e+05
4.705197150729e-04,1.443487362731e+08,9.236650883754e+07,1.007002294545e+06,1.007002294545e+06,1.039624226488e+05
4.708240615898e-04,1.443505140410e+08,9.236802795098e+07,1.006365705468e+06,1.006365705468e+06,1.039664445288e+05
4.711284081066e-04,1.443594738193e+08,9.237669331879e+07,1.013612633231e+06,1.013612633231e+06,1.039902898152e+05
4.714327546235e-04,1.443642138627e+08,9.238113274724e+07,1.009401269983e+06,1.009401269983e+06,1.040017153087e+05
4.717371011404e-04,1.443672790187e+08,9.238389608638e+07,1.007742519318e+06,1.007742519318e+06,1.040073682523e+05
4.720414476572e-04,1.443661470816e+08,9.238247521526e+07,1.003536802043e+06,1.003536802043e+06,1.040026149178e+05
4.723457941741e-04,1.443678049128e+08,9.238382893493e+07,1.006348288307e+06,1.006348288307e+06,1.040062177371e+05
4.726501406910e-04,1.443696730932e+08,9.238537304464e+07,1.006566488250e+06,1.006566488250e+06,1.040089462641e+05
4.729544872078e-04,1.443680874322e+08,9.238346522662e+07,1.003094820421e+06,1.003094820421e+06,1.040029729542e+05
4.732588337247e-04,1.443633223941e+08,9.237839319752e+07,9.998910804774e+05,9.998910804774e+05,1.039870398369e+05
4.735631802415e-04,1.443547277763e+08,9.236952433450e+07,9.960166472112e+05,9.960166472112e+05,1.039630188049e+05
4.738675267584e-04,1.443566264571e+08,9.237111668941e+07,1.006548300189e+06,1.006548300189e+06,1.039671491397e+05
4.741718732753e-04,1.443660518181e+08,9.238017831812e+07,1.014126764953e+06,1.014126764953e+06,1.039905437470e+05
4.744762197921e-04,1.443633078237e+08,9.237710607125e+07,1.001909156371e+06,1.001909156371e+06,1.039825433840e+05
4.747805663090e-04,1.443674323618e+08,9.238089871064e+07,1.008833100053e+06,1.008833100053e+06,1.039942370172e+05
4.750849128259e-04,1.443670975255e+08,9.238025564703e+07,1.004369836036e+06,1.004369836036e+06,1.039923413792e+05
4.753892593427e-04,1.443649497206e+08,9.237782816904e+07,1.002557315248e+06,1.002557315248e+06,1.039874160330e+05
4.756936058596e-04,1.443673524283e+08,9.237994441473e+07,1.007141477854e+06,1.007141477854e+06,1.039914134088e+05
4.759979523765e-04,1.443663014793e+08,9.237862227423e+07,1.003675413816e+06,1.003675413816e+06,1.039885236698e+05
4.763022988933e-04,1.443672296499e+08,9.237928081453e+07,1.005669749138e+06,1.005669749138e+06,1.039915072838e+05
4.766066454102e-04,1.443683405159e+08,9.238012372505e+07,1.005860958618e+06,1.005860958618e+06,1.039946712613e+05
4.769109919271e-04,1.443702986503e+08,9.238181286464e+07,1.006724795759e+06,1.006724795759e+06,1.039995003444e+05
4.772153384439e-04,1.443631665112e+08,9.237446441727e+07,9.975806318738e+05,9.975806318738e+05,1.039781368355e+05
4.775196849608e-04,1.443610826737e+08,9.237217734057e+07,1.002642028970e+06,1.002642028970e+06,1.039730601152e+05
4.778240314777e-04,1.443633732662e+08,9.237425083876e+07,1.007034550584e+06,1.007034550584e+06,1.039779980527e+05
4.781283779945e-04,1.443673219017e+08,9.237796811251e+07,1.008707737563e+06,1.008707737563e+06,1.039881260488e+05
4.784327245114e-04,1.443684724024e+08,9.237889643931e+07,1.005905090156e+06,1.005905090156e+06,1.039903540358e+05
4.787370710282e-04,1.443737791341e+08,9.238396693795e+07,1.010102807751e+06,1.010102807751e+06,1.040044516169e+05
4.790414175451e-04,1.443692117015e+08,9.237920750460e+07,1.000183985492e+06,1.000183985492e+06,1.039921803063e+05
4.793457640620e-04,1.443694563007e+08,9.237926252884e+07,1.005020276851e+06,1.005020276851e+06,1.039918543848e+05
4.796501105788e-04,1.443713185958e+08,9.238092423671e+07,1.006648365750e+06,1.006648365750e+06,1.039972223330e+05
4.799544570957e-04,1.443744296071e+08,9.238381676919e+07,1.007908775954e+06,1.007908775954e+06,1.040030025228e+05
4.802588036126e-04,1.443761677166e+08,9.238532901399e+07,1.006536520057e+06,1.006536520057e+06,1.040059835709e+05
4.805631501294e-04,1.443794046480e+08,9.238832315945e+07,1.008054588014e+06,1.008054588014e+06,1.040114694902e+05
4.808674966463e-04,1.443756525879e+08,9.238435061980e+07,1.001030844537e+06,1.001030844537e+06,1.039993161901e+05
4.811718431632e-04,1.443821726911e+08,9.239060730982e+07,1.011365960828e+06,1.011365960828e+06,1.040171090965e+05
4.814761896800e-04,1.443845879276e+08,9.239274773873e+07,1.007254698624e+06,1.007254698624e+06,1.040235105243e+05
4.817805361969e-04,1.443927756379e+08,9.240062170834e+07,1.013081321637e+06,1.013081321637e+06,1.040450274129e+05
4.820848827138e-04,1.443936416216e+08,9.240118577357e+07,1.005742253018e+06,1.005742253018e+06,1.040465878903e+05
4.823892292306e-04,1.443985520906e+08,9.240577843709e+07,1.009830513056e+06,1.009830513056e+06,1.040591829948e+05
4.826935757475e-04,1.444011255849e+08,9.240803284265e+07,1.007501821793e+06,1.007501821793e+06,1.040656414603e+05
4.829979222644e-04,1.444032604884e+08,9.240984675649e+07,1.007077766221e+06,1.007077766221e+06,1.040698902064e+05
4.833022687812e-04,1.444061438403e+08,9.241240212700e+07,1.007844904702e+06,1.007844904702e+06,1.040770173495e+05
4.836066152981e-04,1.444071590454e+08,9.241309262413e+07,1.005978035476e+06,1.005978035476e+06,1.040775114989e+05
4.839109618149e-04,1.443969333503e+08,9.240260476809e+07,9.946650880414e+05,9.946650880414e+05,1.040499454875e+05
4.842153083318e-04,1.443902478478e+08,9.239567930541e+07,9.981918440046e+05,9.981918440046e+05,1.040306466242e+05
4.845196548487e-04,1.443944186668e+08,9.239956432867e+07,1.009088749759e+06,1.009088749759e+06,1.040401307631e+05
4.848240013655e-04,1.443938262506e+08,9.239868408948e+07,1.004292801760e+06,1.004292801760e+06,1.040375477220e+05
4.851283478824e-04,1.444014021302e+08,9.240593145516e+07,1.012518278795e+06,1.012518278795e+06,1.040570004150e+05
4.854326943993e-04,1.444024116444e+08,9.240662480709e+07,1.005937233897e+06,1.005937233897e+06,1.040575690690e+05
4.857370409161e-04,1.444082939752e+08,9.241217733651e+07,1.010861776134e+06,1.010861776134e+06,1.040715138049e+05
4.860413874330e-04,1.444037394965e+08,9.240733977718e+07,1.000384060717e+06,1.000384060717e+06,1.040577010820e+05
4.863457339499e-04,1.444131862290e+08,9.241645893509e+07,1.014479253826e+06,1.014479253826e+06,1.040808096096e+05
4.866500804667e-04,1.444152390415e+08,9.241819113815e+07,1.007068534150e+06,1.007068534150e+06,1.040841866438e+05
4.869544269836e-04,1.444211446651e+08,9.242375958573e+07,1.010968269497e+06,1.010968269497e+06,1.041008774848e+05
4.872587735005e-04,1.444193182807e+08,9.242162246443e+07,1.003210001004e+06,1.003210001004e+06,1.040921065599e+05
4.875631200173e-04,1.444149885218e+08,9.241701097463e+07,1.000690815220e+06,1.000690815220e+06,1.040799916826e+05
4.878674665342e-04,1.444134795168e+08,9.241521972816e+07,1.003514400595e+06,1.003514400595e+06,1.040742526742e+05
4.881718130511e-04,1.444100383579e+08,9.241150150674e+07,1.001555259414e+06,1.001555259414e+06,1.040630876517e+05
4.884761595679e-04,1.444089138358e+08,9.241008887235e+07,1.003867572123e+06,1.003867572123e+06,1.040583601537e+05
4.887805060848e-04,1.444108113908e+08,9.241167329403e+07,1.006898784233e+06,1.006898784233e+06,1.040614522279e+05
4.890848526016e-04,1.444074380586e+08,9.240799848778e+07,1.001592143734e+06,1.001592143734e+06,1.040504432858e+05
4.893891991185e-04,1.444065044716e+08,9.240675778731e+07,1.004038381489e+06,1.004038381489e+06,1.040479997690e+05
4.896935456354e-04,1.444030730627e+08,9.240302654611e+07,1.001516853192e+06,1.001516853192e+06,1.040378735864e+05
4.899978921522e-04,1.444053741677e+08,9.240500005808e+07,1.007274650533e+06,1.007274650533e+06,1.040430952051e+05
4.903022386691e-04,1.444028729230e+08,9.240217698019e+07,1.002441558482e+06,1.002441558482e+06,1.040351313309e+05
4.906065851860e-04,1.443930791428e+08,9.239210560201e+07,9.950878801496e+05,9.950878801496e+05,1.040087461457e+05
4.909109317028e-04,1.443967605470e+08,9.239546859578e+07,1.008619858726e+06,1.008619858726e+06,1.040182066841e+05
4.912152782197e-04,1.444000905957e+08,9.239845933715e+07,1.008269076754e+06,1.008269076754e+06,1.040268309791e+05
4.915196247366e-04,1.443997736152e+08,9.239781759963e+07,1.004607624914e+06,1.004607624914e+06,1.040231014790e+05
4.918239712534e-04,1.444009763260e+08,9.239870758195e+07,1.006144270690e+06,1.006144270690e+06,1.040272242217e+05
4.921283177703e-04,1.444054732710e+08,9.240288939767e+07,1.009472845805e+06,1.009472845805e+06,1.040394754407e+05
4.924326642872e-04,1.444090366260e+08,9.240614681169e+07,1.008555153420e+06,1.008555153420e+06,1.040478912930e+05
4.927370108040e-04,1.444079775922e+08,9.240481565885e+07,1.003922924138e+06,1.003922924138e+06,1.040424914594e+05
4.930413573209e-04,1.444067567405e+08,9.240334745842e+07,1.003766120073e+06,1.003766120073e+06,1.040374532171e+05
4.933457038378e-04,1.444036595411e+08,9.240002934998e+07,1.001873554354e+06,1.001873554354e+06,1.040264088723e+05
4.936500503546e-04,1.444026962862e+08,9.239885124602e+07,1.004009481275e+06,1.004009481275e+06,1.040230308462e+05
4.939543968715e-04,1.444023654242e+08,9.239830545822e+07,1.004636942362e+06,1.004636942362e+06,1.040199029274e+05
4.942587433883e-04,1.444025772193e+08,9.239830085771e+07,1.005178942791e+06,1.005178942791e+06,1.040207910289e+05
4.945630899052e-04,1.444010523679e+08,9.239656915341e+07,1.003430415478e+06,1.003430415478e+06,1.040171563406e+05
4.948674364221e-04,1.444066424900e+08,9.240192223918e+07,1.010591201222e+06,1.010591201222e+06,1.040311110445e+05
4.951717829389e-04,1.444036161380e+08,9.239868561272e+07,1.001937208672e+06,1.001937208672e+06,1.040222524501e+05
4.954761294558e-04,1.444125676403e+08,9.240738199847e+07,1.013998352483e+06,1.013998352483e+06,1.040435171622e+05
4.957804759727e-04,1.444067960006e+08,9.240140417950e+07,9.992076669564e+05,9.992076669564e+05,1.040258785100e+05
4.960848224895e-04,1.444061747809e+08,9.240058155245e+07,1.004385395067e+06,1.004385395067e+06,1.040229916468e+05
4.963891690064e-04,1.444080960925e+08,9.240228547833e+07,1.006944280169e+06,1.006944280169e+06,1.040256513289e+05
4.966935155233e-04,1.444121582882e+08,9.240610443903e+07,1.009108164436e+06,1.009108164436e+06,1.040347636086e+05
4.969978620401e-04,1.444080038341e+08,9.240173274384e+07,1.000852817618e+06,1.000852817618e+06,1.040243265260e+05
4.973022085570e-04,1.444045877804e+08,9.239811207364e+07,1.001589577812e+06,1.001589577812e+06,1.040144911760e+05
4.976065550739e-04,1.444053515766e+08,9.239865700850e+07,1.005786857195e+06,1.005786857195e+06,1.040150972238e+05
4.979109015907e-04,1.444084141557e+08,9.240147969393e+07,1.008102333891e+06,1.008102333891e+06,1.040212704244e+05
4.982152481076e-04,1.444065564625e+08,9.239939624248e+07,1.003161991080e+06,1.003161991080e+06,1.040161208851e+05
4.985195946245e-04,1.444073072752e+08,9.239991778426e+07,1.005788579523e+06,1.005788579523e+06,1.040159395022e+05
4.988239411413e-04,1.444084636456e+08,9.240083948002e+07,1.006204061826e+06,1.006204061826e+06,1.040174679736e+05
4.991282876582e-04,1.443998813447e+08,9.239207024463e+07,9.964054557347e+05,9.964054557347e+05,1.039934608808e+05
4.994326341750e-04,1.443993194830e+08,9.239130979276e+07,1.004453859132e+06,1.004453859132e+06,1.039900308404e+05
4.997369806919e-04,1.444038659397e+08,9.239562081299e+07,1.009588840281e+06,1.009588840281e+06,1.039986312375e+05
5.000413272088e-04,1.444072785938e+08,9.239878314701e+07,1.008460384269e+06,1.008460384269e+06,1.040062484660e+05
5.003456737256e-04,1.444125401400e+08,9.240377824371e+07,1.010341521986e+06,1.010341521986e+06,1.040189932564e+05
5.006500202425e-04,1.444032381239e+08,9.239427941226e+07,9.957051766671e+05,9.957051766671e+05,1.039951179088e+05
5.009543667594e-04,1.444028420376e+08,9.239368442959e+07,1.004649603473e+06,1.004649603473e+06,1.039931540450e+05
5.012587132762e-04,1.444083615840e+08,9.239896811246e+07,1.010597833877e+06,1.010597833877e+06,1.040074067868e+05
5.015630597931e-04,1.444124792333e+08,9.240282857272e+07,1.009201620225e+06,1.009201620225e+06,1.040168517609e+05
5.018674063100e-04,1.444105671141e+08,9.240067528130e+07,1.003148656090e+06,1.003148656090e+06,1.040110511772e+05
5.021717528268e-04,1.444092858986e+08,9.239915683493e+07,1.003782726707e+06,1.003782726707e+06,1.040059224643e+05
5.024760993437e-04,1.444080599084e+08,9.239769025099e+07,1.003833630626e+06,1.003833630626e+06,1.040010354384e+05
5.027804458606e-04,1.444014545754e+08,9.239086570940e+07,9.984088542048e+05,9.984088542048e+05,1.039838081311e+05
5.030847923774e-04,1.444017468914e+08,9.239091071438e+07,1.005325772922e+06,1.005325772922e+06,1.039845402203e+05
5.033891388943e-04,1.443974206540e+08,9.238633758980e+07,1.000665747481e+06,1.000665747481e+06,1.039734117636e+05
5.036934854112e-04,1.443920360986e+08,9.238070940585e+07,9.995767208901e+05,9.995767208901e+05,1.039580349978e+05
5.039978319280e-04,1.443957498893e+08,9.238412954593e+07,1.008712001706e+06,1.008712001706e+06,1.039671305534e+05
5.043021784449e-04,1.443950421653e+08,9.238311583874e+07,1.004264615809e+06,1.004264615809e+06,1.039639128537e+05
5.046065249617e-04,1.443938445823e+08,9.238160560382e+07,1.003771503599e+06,1.003771503599e+06,1.039595644623e+05
5.049108714786e-04,1.443913720480e+08,9.237882134475e+07,1.002485947465e+06,1.002485947465e+06,1.039509620504e+05
5.052152179955e-04,1.443896533653e+08,9.237678719027e+07,1.003238832704e+06,1.003238832704e+06,1.039456366352e+05
5.055195645123e-04,1.443815309300e+08,9.236838335982e+07,9.967825753435e+05,9.967825753435e+05,1.039240620709e+05
5.058239110292e-04,1.443843142251e+08,9.237085335519e+07,1.007734452313e+06,1.007734452313e+06,1.039315660823e+05
5.061282575461e-04,1.443768817079e+08,9.236314643750e+07,9.974469176717e+05,9.974469176717e+05,1.039096351112e+05
5.064326040629e-04,1.443735160552e+08,9.235951981730e+07,1.001516006991e+06,1.001516006991e+06,1.039021212796e+05
5.067369505798e-04,1.443756097081e+08,9.236133895094e+07,1.006995164702e+06,1.006995164702e+06,1.039061946129e+05
5.070412970967e-04,1.443704523553e+08,9.235594627826e+07,9.996961621233e+05,9.996961621233e+05,1.038935122918e+05
5.073456436135e-04,1.443673711487e+08,9.235265310395e+07,1.001769736197e+06,1.001769736197e+06,1.038852418806e+05
5.076499901304e-04,1.443746474708e+08,9.235968307742e+07,1.012188809880e+06,1.012188809880e+06,1.039045411634e+05
5.079543366473e-04,1.443728840900e+08,9.235770398315e+07,1.003113361486e+06,1.003113361486e+06,1.038993933915e+05
5.082586831641e-04,1.443721090811e+08,9.235673442688e+07,1.004112931296e+06,1.004112931296e+06,1.038953942642e+05
5.085630296810e-04,1.443699538219e+08,9.235440999579e+07,1.002725381076e+06,1.002725381076e+06,1.038894028394e+05
5.088673761979e-04,1.443751581626e+08,9.235942565845e+07,1.010131547762e+06,1.010131547762e+06,1.039037810924e+05
5.091717227147e-04,1.443676830579e+08,9.235181951840e+07,9.973804910498e+05,9.973804910498e+05,1.038843255855e+05
5.094760692316e-04,1.443606610470e+08,9.234470555681e+07,9.978127816833e+05,9.978127816833e+05,1.038651768548e+05
5.097804157485e-04,1.443570446004e+08,9.234100467196e+07,1.001210425532e+06,1.001210425532e+06,1.038554452352e+05
5.100847622653e-04,1.443535717714e+08,9.233745195239e+07,1.001329795012e+06,1.001329795012e+06,1.038456414495e+05
5.103891087822e-04,1.443570589242e+08,9.234082607906e+07,1.008318152859e+06,1.008318152859e+06,1.038558707991e+05
5.106934552990e-04,1.443558872810e+08,9.233954565598e+07,1.003632987955e+06,1.003632987955e+06,1.038535145785e+05
5.109978018159e-04,1.443572018621e+08,9.234074121190e+07,1.006136288372e+06,1.006136288372e+06,1.038583846814e+05
5.113021483328e-04,1.443554082539e+08,9.233883442385e+07,1.003013353049e+06,1.003013353049e+06,1.038526581442e+05
5.116064948496e-04,1.443441737038e+08,9.232753604709e+07,9.935020405140e+05,9.935020405140e+05,1.038230024040e+05
5.119108413665e-04,1.443505412289e+08,9.233377204732e+07,1.011183476155e+06,1.011183476155e+06,1.038394894220e+05
5.122151878834e-04,1.443424541343e+08,9.232557929483e+07,9.966343252658e+05,9.966343252658e+05,1.038184274507e+05
5.125195344002e-04,1.443464582235e+08,9.232942853357e+07,1.008777949165e+06,1.008777949165e+06,1.038285557395e+05
5.128238809171e-04,1.443450033705e+08,9.232781435013e+07,1.003285516935e+06,1.003285516935e+06,1.038255684688e+05
5.131282274340e-04,1.443479069511e+08,9.233053437460e+07,1.007668785574e+06,1.007668785574e+06,1.038329876491e+05
5.134325739508e-04,1.443508332455e+08,9.233326301006e+07,1.007700943891e+06,1.007700943891e+06,1.038400032743e+05
5.137369204677e-04,1.443440512732e+08,9.232632918147e+07,9.979363548746e+05,9.979363548746e+05,1.038220483439e+05
5.140412669846e-04,1.443453652629e+08,9.232748013561e+07,1.006065015080e+06,1.006065015080e+06,1.038245026637e+05
5.143456135014e-04,1.443430157753e+08,9.232497884783e+07,1.002372585424e+06,1.002372585424e+06,1.038187979407e+05
5.146499600183e-04,1.443425714180e+08,9.232438186111e+07,1.004276451865e+06,1.004276451865e+06,1.038181330052e+05
5.149543065352e-04,1.443360365714e+08,9.231772747537e+07,9.981335695141e+05,9.981335695141e+05,1.038005094922e+05
5.152586530520e-04,1.443313531486e+08,9.231293831581e+07,9.999679193979e+05,9.999679193979e+05,1.037882247490e+05
5.155629995689e-04,1.443327991486e+08,9.231425480795e+07,1.006113185817e+06,1.006113185817e+06,1.037921901105e+05
5.158673460857e-04,1.443360559041e+08,9.231735669979e+07,1.007931904015e+06,1.007931904015e+06,1.038000285104e+05
5.161716926026e-04,1.443379896495e+08,9.231912626391e+07,1.006611083424e+06,1.006611083424e+06,1.038059699565e+05
5.164760391195e-04,1.443320928181e+08,9.231309881921e+07,9.987396864233e+05,9.987396864233e+05,1.037911925649e+05
5.167803856363e-04,1.443451474486e+08,9.232594096801e+07,1.017811859950e+06,1.017811859950e+06,1.038279553510e+05
5.170847321532e-04,1.443379221972e+08,9.231855168580e+07,9.974372357348e+05,9.974372357348e+05,1.038083314945e+05
5.173890786701e-04,1.443425813537e+08,9.232301461081e+07,1.009395171000e+06,1.009395171000e+06,1.038212090883e+05
5.176934251869e-04,1.443448472957e+08,9.232507220801e+07,1.007004709329e+06,1.007004709329e+06,1.038275986861e+05
5.179977717038e-04,1.443434108647e+08,9.232344008529e+07,1.003290833673e+06,1.003290833673e+06,1.038255316681e+05
5.183021182207e-04,1.443413131051e+08,9.232115716272e+07,1.002625917339e+06,1.002625917339e+06,1.038195908011e+05
5.186064647375e-04,1.443418491807e+08,9.232150050023e+07,1.005273210161e+06,1.005273210161e+06,1.038225670582e+05
5.189108112544e-04,1.443355711738e+08,9.231506032797e+07,9.984106738098e+05,9.984106738098e+05,1.038060924993e+05
5.192151577713e-04,1.443322135305e+08,9.231154452460e+07,1.001325888383e+06,1.001325888383e+06,1.037958810845e+05
5.195195042881e-04,1.443409673084e+08,9.232007597301e+07,1.013503795536e+06,1.013503795536e+06,1.038185712890e+05
5.198238508050e-04,1.443376887208e+08,9.231659641612e+07,1.001413685608e+06,1.001413685608e+06,1.038096736766e+05
5.201281973219e-04,1.443437420691e+08,9.232241546529e+07,1.010807849412e+06,1.010807849412e+06,1.038266514408e+05
5.204325438387e-04,1.443396557231e+08,9.231812462164e+07,1.000622897277e+06,1.000622897277e+06,1.038163803485e+05
5.207368903556e-04,1.443357470967e+08,9.231403079860e+07,1.000795194990e+06,1.000795194990e+06,1.038087457851e+05
5.210412368724e-04,1.443319684794e+08,9.231007633334e+07,1.000909025924e+06,1.000909025924e+06,1.037994996214e+05
5.213455833893e-04,1.443304793569e+08,9.230840401819e+07,1.003192772063e+06,1.003192772063e+06,1.037965712130e+05
5.216499299062e-04,1.443345448885e+08,9.231225281535e+07,1.008771637909e+06,1.008771637909e+06,1.038089281797e+05
5.219542764230e-04,1.443384578073e+08,9.231592910799e+07,1.008627498713e+06,1.008627498713e+06,1.038185276951e+05
5.222586229399e-04,1.443339586361e+08,9.231122953817e+07,1.000174573047e+06,1.000174573047e+06,1.038074694388e+05
5.225629694568e-04,1.443325693029e+08,9.230964978457e+07,1.003298059738e+06,1.003298059738e+06,1.038043647331e+05
5.228673159736e-04,1.443345569143e+08,9.231143646199e+07,1.006693330900e+06,1.006693330900e+06,1.038102265712e+05
5.231716624905e-04,1.443397141426e+08,9.231636995226e+07,1.009892810602e+06,1.009892810602e+06,1.038248850927e+05
5.234760090074e-04,1.443453503272e+08,9.232176819454e+07,1.010398112619e+06,1.010398112619e+06,1.038412584163e+05
5.237803555242e-04,1.443475903375e+08,9.232378277644e+07,1.007007267144e+06,1.007007267144e+06,1.038470697257e+05
5.240847020411e-04,1.443477532515e+08,9.232374137709e+07,1.004937750120e+06,1.004937750120e+06,1.038480348337e+05
5.243890485580e-04,1.443550879900e+08,9.233084889029e+07,1.012171273509e+06,1.012171273509e+06,1.038694154302e+05
5.246933950748e-04,1.443586348332e+08,9.233417328306e+07,1.008389837651e+06,1.008389837651e+06,1.038802893419e+05
5.249977415917e-04,1.443675485673e+08,9.234283921819e+07,1.013822061231e+06,1.013822061231e+06,1.039061790431e+05
5.253020881086e-04,1.443680851025e+08,9.234315573504e+07,1.005429650499e+06,1.005429650499e+06,1.039068364560e+05
5.256064346254e-04,1.443639666215e+08,9.233886064514e+07,1.000759970711e+06,1.000759970711e+06,1.038960064146e+05
5.259107811423e-04,1.443624088191e+08,9.233713983624e+07,1.003331384554e+06,1.003331384554e+06,1.038929390421e+05
5.262151276591e-04,1.443644301802e+08,9.233898612136e+07,1.006926228977e+06,1.006926228977e+06,1.038982097281e+05
5.265194741760e-04,1.443619066749e+08,9.233630376711e+07,1.002350382899e+06,1.002350382899e+06,1.038912027125e+05
5.268238206929e-04,1.443626730943e+08,9.233690523528e+07,1.005653486633e+06,1.005653486633e+06,1.038933052357e+05
5.271281672097e-04,1.443635269009e+08,9.233759194284e+07,1.005740494395e+06,1.005740494395e+06,1.038970239566e+05
5.274325137266e-04,1.443592384577e+08,9.233316448467e+07,1.000561601116e+06,1.000561601116e+06,1.038843171041e+05
5.277368602435e-04,1.443674260713e+08,9.234116807127e+07,1.013108858803e+06,1.013108858803e+06,1.039065233760e+05
5.280412067603e-04,1.443749352118e+08,9.234846865232e+07,1.012452284889e+06,1.012452284889e+06,1.039265623554e+05
5.283455532772e-04,1.443641579209e+08,9.233757006103e+07,9.940699537595e+05,9.940699537595e+05,1.038980579890e+05
5.286498997941e-04,1.443582799222e+08,9.233160513796e+07,9.989712769417e+05,9.989712769417e+05,1.038802819410e+05
5.289542463109e-04,1.443688946766e+08,9.234206793468e+07,1.015547246989e+06,1.015547246989e+06,1.039096176547e+05
5.292585928278e-04,1.443704142836e+08,9.234344215226e+07,1.006411217433e+06,1.006411217433e+06,1.039145165593e+05
5.295629393447e-04,1.443825039438e+08,9.235533789986e+07,1.017064840143e+06,1.017064840143e+06,1.039476761327e+05
5.298672858615e-04,1.443805768409e+08,9.235325857462e+07,1.002999583957e+06,1.002999583957e+06,1.039416766630e+05
5.301716323784e-04,1.443831112423e+08,9.235564472185e+07,1.007502074750e+06,1.007502074750e+06,1.039489816610e+05
5.304759788953e-04,1.443793398189e+08,9.235175647901e+07,1.001167349652e+06,1.001167349652e+06,1.039391590167e+05
5.307803254121e-04,1.443846019895e+08,9.235687221067e+07,1.010252772245e+06,1.010252772245e+06,1.039525368820e+05
5.310846719290e-04,1.443875640971e+08,9.235967956048e+07,1.007951023996e+06,1.007951023996e+06,1.039600812627e+05
5.313890184458e-04,1.443862984655e+08,9.235827909871e+07,1.003707484367e+06,1.003707484367e+06,1.039566393710e+05
5.316933649627e-04,1.443852890424e+08,9.235714936385e+07,1.003967394915e+06,1.003967394915e+06,1.039533752876e+05
5.319977114796e-04,1.443867649436e+08,9.235850485478e+07,1.006469266902e+06,1.006469266902e+06,1.039572453668e+05
5.323020579964e-04,1.443821403768e+08,9.235379607298e+07,1.000333097445e+06,1.000333097445e+06,1.039451707377e+05
5.326064045133e-04,1.443759349025e+08,9.234754477920e+07,9.987260071677e+05,9.987260071677e+05,1.039288608925e+05
5.329107510302e-04,1.443766696479e+08,9.234822676286e+07,1.005689885307e+06,1.005689885307e+06,1.039304045842e+05
5.332150975470e-04,1.443739311700e+08,9.234545678178e+07,1.002188536957e+06,1.002188536957e+06,1.039233966020e+05
5.335194440639e-04,1.443756269026e+08,9.234712083839e+07,1.006644383312e+06,1.006644383312e+06,1.039280200587e+05
5.338237905808e-04,1.443867218427e+08,9.235814273115e+07,1.016119223235e+06,1.016119223235e+06,1.039585803020e+05
5.341281370976e-04,1.443922210587e+08,9.236357945431e+07,1.010535559213e+06,1.010535559213e+06,1.039741298651e+05
5.344324836145e-04,1.443914043424e+08,9.236274740124e+07,1.004218612550e+06,1.004218612550e+06,1.039716159713e+05
5.347368301314e-04,1.443897141800e+08,9.236107880959e+07,1.003357605738e+06,1.003357605738e+06,1.039664184603e+05
5.350411766482e-04,1.443853559627e+08,9.235677817049e+07,1.000673344795e+06,1.000673344795e+06,1.039538868264e+05
5.353455231651e-04,1.443858985896e+08,9.235737184618e+07,1.005592237410e+06,1.005592237410e+06,1.039544362598e+05
5.356498696820e-04,1.443828144330e+08,9.235434939908e+07,1.001935700113e+06,1.001935700113e+06,1.039461081096e+05
5.359542161988e-04,1.443740104108e+08,9.234564320626e+07,9.961592431757e+05,9.961592431757e+05,1.039215791806e+05
5.362585627157e-04,1.443745389662e+08,9.234624279286e+07,1.005521100596e+06,1.005521100596e+06,1.039229458684e+05
5.365629092325e-04,1.443666756146e+08,9.233847969508e+07,9.970610435639e+05,9.970610435639e+05,1.039032509086e+05
5.368672557494e-04,1.443693307627e+08,9.234120306353e+07,1.007623888032e+06,1.007623888032e+06,1.039129064516e+05
5.371716022663e-04,1.443684437341e+08,9.234038621328e+07,1.004060092979e+06,1.004060092979e+06,1.039098868347e+05
5.374759487831e-04,1.443630766719e+08,9.233512089307e+07,9.995490608200e+05,9.995490608200e+05,1.038955134230e+05
5.377802953000e-04,1.443596928857e+08,9.233185549333e+07,1.001526908349e+06,1.001526908349e+06,1.038859269270e+05
5.380846418169e-04,1.443588394738e+08,9.233111940537e+07,1.004060491849e+06,1.004060491849e+06,1.038832049794e+05
5.383889883337e-04,1.443540539518e+08,9.232647522356e+07,1.000094764816e+06,1.000094764816e+06,1.038726765107e+05
5.386933348506e-04,1.443548437220e+08,9.232739478941e+07,1.005693577737e+06,1.005693577737e+06,1.038767695983e+05
5.389976813675e-04,1.443599797518e+08,9.233263238996e+07,1.010071650710e+06,1.010071650710e+06,1.038903643120e+05
5.393020278843e-04,1.443584635645e+08,9.233123849584e+07,1.003395156786e+06,1.003395156786e+06,1.038864618162e+05
5.396063744012e-04,1.443536749754e+08,9.232660596388e+07,1.000106417641e+06,1.000106417641e+06,1.038740459615e+05
5.399107209181e-04,1.443509604283e+08,9.232405927149e+07,1.002183469392e+06,1.002183469392e+06,1.038661190348e+05
5.402150674349e-04,1.436423575879e+08,9.161941064334e+07,2.912310713974e+05,2.912310713974e+05,1.019844588473e+05
5.405194139518e-04,1.426473981287e+08,9.063244949117e+07,0.000000000000e+00,0.000000000000e+00,9.936950923938e+04
5.408237604687e-04,1.416572703446e+08,8.965289461736e+07,0.000000000000e+00,0.000000000000e+00,9.680081915799e+04
5.411281069855e-04,1.406727795875e+08,8.868068061097e+07,0.000000000000e+00,0.000000000000e+00,9.428005858900e+04
5.414324535024e-04,1.396942156549e+08,8.771575164309e+07,0.000000000000e+00,0.000000000000e+00,9.180810789508e+04
5.417368000192e-04,1.387215367073e+08,8.675805306645e+07,0.000000000000e+00,0.000000000000e+00,8.938507549815e+04
5.420411465361e-04,1.377545543607e+08,8.580753065173e+07,0.000000000000e+00,0.000000000000e+00,8.701046641397e+04
5.423454930530e-04,1.367930667646e+08,8.486413099449e+07,0.000000000000e+00,0.000000000000e+00,8.468345064741e+04
5.426498395698e-04,1.358369250711e+08,8.392780168459e+07,0.000000000000e+00,0.000000000000e+00,8.240309992112e+04
5.429541860867e-04,1.348860456445e+08,8.299849127268e+07,0.000000000000e+00,0.000000000000e+00,8.016853477159e+04
5.432585326036e-04,1.339403915965e+08,8.207614921975e+07,0.000000000000e+00,0.000000000000e+00,7.797897989754e+04
5.435628791204e-04,1.329999458524e+08,8.116072591807e+07,0.000000000000e+00,0.000000000000e+00,7.583375574730e+04
5.438672256373e-04,1.320646899344e+08,8.025217270752e+07,0.000000000000e+00,0.000000000000e+00,7.373224175885e+04
5.441715721542e-04,1.311345936407e+08,7.935044175282e+07,0.000000000000e+00,0.000000000000e+00,7.167383891521e+04
5.444759186710e-04,1.302096142972e+08,7.845548574685e+07,0.000000000000e+00,0.000000000000e+00,6.965794577625e+04
5.447802651879e-04,1.292897013331e+08,7.756725754039e+07,0.000000000000e+00,0.000000000000e+00,6.768395019296e+04
5.450846117048e-04,1.283748019473e+08,7.668570981805e+07,0.000000000000e+00,0.000000000000e+00,6.575123205548e+04
5.453889582216e-04,1.274648652018e+08,7.581079486739e+07,0.000000000000e+00,0.000000000000e+00,6.385917073089e+04
5.456933047385e-04,1.265598437091e+08,7.494246446501e+07,0.000000000000e+00,0.000000000000e+00,6.200715226479e+04
5.459976512554e-04,1.256596933779e+08,7.408066998849e+07,0.000000000000e+00,0.000000000000e+00,6.019457377434e+04
5.463019977722e-04,1.247643722062e+08,7.322536291629e+07,0.000000000000e+00,0.000000000000e+00,5.842084453957e+04
5.466063442891e-04,1.238738390293e+08,7.237649572052e+07,0.000000000000e+00,0.000000000000e+00,5.668538471541e+04
5.469106908059e-04,1.229880527383e+08,7.153402284609e+07,0.000000000000e+00,0.000000000000e+00,5.498762316575e+04
5.472150373228e-04,1.221069720735e+08,7.069790128474e+07,0.000000000000e+00,0.000000000000e+00,5.332699563879e+04
5.475193838397e-04,1.212305558329e+08,6.986809042434e+07,0.000000000000e+00,0.000000000000e+00,5.170294377629e+04
5.478237303565e-04,1.203587632466e+08,6.904455127991e+07,0.000000000000e+00,0.000000000000e+00,5.011491491599e+04
5.481280768734e-04,1.194915543088e+08,6.822724555791e+07,0.000000000000e+00,0.000000000000e+00,4.856236247006e+04
5.484324233903e-04,1.186288899649e+08,6.741613498245e+07,0.000000000000e+00,0.000000000000e+00,4.704474655052e+04
5.487367699071e-04,1.177707321425e+08,6.661118099272e+07,0.000000000000e+00,0.000000000000e+00,4.556153437522e+04
5.490411164240e-04,1.169170436757e+08,6.581234462473e+07,0.000000000000e+00,0.000000000000e+00,4.411220012573e+04
5.493454629409e-04,1.160677881847e+08,6.501958638266e+07,0.000000000000e+00,0.000000000000e+00,4.269622437099e+04
5.496498094577e-04,1.152229299580e+08,6.423286613371e+07,0.000000000000e+00,0.000000000000e+00,4.131309349147e+04
5.499541559746e-04,1.143824338631e+08,6.345214323071e+07,0.000000000000e+00,0.000000000000e+00,3.996229942347e+04
5.502585024915e-04,1.135462652834e+08,6.267737698985e+07,0.000000000000e+00,0.000000000000e+00,3.864333970750e+04
5.505628490083e-04,1.127143900756e+08,6.190852738698e+07,0.000000000000e+00,0.000000000000e+00,3.735571763427e+04
5.508671955252e-04,1.118867745362e+08,6.114555565201e+07,0.000000000000e+00,0.000000000000e+00,3.609894233174e+04
5.511715420421e-04,1.110633853689e+08,6.038842449748e+07,0.000000000000e+00,0.000000000000e+00,3.487252877744e+04
5.514758885589e-04,1.102441896548e+08,5.963709795266e+07,0.000000000000e+00,0.000000000000e+00,3.367599779109e+04
5.517802350758e-04,1.094291548262e+08,5.889154097668e+07,0.000000000000e+00,0.000000000000e+00,3.250887602092e+04
5.520845815927e-04,1.086182486508e+08,5.815171907491e+07,0.000000000000e+00,0.000000000000e+00,3.137069586661e+04
5.523889281095e-04,1.078114392274e+08,5.741759808765e+07,0.000000000000e+00,0.000000000000e+00,3.026099528199e+04
5.526932746264e-04,1.070086949982e+08,5.668914423565e+07,0.000000000000e+00,0.000000000000e+00,2.917931748206e+04
5.529976211432e-04,1.062099847726e+08,5.596632439786e+07,0.000000000000e+00,0.000000000000e+00,2.812521065530e+04
5.533019676601e-04,1.054152777623e+08,5.524910647166e+07,0.000000000000e+00,0.000000000000e+00,2.709822777779e+04
5.536063141770e-04,1.046245436227e+08,5.453745959837e+07,0.000000000000e+00,0.000000000000e+00,2.609792654297e+04
5.539106606938e-04,1.038377524953e+08,5.383135409630e+07,0.000000000000e+00,0.000000000000e+00,2.512386933585e+04
5.542150072107e-04,1.030548750493e+08,5.313076108507e+07,0.000000000000e+00,0.000000000000e+00,2.417562318292e+04
5.545193537276e-04,1.022758825169e+08,5.243565191728e+07,0.000000000000e+00,0.000000000000e+00,2.325275969575e+04
5.548237002444e-04,1.015007467198e+08,5.174599760727e+07,0.000000000000e+00,0.000000000000e+00,2.235485507864e+04
5.551280467613e-04,1.007294400858e+08,5.106176846519e+07,0.000000000000e+00,0.000000000000e+00,2.148149018076e+04
5.554323932782e-04,9.996193565294e+07,5.038293409540e+07,0.000000000000e+00,0.000000000000e+00,2.063225045674e+04
5.557367397950e-04,9.919820706063e+07,4.970946378565e+07,0.000000000000e+00,0.000000000000e+00,1.980672576455e+04
5.560410863119e-04,9.843822853143e+07,4.904132714106e+07,0.000000000000e+00,0.000000000000e+00,1.900451011691e+04
5.563454328288e-04,9.768197483865e+07,4.837849470958e+07,0.000000000000e+00,0.000000000000e+00,1.822520153311e+04
5.566497793456e-04,9.692942127052e+07,4.772093836846e+07,0.000000000000e+00,0.000000000000e+00,1.746840196917e+04
5.569541258625e-04,9.618054358512e+07,4.706863136016e+07,0.000000000000e+00,0.000000000000e+00,1.673371722523e+04
5.572584723794e-04,9.543531796661e+07,4.642154799937e+07,0.000000000000e+00,0.000000000000e+00,1.602075687481e+04
5.575628188962e-04,9.469372098162e+07,4.577966318239e+07,0.000000000000e+00,0.000000000000e+00,1.532913437185e+04
5.578671654131e-04,9.395572954107e+07,4.514295190427e+07,0.000000000000e+00,0.000000000000e+00,1.465846731989e+04
5.581715119299e-04,9.322132086902e+07,4.451138897802e+07,0.000000000000e+00,0.000000000000e+00,1.400837760798e+04
5.584758584468e-04,9.249047248203e+07,4.388494902437e+07,0.000000000000e+00,0.000000000000e+00,1.337849112715e+04
5.587802049637e-04,9.176316217775e+07,4.326360663653e+07,0.000000000000e+00,0.000000000000e+00,1.276843715558e+04
5.590845514805e-04,9.103936803521e+07,4.264733657117e+07,0.000000000000e+00,0.000000000000e+00,1.217784785211e+04
5.593888979974e-04,9.031906842175e+07,4.203611390269e+07,0.000000000000e+00,0.000000000000e+00,1.160635821440e+04
5.596932445143e-04,8.960224200815e+07,4.142991417036e+07,0.000000000000e+00,0.000000000000e+00,1.105360642068e+04
5.599975910311e-04,8.888886778431e+07,4.082871352445e+07,0.000000000000e+00,0.000000000000e+00,1.051923414797e+04
5.603019375480e-04,8.817892507880e+07,4.023248878411e+07,0.000000000000e+00,0.000000000000e+00,1.000288656278e+04
5.606062840649e-04,8.747239357498e+07,3.964121731183e+07,0.000000000000e+00,0.000000000000e+00,9.504212032649e+03
5.609106305817e-04,8.676925332531e+07,3.905487675821e+07,0.000000000000e+00,0.000000000000e+00,9.022861823091e+03
5.612149770986e-04,8.606948475983e+07,3.847344490185e+07,0.000000000000e+00,0.000000000000e+00,8.558489975808e+03
5.615193236155e-04,8.537306869000e+07,3.789689979316e+07,0.000000000000e+00,0.000000000000e+00,8.110753351642e+03
5.618236701323e-04,8.467998630676e+07,3.732522014828e+07,0.000000000000e+00,0.000000000000e+00,7.679311669727e+03
5.621280166492e-04,8.399021917424e+07,3.675838566383e+07,0.000000000000e+00,0.000000000000e+00,7.263827382824e+03
5.624323631661e-04,8.330374922147e+07,3.619637694577e+07,0.000000000000e+00,0.000000000000e+00,6.863965400889e+03
5.627367096829e-04,8.262055873155e+07,3.563917508952e+07,0.000000000000e+00,0.000000000000e+00,6.479392885833e+03
5.630410561998e-04,8.194063033238e+07,3.508676126255e+07,0.000000000000e+00,0.000000000000e+00,6.109779357160e+03
5.633454027166e-04,8.126394698654e+07,3.453911658758e+07,0.000000000000e+00,0.000000000000e+00,5.754797075709e+03
5.636497492335e-04,8.059049198499e+07,3.399622227686e+07,0.000000000000e+00,0.000000000000e+00,5.414121347987e+03
5.639540957504e-04,7.992024894087e+07,3.345805971818e+07,0.000000000000e+00,0.000000000000e+00,5.087430389798e+03
5.642584422672e-04,7.925320178879e+07,3.292461031322e+07,0.000000000000e+00,0.000000000000e+00,4.774404774212e+03
5.645627887841e-04,7.858933478377e+07,3.239585517385e+07,0.000000000000e+00,0.000000000000e+00,4.474726893323e+03
5.648671353010e-04,7.792863250311e+07,3.187177496265e+07,0.000000000000e+00,0.000000000000e+00,4.188080866880e+03
5.651714818178e-04,7.727107984626e+07,3.135235007809e+07,0.000000000000e+00,0.000000000000e+00,3.914152920749e+03
5.654758283347e-04,7.661666203468e+07,3.083756115223e+07,0.000000000000e+00,0.000000000000e+00,3.652631853808e+03
5.657801748516e-04,7.596536460891e+07,3.032738964412e+07,0.000000000000e+00,0.000000000000e+00,3.403209196556e+03
5.660845213684e-04,7.531717342609e+07,2.982181826185e+07,0.000000000000e+00,0.000000000000e+00,3.165578989907e+03
5.663888678853e-04,7.467207465458e+07,2.932083101910e+07,0.000000000000e+00,0.000000000000e+00,2.939437401457e+03
5.666932144022e-04,7.403005477020e+07,2.882441289255e+07,0.000000000000e+00,0.000000000000e+00,2.724482399522e+03
5.669975609190e-04,7.339110055077e+07,2.833254923871e+07,0.000000000000e+00,0.000000000000e+00,2.520413532644e+03
5.673019074359e-04,7.275519907256e+07,2.784522525183e+07,0.000000000000e+00,0.000000000000e+00,2.326931765294e+03
5.676062539528e-04,7.212233770681e+07,2.736242571381e+07,0.000000000000e+00,0.000000000000e+00,2.143739368333e+03
5.679106004696e-04,7.149250411846e+07,2.688413511725e+07,0.000000000000e+00,0.000000000000e+00,1.970539921920e+03
5.682149469865e-04,7.086568626464e+07,2.641033805027e+07,0.000000000000e+00,0.000000000000e+00,1.807038442948e+03
5.685192935033e-04,7.024187239522e+07,2.594101963824e+07,0.000000000000e+00,0.000000000000e+00,1.652941544646e+03
5.688236400202e-04,6.962105105175e+07,2.547616587781e+07,0.000000000000e+00,0.000000000000e+00,1.507957500468e+03
5.691279865371e-04,6.900321106778e+07,2.501576380529e+07,0.000000000000e+00,0.000000000000e+00,1.371796174131e+03
5.694323330539e-04,6.838834156615e+07,2.455980151044e+07,0.000000000000e+00,0.000000000000e+00,1.244168907357e+03
5.697366795708e-04,6.777643195669e+07,2.410826800428e+07,0.000000000000e+00,0.000000000000e+00,1.124788486186e+03
5.700410260877e-04,6.716747193000e+07,2.366115293648e+07,0.000000000000e+00,0.000000000000e+00,1.013369197846e+03
5.703453726045e-04,6.656145145226e+07,2.321844619231e+07,0.000000000000e+00,0.000000000000e+00,9.096268659543e+02
5.706497191214e-04,6.595836075679e+07,2.278013745162e+07,0.000000000000e+00,0.000000000000e+00,8.132787546069e+02
5.709540656383e-04,6.535819033953e+07,2.234621581369e+07,0.000000000000e+00,0.000000000000e+00,7.240433509700e+02
5.712584121551e-04,6.476093095298e+07,2.191666959262e+07,0.000000000000e+00,0.000000000000e+00,6.416401342686e+02
5.715627586720e-04,6.416657360718e+07,2.149148639317e+07,0.000000000000e+00,0.000000000000e+00,5.657894315557e+02
5.718671051889e-04,6.357510957140e+07,2.107065354241e+07,0.000000000000e+00,0.000000000000e+00,4.962123846125e+02
5.721714517057e-04,6.298653038417e+07,2.065415880463e+07,0.000000000000e+00,0.000000000000e+00,4.326309813541e+02
5.724757982226e-04,6.240082786488e+07,2.024199109376e+07,0.000000000000e+00,0.000000000000e+00,3.747680791502e+02
5.727801447395e-04,6.181799413337e+07,1.983414080392e+07,0.000000000000e+00,0.000000000000e+00,3.223473884411e+02
5.730844912563e-04,6.123802162933e+07,1.943059955068e+07,0.000000000000e+00,0.000000000000e+00,2.750934766420e+02
5.733888377732e-04,6.066090313645e+07,1.903135948198e+07,0.000000000000e+00,0.000000000000e+00,2.327318944824e+02
5.736931842900e-04,6.008663180235e+07,1.863641260204e+07,0.000000000000e+00,0.000000000000e+00,1.949894203105e+02
5.739975308069e-04,5.951520115876e+07,1.824575052471e+07,0.000000000000e+00,0.000000000000e+00,1.615942352622e+02
5.743018773238e-04,5.894660513339e+07,1.785936476012e+07,0.000000000000e+00,0.000000000000e+00,1.322758049904e+02
5.746062238406e-04,5.838083805880e+07,1.747724728598e+07,0.000000000000e+00,0.000000000000e+00,1.067644515031e+02
5.749105703575e-04,5.781789467080e+07,1.709939100100e+07,0.000000000000e+00,0.000000000000e+00,8.479086538756e+01
5.752149168744e-04,5.725777010222e+07,1.672578976986e+07,0.000000000000e+00,0.000000000000e+00,6.608586194993e+01
5.755192633912e-04,5.670045986603e+07,1.635643804122e+07,0.000000000000e+00,0.000000000000e+00,5.038047906149e+01
5.758236099081e-04,5.614595983537e+07,1.599133027179e+07,0.000000000000e+00,0.000000000000e+00,3.740626082842e+01
5.761279564250e-04,5.559426621628e+07,1.563046046414e+07,0.000000000000e+00,0.000000000000e+00,2.689548903857e+01
5.764323029418e-04,5.504537552187e+07,1.527382200695e+07,0.000000000000e+00,0.000000000000e+00,1.858124477044e+01
5.767366494587e-04,5.449928454449e+07,1.492140782429e+07,0.000000000000e+00,0.000000000000e+00,1.219737880320e+01
5.770409959756e-04,5.395599033414e+07,1.457321074442e+07,0.000000000000e+00,0.000000000000e+00,7.478610925662e+00
5.773453424924e-04,5.341549017823e+07,1.422922399357e+07,0.000000000000e+00,0.000000000000e+00,4.161056166467e+00
5.776496890093e-04,5.287778158924e+07,1.388944170569e+07,0.000000000000e+00,0.000000000000e+00,1.983619057816e+00
5.779540355262e-04,5.234286229258e+07,1.355385928904e+07,0.000000000000e+00,0.000000000000e+00,6.910224228888e-01
5.782583820430e-04,5.181073021735e+07,1.322247349022e+07,0.000000000000e+00,0.000000000000e+00,3.958383937160e-02
5.785627285599e-04,5.128138347959e+07,1.289528211013e+07,0.000000000000e+00,0.000000000000e+00,-1.933451330921e-01
5.788670750767e-04,5.075482035791e+07,1.257228348539e+07,0.000000000000e+00,0.000000000000e+00,-1.967481845822e-01
5.791714215936e-04,5.023103925476e+07,1.225347593138e+07,0.000000000000e+00,0.000000000000e+00,-1.131183861679e-01
5.794757681105e-04,4.971003865099e+07,1.193885730239e+07,0.000000000000e+00,0.000000000000e+00,-3.073283977255e-02
5.797801146273e-04,4.919181705786e+07,1.162842472145e+07,0.000000000000e+00,0.000000000000e+00,1.384331299703e-02
5.800844611442e-04,4.867637298145e+07,1.132217445770e+07,0.000000000000e+00,0.000000000000e+00,2.181650048557e-02
5.803888076611e-04,4.816370490130e+07,1.102010192857e+07,0.000000000000e+00,0.000000000000e+00,1.164249118475e-02
5.806931541779e-04,4.765381126599e+07,1.072220185610e+07,0.000000000000e+00,0.000000000000e+00,7.304492818252e-04
5.809975006948e-04,4.714669049319e+07,1.042846863217e+07,0.000000000000e+00,0.000000000000e+00,-3.493072963362e-03
5.813018472117e-04,4.664234096971e+07,1.013889687038e+07,0.000000000000e+00,0.000000000000e+00,-2.418841234745e-03
5.816061937285e-04,4.614076104478e+07,9.853481956780e+06,0.000000000000e+00,0.000000000000e+00,-2.410454627888e-04
5.819105402454e-04,4.564194902358e+07,9.572220298373e+06,0.000000000000e+00,0.000000000000e+00,6.587607038858e-04
5.822148867623e-04,4.514590316257e+07,9.295109061980e+06,0.000000000000e+00,0.000000000000e+00,4.034993674869e-04
5.825192332791e-04,4.465262167344e+07,9.022145501311e+06,0.000000000000e+00,0.000000000000e+00,-2.220099912990e-05
5.828235797960e-04,4.416210273246e+07,8.753326280202e+06,0.000000000000e+00,0.000000000000e+00,-1.330356149667e-04
5.831279263129e-04,4.367434449568e+07,8.488647245887e+06,0.000000000000e+00,0.000000000000e+00,-4.425966981620e-05
5.834322728297e-04,4.318934511665e+07,8.228103798759e+06,0.000000000000e+00,0.000000000000e+00,2.363237653150e-05
5.837366193466e-04,4.270710276559e+07,7.971691565557e+06,0.000000000000e+00,0.000000000000e+00,2.018169728614e-05
5.840409658634e-04,4.222761564814e+07,7.719406886031e+06,0.000000000000e+00,0.000000000000e+00,-8.799683442412e-07
5.843453123803e-04,4.175088202142e+07,7.471246843476e+06,0.000000000000e+00,0.000000000000e+00,-5.770279830605e-06
5.846496588972e-04,4.127690020578e+07,7.227208985500e+06,0.000000000000e+00,0.000000000000e+00,-1.082035190817e-06
5.849540054140e-04,4.080566859010e+07,6.987291087670e+06,0.000000000000e+00,0.000000000000e+00,1.298562020595e-06
5.852583519309e-04,4.033718563152e+07,6.751491146766e+06,0.000000000000e+00,0.000000000000e+00,5.092272887975e-07
5.855626984478e-04,3.987144984806e+07,6.519807486344e+06,0.000000000000e+00,0.000000000000e+00,-2.486762232573e-07
5.858670449646e-04,3.940845980693e+07,6.292238754364e+06,0.000000000000e+00,0.000000000000e+00,-1.585775440077e-07
5.861713914815e-04,3.894821410886e+07,6.068783748909e+06,0.000000000000e+00,0.000000000000e+00,4.247308269752e-08
5.864757379984e-04,3.849071137191e+07,5.849441180531e+06,0.000000000000e+00,0.000000000000e+00,4.148608053455e-08
5.867800845152e-04,3.803595021590e+07,5.634209456923e+06,0.000000000000e+00,0.000000000000e+00,-6.838354773744e-09
5.870844310321e-04,3.758392925127e+07,5.423086438003e+06,0.000000000000e+00,0.000000000000e+00,-9.840169547747e-09
5.873887775490e-04,3.713464707240e+07,5.216069095102e+06,0.000000000000e+00,0.000000000000e+00,1.146124358145e-09
5.876931240658e-04,3.668810225885e+07,5.013153179760e+06,0.000000000000e+00,0.000000000000e+00,2.188830709675e-09
5.879974705827e-04,3.624429338222e+07,4.814333159422e+06,0.000000000000e+00,0.000000000000e+00,-2.283053904554e-10
5.883018170996e-04,3.580321902126e+07,4.619602593467e+06,0.000000000000e+00,0.000000000000e+00,-4.628948596823e-10
5.886061636164e-04,3.536487778035e+07,4.428954851086e+06,0.000000000000e+00,0.000000000000e+00,5.605160914579e-11
5.889105101333e-04,3.492926831282e+07,4.242383869051e+06,0.000000000000e+00,0.000000000000e+00,9.312483396547e-11
5.892148566501e-04,3.449638934293e+07,4.059884670324e+06,0.000000000000e+00,0.000000000000e+00,-1.523377498954e-11
5.895192031670e-04,3.406623968719e+07,3.881453514233e+06,0.000000000000e+00,0.000000000000e+00,-1.764958024235e-11
5.898235496839e-04,3.363881826882e+07,3.707087663217e+06,0.000000000000e+00,0.000000000000e+00,4.094139445640e-12
5.901278962007e-04,3.321412412679e+07,3.536784844776e+06,0.000000000000e+00,0.000000000000e+00,3.088437449934e-12
5.904322427176e-04,3.279215641405e+07,3.370542652018e+06,0.000000000000e+00,0.000000000000e+00,-1.028661840926e-12
5.907365892345e-04,3.237291438838e+07,3.208358259185e+06,0.000000000000e+00,0.000000000000e+00,-4.810165165072e-13
5.910409357513e-04,3.195639739252e+07,3.050228682319e+06,0.000000000000e+00,0.000000000000e+00,2.362972644430e-13
5.913452822682e-04,3.154260482850e+07,2.896151379281e+06,0.000000000000e+00,0.000000000000e+00,6.155428610774e-14
5.916496287851e-04,3.113153612542e+07,2.746124635934e+06,0.000000000000e+00,0.000000000000e+00,-4.905185865573e-14
5.919539753019e-04,3.072319070657e+07,2.600147315477e+06,0.000000000000e+00,0.000000000000e+00,-4.846254042859e-15
5.922583218188e-04,3.031756795649e+07,2.458218081265e+06,0.000000000000e+00,0.000000000000e+00,9.085981961330e-15
5.925626683357e-04,2.991466719326e+07,2.320334639529e+06,0.000000000000e+00,0.000000000000e+00,-3.894320421006e-16
5.928670148525e-04,2.951448764753e+07,2.186493489550e+06,0.000000000000e+00,0.000000000000e+00,-1.469173706633e-15
5.931713613694e-04,2.911702845086e+07,2.056690220285e+06,0.000000000000e+00,0.000000000000e+00,2.770918358243e-16
5.934757078863e-04,2.872228863420e+07,1.930919999203e+06,0.000000000000e+00,0.000000000000e+00,1.978124560470e-16
5.937800544031e-04,2.833026713638e+07,1.809177871504e+06,0.000000000000e+00,0.000000000000e+00,-7.513137843375e-17
5.940844009200e-04,2.794096282194e+07,1.691458760659e+06,0.000000000000e+00,0.000000000000e+00,-1.935223443269e-17
5.943887474369e-04,2.755437450510e+07,1.577757353935e+06,0.000000000000e+00,0.000000000000e+00,1.490395747695e-17
5.946930939537e-04,2.717050097875e+07,1.468068159663e+06,0.000000000000e+00,0.000000000000e+00,4.782935371839e-19
5.949974404706e-04,2.678934104336e+07,1.362385911674e+06,0.000000000000e+00,0.000000000000e+00,-2.346722705293e-18
5.953017869874e-04,2.641089353469e+07,1.260706259005e+06,0.000000000000e+00,0.000000000000e+00,3.403131485574e-19
5.956061335043e-04,2.603515734578e+07,1.163026431883e+06,0.000000000000e+00,0.000000000000e+00,2.861293786803e-19
5.959104800212e-04,2.566213144296e+07,1.069345453183e+06,0.000000000000e+00,0.000000000000e+00,-1.018583390052e-19
5.962148265380e-04,2.529181487286e+07,9.796635992920e+05,0.000000000000e+00,0.000000000000e+00,-2.230599465323e-20
5.965191730549e-04,2.492420676236e+07,8.939812059045e+05,0.000000000000e+00,0.000000000000e+00,1.868645133062e-20
5.968235195718e-04,2.455930631006e+07,8.122973318460e+05,0.000000000000e+00,0.000000000000e+00,-4.501730129449e-22
5.971278660886e-04,2.419711277294e+07,7.346089125685e+05,0.000000000000e+00,0.000000000000e+00,-2.504596163682e-21
5.974322126055e-04,2.383762544829e+07,6.609107436364e+05,0.000000000000e+00,0.000000000000e+00,5.535014076406e-22
5.977365591224e-04,2.348084365499e+07,5.911961688983e+05,0.000000000000e+00,0.000000000000e+00,2.284652481590e-22
5.980409056392e-04,2.312676671460e+07,5.254580615875e+05,0.000000000000e+00,0.000000000000e+00,-1.193556210433e-22
5.983452521561e-04,2.277539393561e+07,4.636897124618e+05,0.000000000000e+00,0.000000000000e+00,-5.217177684260e-24
5.986495986730e-04,2.242672460098e+07,4.058854227100e+05,0.000000000000e+00,0.000000000000e+00,1.702173778299e-23
5.989539451898e-04,2.208075796020e+07,3.520407390777e+05,0.000000000000e+00,0.000000000000e+00,-2.752799686962e-24
5.992582917067e-04,2.173749322569e+07,3.021523336908e+05,0.000000000000e+00,0.000000000000e+00,-1.660395213508e-24
5.995626382236e-04,2.139692957305e+07,2.562176107240e+05,0.000000000000e+00,0.000000000000e+00,5.679082375156e-25
5.998669847404e-04,2.105906614413e+07,2.142342389865e+05,0.000000000000e+00,0.000000000000e+00,-2.324131049241e-26
6.001713312573e-04,2.072390205211e+07,1.761998627392e+05,0.000000000000e+00,0.000000000000e+00,-1.207209182584e-25
6.004756777741e-04,2.039143638742e+07,1.421121296583e+05,0.000000000000e+00,0.000000000000e+00,2.108657259083e-26
6.007800242910e-04,2.006166822377e+07,1.119687363505e+05,0.000000000000e+00,0.000000000000e+00,2.774591776678e-26
6.010843708079e-04,1.973459662409e+07,8.576582206851e+04,0.000000000000e+00,0.000000000000e+00,1.376473152971e-26
6.013887173247e-04,1.941022064595e+07,6.349020432223e+04,0.000000000000e+00,0.000000000000e+00,9.006183357162e-27
6.016930638416e-04,1.908853934722e+07,4.509853672058e+04,0.000000000000e+00,0.000000000000e+00,2.363351699377e-27
6.019974103585e-04,1.876955179198e+07,3.047959693991e+04,0.000000000000e+00,0.000000000000e+00,-1.953744520271e-27
6.023017568753e-04,1.845325705782e+07,1.940765102919e+04,0.000000000000e+00,0.000000000000e+00,-2.517402361787e-27
6.026061033922e-04,1.813965424420e+07,1.150898416606e+04,0.000000000000e+00,0.000000000000e+00,-1.541729220065e-27
6.029104499091e-04,1.782874248316e+07,6.266783600341e+03,0.000000000000e+00,0.000000000000e+00,-5.269428113760e-28
6.032147964259e-04,1.752052095066e+07,3.074049010544e+03,0.000000000000e+00,0.000000000000e+00,1.552466353767e-29
6.035191429428e-04,1.721498887991e+07,1.318559467029e+03,0.000000000000e+00,0.000000000000e+00,1.334635002213e-28
6.038234894597e-04,1.691214557353e+07,4.666366863424e+02,0.000000000000e+00,0.000000000000e+00,7.886181935124e-29
6.041278359765e-04,1.661199041553e+07,1.154462005429e+02,0.000000000000e+00,0.000000000000e+00,2.196706658888e-29
6.044321824934e-04,1.631452287972e+07,2.620999996050e+00,0.000000000000e+00,0.000000000000e+00,8.484501138389e-31
6.047365290103e-04,1.601974253510e+07,-1.754937166268e+01,0.000000000000e+00,0.000000000000e+00,-1.365909657591e-30
6.050408755271e-04,1.572764904571e+07,-1.216126820271e+01,0.000000000000e+00,0.000000000000e+00,-1.947820104236e-31
6.053452220440e-04,1.543824216570e+07,-5.073602850324e+00,0.000000000000e+00,0.000000000000e+00,1.571302153693e-31
6.056495685608e-04,1.515152172858e+07,-1.300986002713e+00,0.000000000000e+00,0.000000000000e+00,6.009165384056e-32
6.059539150777e-04,1.486748763192e+07,-3.389823478075e-02,0.000000000000e+00,0.000000000000e+00,-3.067837013347e-33
6.062582615946e-04,1.458613981843e+07,1.646399252074e-01,0.000000000000e+00,0.000000000000e+00,-5.172025177553e-33
6.065626081114e-04,1.430747825477e+07,9.614204445332e-02,0.000000000000e+00,0.000000000000e+00,-6.805048398052e-35
6.068669546283e-04,1.403150291038e+07,2.977932942376e-02,0.000000000000e+00,0.000000000000e+00,5.037681046567e-34
6.071713011452e-04,1.375821373776e+07,3.089433028528e-03,0.000000000000e+00,0.000000000000e+00,6.777897549642e-35
6.074756476620e-04,1.348761065649e+07,-2.174548613514e-03,0.000000000000e+00,0.000000000000e+00,-2.745776222713e-35
6.077799941789e-04,1.321969354171e+07,-1.440739392562e-03,0.000000000000e+00,0.000000000000e+00,-4.021379659562e-36
6.080843406958e-04,1.295446221895e+07,-4.270078786293e-04,0.000000000000e+00,0.000000000000e+00,2.683755887794e-36
6.083886872126e-04,1.269191646465e+07,-3.095164326915e-05,0.000000000000e+00,0.000000000000e+00,6.489339098837e-37
6.086930337295e-04,1.243205601304e+07,3.416060627126e-05,0.000000000000e+00,0.000000000000e+00,-8.469712037837e-38
6.089973802464e-04,1.217488056774e+07,1.837356367903e-05,0.000000000000e+00,0.000000000000e+00,-2.133232292256e-38
6.093017267632e-04,1.192038981762e+07,4.188209399331e-06,0.000000000000e+00,0.000000000000e+00,1.177038493875e-38
6.096060732801e-04,1.166858345460e+07,-1.789632791271e-07,0.000000000000e+00,0.000000000000e+00,3.223929428942e-39
6.099104197970e-04,1.141946119224e+07,-5.021373631504e-07,0.000000000000e+00,0.000000000000e+00,-2.527403933316e-40
6.102147663138e-04,1.117302278306e+07,-1.819840209543e-07,0.000000000000e+00,0.000000000000e+00,-8.125990374330e-41
6.105191128307e-04,1.092926803338e+07,-2.157121984880e-08,0.000000000000e+00,0.000000000000e+00,4.083431695244e-41
6.108234593475e-04,1.068819681423e+07,9.283372145975e-09,0.000000000000e+00,0.000000000000e+00,9.851992734206e-42
6.111278058644e-04,1.044980906793e+07,5.500523663454e-09,0.000000000000e+00,0.000000000000e+00,-1.277136051349e-42
6.114321523813e-04,1.021410480976e+07,1.154141311854e-09,0.000000000000e+00,0.000000000000e+00,-3.177391750216e-43
6.117364988981e-04,9.981084125026e+06,-8.518980639180e-11,0.000000000000e+00,0.000000000000e+00,1.024480062126e-43
6.120408454150e-04,9.750747162064e+06,-1.328935530191e-10,0.000000000000e+00,0.000000000000e+00,1.628472198047e-44
6.123451919319e-04,9.523094122037e+06,-3.848462217506e-11,0.000000000000e+00,0.000000000000e+00,-6.308176580401e-45
6.126495384487e-04,9.298125246565e+06,-1.628592914005e-12,0.000000000000e+00,0.000000000000e+00,-1.035226437987e-45
6.129538849656e-04,9.075840804476e+06,2.714832553164e-12,0.000000000000e+00,0.000000000000e+00,2.075684476190e-46
6.132582314825e-04,8.856241078682e+06,1.026680319577e-12,0.000000000000e+00,0.000000000000e+00,5.242116756504e-48
6.135625779993e-04,8.639326354316e+06,1.088838833095e-13,0.000000000000e+00,0.000000000000e+00,-1.973981605958e-47
6.138669245162e-04,8.425096909001e+06,-4.829293069735e-14,0.000000000000e+00,0.000000000000e+00,-1.728240786478e-48
6.141712710331e-04,8.213553005500e+06,-2.376879194540e-14,0.000000000000e+00,0.000000000000e+00,5.260967565032e-49
6.144756175499e-04,8.004694887590e+06,-3.539658847734e-15,0.000000000000e+00,0.000000000000e+00,-2.535717930709e-50
6.147799640668e-04,7.798522778274e+06,7.616696128333e-16,0.000000000000e+00,0.000000000000e+00,-3.558743298016e-50
6.150843105837e-04,7.595036881040e+06,4.977076760361e-16,0.000000000000e+00,0.000000000000e+00,1.154382411399e-51
6.153886571005e-04,7.394237382546e+06,8.965562084837e-17,0.000000000000e+00,0.000000000000e+00,1.485435041758e-51
6.156930036174e-04,7.196124457195e+06,-1.081494271778e-17,0.000000000000e+00,0.000000000000e+00,-5.700759751955e-53
6.159973501342e-04,7.000698271856e+06,-9.672689971222e-18,0.000000000000e+00,0.000000000000e+00,-3.580228712635e-53
6.163016966511e-04,6.807958991099e+06,-1.961340669912e-18,0.000000000000e+00,0.000000000000e+00,1.106049477254e-53
6.166060431680e-04,6.617906781623e+06,1.415818182798e-19,0.000000000000e+00,0.000000000000e+00,2.578584778140e-54
6.169103896848e-04,6.430541816266e+06,1.775681428461e-19,0.000000000000e+00,0.000000000000e+00,-2.389384569824e-55
6.172147362017e-04,6.245864277158e+06,3.865146558537e-20,0.000000000000e+00,0.000000000000e+00,-2.876383941113e-56
6.175190827186e-04,6.063874358454e+06,-1.803500064102e-21,0.000000000000e+00,0.000000000000e+00,2.075219997920e-56
6.178234292354e-04,5.884572269026e+06,-3.116414253206e-21,0.000000000000e+00,0.000000000000e+00,1.129178877968e-57
6.181277757523e-04,5.707958235530e+06,-7.010553496460e-22,0.000000000000e+00,0.000000000000e+00,-8.394506666103e-58
6.184321222692e-04,5.534032506615e+06,2.484417904232e-23,0.000000000000e+00,0.000000000000e+00,-2.930655118195e-59
6.187364687860e-04,5.362795358363e+06,5.268928055785e-23,0.000000000000e+00,0.000000000000e+00,2.039372077518e-59
6.190408153029e-04,5.194247101491e+06,1.184252429472e-23,0.000000000000e+00,0.000000000000e+00,-3.640171110736e-60
6.193451618198e-04,5.028388089811e+06,-4.120348520223e-25,0.000000000000e+00,0.000000000000e+00,-1.337289270930e-60
6.196495083366e-04,4.865218729735e+06,-8.615026750126e-25,0.000000000000e+00,0.000000000000e+00,6.361342609191e-62
6.199538548535e-04,4.704739489674e+06,-1.874589907931e-25,0.000000000000e+00,0.000000000000e+00,2.080925774435e-62
6.202582013704e-04,4.546950908363e+06,8.091029277278e-27,0.000000000000e+00,0.000000000000e+00,-6.658600668312e-63
6.205625478872e-04,4.391853600527e+06,1.363486148045e-26,0.000000000000e+00,0.000000000000e+00,-5.439179338666e-64
6.208668944041e-04,4.239448258791e+06,2.786471234689e-27,0.000000000000e+00,0.000000000000e+00,3.097118574066e-64
6.211712409209e-04,4.089735650347e+06,-1.680932048270e-28,0.000000000000e+00,0.000000000000e+00,2.088696558452e-65
6.214755874378e-04,3.942716607990e+06,-2.086173420336e-28,0.000000000000e+00,0.000000000000e+00,-6.180215936981e-66
6.217799339547e-04,3.798392014854e+06,-3.884059592965e-29,0.000000000000e+00,0.000000000000e+00,9.840454101315e-67
6.220842804715e-04,3.656762783738e+06,3.393859095038e-30,0.000000000000e+00,0.000000000000e+00,3.917131351646e-67
6.223886269884e-04,3.517829831680e+06,3.077419014574e-30,0.000000000000e+00,0.000000000000e+00,-2.122549260619e-68
6.226929735053e-04,3.381594051956e+06,5.050072444808e-31,0.000000000000e+00,0.000000000000e+00,-7.343154975249e-69
6.229973200221e-04,3.248056285336e+06,-6.433884936528e-32,0.000000000000e+00,0.000000000000e+00,1.429296051056e-69
6.233016665390e-04,3.117217293474e+06,-4.361356207255e-32,0.000000000000e+00,0.000000000000e+00,7.627270071116e-71
6.236060130559e-04,2.989077736677e+06,-6.057277168782e-33,0.000000000000e+00,0.000000000000e+00,-8.433819893962e-71
6.239103595727e-04,2.863638158554e+06,1.135483116071e-33,0.000000000000e+00,0.000000000000e+00,-5.106439375916e-72
6.242147060896e-04,2.740898979183e+06,5.913828683680e-34,0.000000000000e+00,0.000000000000e+00,1.390499017422e-72
6.245190526065e-04,2.620860497894e+06,6.555177254482e-35,0.000000000000e+00,0.000000000000e+00,-2.182495309447e-73
6.248233991233e-04,2.503522905865e+06,-1.866613051370e-35,0.000000000000e+00,0.000000000000e+00,-6.911900839333e-74
6.251277456402e-04,2.388886307656e+06,-7.636104640321e-36,0.000000000000e+00,0.000000000000e+00,8.023058832094e-75
6.254320921571e-04,2.276950750254e+06,-6.086826581620e-37,0.000000000000e+00,0.000000000000e+00,1.690645223763e-75
6.257364386739e-04,2.167716257017e+06,2.866155399843e-37,0.000000000000e+00,0.000000000000e+00,-2.306349879025e-76
6.260407851908e-04,2.061182863882e+06,9.335181021876e-38,0.000000000000e+00,0.000000000000e+00,6.272105019157e-78
6.263451317076e-04,1.957350654454e+06,4.148198693061e-39,0.000000000000e+00,0.000000000000e+00,1.607435815084e-77
6.266494782245e-04,1.856219791101e+06,-4.121404717530e-39,0.000000000000e+00,0.000000000000e+00,3.439831905422e-79
6.269538247414e-04,1.757790539081e+06,-1.072131162760e-39,0.000000000000e+00,0.000000000000e+00,-2.710260921663e-79
6.272581712582e-04,1.662063281667e+06,-2.933371802963e-42,0.000000000000e+00,0.000000000000e+00,3.503797290222e-80
6.275625177751e-04,1.569038524701e+06,5.558829502741e-41,0.000000000000e+00,0.000000000000e+00,6.460577374283e-81
6.278668642920e-04,1.478716890132e+06,1.143253788362e-41,0.000000000000e+00,0.000000000000e+00,-2.054575444345e-81
6.281712108088e-04,1.391099098754e+06,-5.726759382826e-43,0.000000000000e+00,0.000000000000e+00,-2.371895177554e-82
6.284755573257e-04,1.306185943377e+06,-7.034122851033e-43,0.000000000000e+00,0.000000000000e+00,3.374472550802e-83
6.287799038426e-04,1.223978254103e+06,-1.109079194035e-43,0.000000000000e+00,0.000000000000e+00,-3.535001485778e-84
6.290842503594e-04,1.144476857945e+06,1.382111862877e-44,0.000000000000e+00,0.000000000000e+00,-1.919537007959e-84
6.293885968763e-04,1.067682534909e+06,8.337987615490e-45,0.000000000000e+00,0.000000000000e+00,1.130179569289e-85
6.296929433932e-04,9.935959725571e+05,9.384905618580e-46,0.000000000000e+00,0.000000000000e+00,4.176724582032e-86
6.299972899100e-04,9.222177201315e+05,-2.345461665775e-46,0.000000000000e+00,0.000000000000e+00,-4.223982459901e-87
6.303016364269e-04,8.535481425521e+05,-9.221826652275e-47,0.000000000000e+00,0.000000000000e+00,-7.562774886217e-89
6.306059829438e-04,7.875873728589e+05,-6.164865579223e-48,0.000000000000e+00,0.000000000000e+00,3.117236978796e-88
6.309103294606e-04,7.243352602479e+05,3.362775253078e-48,0.000000000000e+00,0.000000000000e+00,1.224673668300e-89
6.312146759775e-04,6.637913086904e+05,9.442215110650e-49,0.000000000000e+00,0.000000000000e+00,-4.891890685065e-90
6.315190224943e-04,6.059545992576e+05,1.522739274717e-50,0.000000000000e+00,0.000000000000e+00,5.343900877320e-91
6.318233690112e-04,5.508236871434e+05,-4.297182166026e-50,0.000000000000e+00,0.000000000000e+00,1.146736370547e-91
6.321277155281e-04,4.983964625917e+05,-8.816515704973e-51,0.000000000000e+00,0.000000000000e+00,-3.239691983022e-92
6.324320620449e-04,4.486699632943e+05,4.167010215701e-52,0.000000000000e+00,0.000000000000e+00,-3.898311323600e-93
6.327364085618e-04,4.016401247984e+05,4.996222664508e-52,0.000000000000e+00,0.000000000000e+00,4.872655888182e-94
6.330407550787e-04,3.573014548640e+05,7.276438322140e-53,0.000000000000e+00,0.000000000000e+00,-5.081597056726e-95
6.333451015955e-04,3.156466180975e+05,-1.026893210119e-53,0.000000000000e+00,0.000000000000e+00,-2.598106715363e-95
6.336494481124e-04,2.766659182809e+05,-5.321604733762e-54,0.000000000000e+00,0.000000000000e+00,1.769706833156e-96
6.339537946293e-04,2.403466682216e+05,-4.904061735351e-55,0.000000000000e+00,0.000000000000e+00,5.491188523660e-97
6.342581411461e-04,2.066724403841e+05,1.597608737391e-55,0.000000000000e+00,0.000000000000e+00,-5.184633204186e-98
6.345624876630e-04,1.756221965544e+05,5.180733898155e-56,0.000000000000e+00,0.000000000000e+00,8.627399713218e-100
6.348668341799e-04,1.471693010672e+05,1.937326278647e-57,0.000000000000e+00,0.000000000000e+00,3.696812087224e-99
6.351711806967e-04,1.212804300345e+05,-2.045443941151e-57,0.000000000000e+00,0.000000000000e+00,7.588059547469e-101
6.354755272136e-04,9.791439825499e+04,-4.551745630119e-58,0.000000000000e+00,0.000000000000e+00,-5.552277681564e-101
6.357798737305e-04,7.702093602864e+04,1.260822570316e-59,0.000000000000e+00,0.000000000000e+00,6.097570983420e-102
6.360842202473e-04,5.853945950058e+04,2.301075596235e-59,0.000000000000e+00,0.000000000000e+00,8.125585654875e-103
6.363885667642e-04,4.239788991624e+04,3.494613640150e-60,0.000000000000e+00,0.000000000000e+00,-3.729197883634e-103
6.366929132810e-04,2.851158846362e+04,-4.265492519671e-61,0.000000000000e+00,0.000000000000e+00,-3.100195152452e-104
6.369972597979e-04,1.678248323843e+04,-2.324236419811e-61,0.000000000000e+00,0.000000000000e+00,4.863271068061e-105
6.373016063148e-04,7.098472085934e+03,-2.144202556469e-62,0.000000000000e+00,0.000000000000e+00,-6.401222145719e-106
6.376059528316e-04,-6.668116781035e+02,6.671325591426e-63,0.000000000000e+00,0.000000000000e+00,-1.918110869545e-106
6.379102993485e-04,-6.653785714899e+03,2.112898352132e-63,0.000000000000e+00,0.000000000000e+00,2.561813889396e-107
6.382146458654e-04,-1.101618090699e+04,6.859737479932e-65,0.000000000000e+00,0.000000000000e+00,4.245107850676e-108
6.385189923822e-04,-1.391971905040e+04,-8.172594329682e-65,0.000000000000e+00,0.000000000000e+00,-4.535975155423e-109
6.388233388991e-04,-1.554016956260e+04,-1.704109010714e-65,0.000000000000e+00,0.000000000000e+00,4.425030024271e-110
6.391276854160e-04,-1.606078034673e+04,6.800802252150e-67,0.000000000000e+00,0.000000000000e+00,2.737407742054e-110
6.394320319328e-04,-1.566911616435e+04,8.621845562347e-67,0.000000000000e+00,0.000000000000e+00,-7.531971484497e-112
6.397363784497e-04,-1.455338078554e+04,1.166166992331e-67,0.000000000000e+00,0.000000000000e+00,-4.092110739513e-112
6.400407249666e-04,-1.289834402253e+04,-1.778388816723e-68,0.000000000000e+00,0.000000000000e+00,4.926672830865e-113
6.403450714834e-04,-1.088103792740e+04,-8.052747944746e-69,0.000000000000e+00,0.000000000000e+00,2.848711064397e-115
6.406494180003e-04,-8.666423872053e+03,-5.841699136586e-70,0.000000000000e+00,0.000000000000e+00,-2.888410919519e-114
6.409537645172e-04,-6.403259635294e+03,2.490078389733e-70,0.000000000000e+00,0.000000000000e+00,-8.609692694681e-116
6.412581110340e-04,-4.220408995182e+03,6.662672951528e-71,0.000000000000e+00,0.000000000000e+00,3.316724344790e-116
6.415624575509e-04,-2.223832379573e+03,4.268174386531e-73,0.000000000000e+00,0.000000000000e+00,-5.407605262628e-117
6.418668040678e-04,-4.944738318154e+02,-2.771113052546e-72,0.000000000000e+00,0.000000000000e+00,-6.311030225428e-118
6.421711505846e-04,9.127834914898e+02,-4.761368014509e-73,0.000000000000e+00,0.000000000000e+00,2.347163147548e-118
6.424754971015e-04,1.968982299556e+03,3.901677457916e-74,0.000000000000e+00,0.000000000000e+00,1.718375825696e-119
6.427798436183e-04,2.669741450705e+03,2.652980680798e-74,0.000000000000e+00,0.000000000000e+00,-2.701905515293e-120
6.430841901352e-04,3.032741271475e+03,2.700489472530e-75,0.000000000000e+00,0.000000000000e+00,5.051732942743e-121
6.433885366521e-04,3.094180596720e+03,-6.735274991839e-76,0.000000000000e+00,0.000000000000e+00,1.127114903641e-121
6.436928831689e-04,2.904423262768e+03,-2.227377063678e-76,0.000000000000e+00,0.000000000000e+00,-1.423312512995e-122
6.439972296858e-04,2.523118848061e+03,-8.023780458559e-78,0.000000000000e+00,0.000000000000e+00,-1.785152970211e-123
6.443015762027e-04,2.014128227394e+03,7.976290700804e-78,0.000000000000e+00,0.000000000000e+00,2.575991326273e-124
6.446059227195e-04,1.440603356626e+03,1.620269555627e-78,0.000000000000e+00,0.000000000000e+00,-3.466516510631e-125
6.449102692364e-04,8.605594504814e+02,-6.953589521662e-80,0.000000000000e+00,0.000000000000e+00,-1.337260355440e-125
6.452146157533e-04,3.232361767892e+02,-7.805755388189e-80,0.000000000000e+00,0.000000000000e+00,5.280904450244e-127
6.455189622701e-04,-1.335242949290e+02,-9.627336216437e-81,0.000000000000e+00,0.000000000000e+00,1.411968191274e-127
6.458233087870e-04,-4.847444740038e+02,1.669007241027e-81,0.000000000000e+00,0.000000000000e+00,-2.742698805394e-128
6.461276553039e-04,-7.185884698894e+02,6.598905847818e-82,0.000000000000e+00,0.000000000000e+00,1.069124630483e-129
6.464320018207e-04,-8.355178417252e+02,3.657034632424e-83,0.000000000000e+00,0.000000000000e+00,1.235120280340e-129
6.467363483376e-04,-8.464917418753e+02,-2.109270324990e-83,0.000000000000e+00,0.000000000000e+00,6.165635862792e-132
6.470406948545e-04,-7.704544257466e+02,-4.816223509965e-84,0.000000000000e+00,0.000000000000e+00,-1.005736587820e-131
6.473450413713e-04,-6.314044405793e+02,9.634247326973e-86,0.000000000000e+00,0.000000000000e+00,2.797657309880e-132
6.476493878882e-04,-4.553595631626e+02,2.098216411256e-85,0.000000000000e+00,0.000000000000e+00,1.274457185818e-133
6.479537344050e-04,-2.675184349076e+02,2.899088375670e-86,0.000000000000e+00,0.000000000000e+00,-9.290971838502e-134
6.482580809219e-04,-8.987625809382e+01,-3.908265085187e-87,0.000000000000e+00,0.000000000000e+00,-2.939101158644e-135
6.485624274388e-04,6.051620150332e+01,-1.772502669962e-87,0.000000000000e+00,0.000000000000e+00,7.885082231276e-136
6.488667739556e-04,1.725450309901e+02,-1.192412088609e-88,0.000000000000e+00,0.000000000000e+00,-2.480518005175e-136
6.491711204725e-04,2.412612389923e+02,5.227268202467e-89,0.000000000000e+00,0.000000000000e+00,-2.825585095287e-137
6.494754669894e-04,2.674131401710e+02,1.284038000183e-89,0.000000000000e+00,0.000000000000e+00,5.742082669568e-138
6.497798135062e-04,2.564215146301e+02,-9.456558607545e-92,0.000000000000e+00,0.000000000000e+00,2.808676235114e-139
6.500841600231e-04,2.169838568152e+02,-5.236419850904e-91,0.000000000000e+00,0.000000000000e+00,-7.588592502588e-140
6.503885065400e-04,1.595157563524e+02,-7.673976752549e-92,0.000000000000e+00,0.000000000000e+00,1.812953281501e-140
6.506928530568e-04,9.463240010211e+01,8.897871136257e-93,0.000000000000e+00,0.000000000000e+00,3.324397614508e-141
6.509971995737e-04,3.184415078853e+01,4.382963227526e-93,0.000000000000e+00,0.000000000000e+00,-2.878068084387e-142
6.513015460906e-04,-2.140715761840e+01,3.194893414533e-94,0.000000000000e+00,0.000000000000e+00,-1.780467975523e-143
6.516058926074e-04,-6.030250002583e+01,-1.231508820363e-94,0.000000000000e+00,0.000000000000e+00,7.965374740205e-144
6.519102391243e-04,-8.278189389387e+01,-3.121269292125e-95,0.000000000000e+00,0.000000000000e+00,-1.011734515465e-144
6.522145856412e-04,-8.930815575850e+01,7.320586529551e-98,0.000000000000e+00,0.000000000000e+00,-2.974828730782e-145
6.525189321580e-04,-8.234549979226e+01,1.226675675940e-96,0.000000000000e+00,0.000000000000e+00,1.145053480958e-146
6.528232786749e-04,-6.566536097114e+01,1.823809086093e-97,0.000000000000e+00,0.000000000000e+00,9.387009615139e-148
6.531276251917e-04,-4.359867065793e+01,-2.009071408358e-98,0.000000000000e+00,0.000000000000e+00,-7.874854025023e-148
6.534319717086e-04,-2.034360605346e+01,-1.007916825454e-98,0.000000000000e+00,0.000000000000e+00,3.159605414309e-149
6.537363182255e-04,5.859706704807e-01,-7.365168155971e-100,0.000000000000e+00,0.000000000000e+00,2.201123894713e-149
6.540406647423e-04,1.671855387371e+01,2.781770371964e-100,0.000000000000e+00,0.000000000000e+00,-3.930825023132e-151
6.543450112592e-04,2.677196085987e+01,6.990169479268e-101,0.000000000000e+00,0.000000000000e+00,-6.419299126397e-152
6.546493577761e-04,3.060437709404e+01,-2.528034782080e-103,0.000000000000e+00,0.000000000000e+00,6.883905460523e-152
6.549537042929e-04,2.901035898628e+01,-2.715632822706e-102,0.000000000000e+00,0.000000000000e+00,1.363645640954e-153
6.552580508098e-04,2.341857908517e+01,-3.937638509288e-103,0.000000000000e+00,0.000000000000e+00,-1.393288157592e-153
6.555623973267e-04,1.555318947366e+01,4.524971009882e-104,0.000000000000e+00,0.000000000000e+00,2.168877449434e-155
6.558667438435e-04,7.115733039962e+00,2.169401598257e-104,0.000000000000e+00,0.000000000000e+00,7.450236275505e-156
6.561710903604e-04,-4.682352162483e-01,1.484055904054e-105,0.000000000000e+00,0.000000000000e+00,-5.223982282072e-156
6.564754368773e-04,-6.211117911814e+00,-6.043734184176e-106,0.000000000000e+00,0.000000000000e+00,-3.339389205448e-157
6.567797833941e-04,-9.625872447085e+00,-1.451383047514e-106,0.000000000000e+00,0.000000000000e+00,7.737599487921e-158
6.570841299110e-04,-1.069814441441e+01,1.529885736080e-108,0.000000000000e+00,0.000000000000e+00,-2.450161938215e-159
6.573884764279e-04,-9.789475668212e+00,5.700920455489e-108,0.000000000000e+00,0.000000000000e+00,-9.503371954715e-160
6.576928229447e-04,-7.500170491967e+00,7.766526321715e-109,0.000000000000e+00,0.000000000000e+00,3.407540161638e-160
6.579971694616e-04,-4.521633546891e+00,-1.008899658619e-109,0.000000000000e+00,0.000000000000e+00,3.480059671032e-161
6.583015159784e-04,-1.504168024896e+00,-4.385990682841e-110,0.000000000000e+00,0.000000000000e+00,-3.949045701470e-162
6.586058624953e-04,1.041181911615e+00,-2.604467510709e-111,0.000000000000e+00,0.000000000000e+00,2.669386840011e-163
6.589102090122e-04,2.797306146253e+00,1.261877703365e-111,0.000000000000e+00,0.000000000000e+00,1.045971645417e-163
6.592145555290e-04,3.651838225560e+00,2.802778471087e-112,0.000000000000e+00,0.000000000000e+00,-1.871013586957e-164
6.595189020459e-04,3.671167836548e+00,-6.444707646190e-114,0.000000000000e+00,0.000000000000e+00,-2.710979345024e-165
6.598232485628e-04,3.049585934600e+00,-1.135998117563e-113,0.000000000000e+00,0.000000000000e+00,2.066482286424e-166
6.601275950796e-04,2.047393586244e+00,-1.400057637634e-114,0.000000000000e+00,0.000000000000e+00,-2.232456404962e-167
6.604319415965e-04,9.309549232976e-01,2.195412759624e-115,0.000000000000e+00,0.000000000000e+00,-9.725784721405e-168
6.607362881134e-04,-7.527360303586e-02,8.341061296817e-116,0.000000000000e+00,0.000000000000e+00,8.152482731961e-169
6.610406346302e-04,-8.188422022762e-01,3.863692393207e-117,0.000000000000e+00,0.000000000000e+00,1.751206051137e-169
6.613449811471e-04,-1.230007313422e+00,-2.523972928577e-117,0.000000000000e+00,0.000000000000e+00,-1.296088802883e-170
6.616493276640e-04,-1.315278223542e+00,-5.036284456053e-118,0.000000000000e+00,0.000000000000e+00,1.370084972721e-171
6.619536741808e-04,-1.138671833079e+00,2.086345326301e-119,0.000000000000e+00,0.000000000000e+00,7.783628324572e-172
6.622580206977e-04,-7.967424494915e-01,2.147258414437e-119,0.000000000000e+00,0.000000000000e+00,-2.255722221549e-173
6.625623672146e-04,-3.933062896444e-01,2.294093513598e-120,0.000000000000e+00,0.000000000000e+00,-9.788586746825e-174
6.628667137314e-04,-1.857522363984e-02,-4.597976386465e-121,0.000000000000e+00,0.000000000000e+00,9.977352421889e-175
6.631710602483e-04,2.644138308242e-01,-1.491622767597e-121,0.000000000000e+00,0.000000000000e+00,-4.986580768852e-176
6.634754067651e-04,4.251715098855e-01,-4.370891689251e-123,0.000000000000e+00,0.000000000000e+00,-5.453245347210e-176
6.637797532820e-04,4.637634978831e-01,4.817080568752e-123,0.000000000000e+00,0.000000000000e+00,-2.696649685771e-178
6.640840997989e-04,4.034949549039e-01,8.401190476912e-124,0.000000000000e+00,0.000000000000e+00,4.930070915562e-178
6.643884463157e-04,2.808755964194e-01,-5.642327232701e-125,0.000000000000e+00,0.000000000000e+00,-8.178326619342e-179
6.646927928326e-04,1.354109242221e-01,-3.843479799405e-125,0.000000000000e+00,0.000000000000e+00,-1.140449204265e-180
6.649971393495e-04,1.228798348235e-03,-3.366121312184e-126,0.000000000000e+00,0.000000000000e+00,3.379636146532e-180
6.653014858663e-04,-9.825819836188e-02,9.172832523815e-127,0.000000000000e+00,0.000000000000e+00,8.917744073785e-182
6.656058323832e-04,-1.523189890935e-01,2.503506555260e-127,0.000000000000e+00,0.000000000000e+00,-2.426470478845e-182
6.659101789001e-04,-1.619020233451e-01,2.000328097128e-129,0.000000000000e+00,0.000000000000e+00,6.332371556599e-183
6.662145254169e-04,-1.365623232449e-01,-8.738289022118e-129,0.000000000000e+00,0.000000000000e+00,4.092245227590e-184
6.665188719338e-04,-9.041931941213e-02,-1.293316288964e-129,0.000000000000e+00,0.000000000000e+00,-1.861677216247e-184
6.668232184507e-04,-3.818513203816e-02,1.333825328570e-130,0.000000000000e+00,0.000000000000e+00,-7.207509604719e-186
6.671275649675e-04,7.954120407573e-03,6.498732885673e-131,0.000000000000e+00,0.000000000000e+00,1.350172462796e-186
6.674319114844e-04,4.017784623367e-02,4.267780741013e-132,0.000000000000e+00,0.000000000000e+00,-4.408568029706e-187
6.677362580013e-04,5.552611506660e-02,-1.731728080832e-132,0.000000000000e+00,0.000000000000e+00,-4.612799546101e-188
